Product Name,Brand,Rating,Reviews,Price,Primary Category,Secondary Category
Fragrance Discovery Set,19-69,3.6364,11,35,Fragrance,Value & Gift Sets
La Habana Eau de Parfum,19-69,4.1538,13,195,Fragrance,Women
Rainbow Bar Eau de Parfum,19-69,4.25,16,195,Fragrance,Women
Kasbah Eau de Parfum,19-69,4.4762,21,195,Fragrance,Women
Purple Haze Eau de Parfum,19-69,3.2308,13,195,Fragrance,Women
Kasbah Eau de Parfum Travel Spray,19-69,4.4762,21,30,Fragrance,Women
Purple Haze Eau de Parfum Travel Spray,19-69,3.2308,13,30,Fragrance,Women
Invisible Post Eau de Parfum,19-69,3.625,8,195,Fragrance,Women
Capri Eau de Parfum,19-69,3.5714,7,195,Fragrance,Women
Invisible Post Eau de Parfum Travel Spray,19-69,3.625,8,30,Fragrance,Women
Rainbow Bar Eau de Parfum Travel Spray,19-69,4.25,16,30,Fragrance,Women
Capri Eau de Parfum Travel Spray,19-69,3.5714,7,30,Fragrance,Women
L'air Barbes Eau de Parfum,19-69,3,4,195,Fragrance,Women
L'air Barbes Eau de Parfum Travel Spray,19-69,3,4,30,Fragrance,Women
AFRICAN Beauty Butter- Intensive Dry Skin Treatment,54 Thrones,4.3256,258,38,Bath & Body,Body Moisturizers
African Beauty Butter Mini Gift Set,54 Thrones,3.561,41,29,Bath & Body,Value & Gift Sets
African Beauty Butter Collection Deluxe Tin,54 Thrones,4.2273,22,80,Bath & Body,Value & Gift Sets
Mini AFRICAN Beauty Butter- Intensive Dry Skin Treatment,54 Thrones,4.5175,143,12,Bath & Body,Body Moisturizers
ABBOTT Sampler Set,ABBOTT,4.8163,49,26,Fragrance,Value & Gift Sets
The Cape Perfume,ABBOTT,4.6111,18,84,Fragrance,Women
Crescent Beach Perfume Travel Spray,ABBOTT,4.7778,9,29,Fragrance,Women
Crescent Beach Perfume,ABBOTT,4.5882,17,84,Fragrance,Women
Seqouia Eau de Parfum Travel Spray,ABBOTT,4.1667,6,29,Fragrance,Women
Sequoia Perfume,ABBOTT,4.619,21,84,Fragrance,Women
Mojave Perfume Travel Spray,ABBOTT,4.7143,7,29,Fragrance,Women
The Cape Perfume Travel Spray,ABBOTT,3.8333,6,29,Fragrance,Women
Big Sky Eau de Parfum Travel Spray,ABBOTT,4.25,4,28,Fragrance,Women
Big Sky Eau de Parfum,ABBOTT,4.625,8,84,Fragrance,Women
Montecito Perfume Travel Spray,ABBOTT,3.7143,7,29,Fragrance,Women
Montecito Perfume,ABBOTT,4.1111,9,84,Fragrance,Women
Mojave Perfume,ABBOTT,4.0909,11,84,Fragrance,Women
Blu Mediterraneo Mini Eau de Toilette Set,Acqua di Parma,3.3333,12,77,Mini Size,Fragrance
Mirto di Panarea,Acqua di Parma,4.4359,39,84,Fragrance,Women
Arancia di Capri,Acqua di Parma,3.9459,37,84,Fragrance,Women
Colonia,Acqua di Parma,4.2125,80,181,Fragrance,Men
Magnolia Nobile,Acqua di Parma,4.2791,43,210,Fragrance,Women
Yuzu Eau de Parfum,Acqua di Parma,4.6667,6,135,Fragrance,Women
Oud Eau de Parfum,Acqua di Parma,4.2632,19,295,Fragrance,Men
Colonia Essenza,Acqua di Parma,4.5333,15,130,Fragrance,Men
Buongiorno Diffuser,Acqua di Parma,4.625,8,112,Fragrance,Candles & Home Scents
Colonia Alcohol-Free Deodorant,Acqua di Parma,3.2,10,55,Bath & Body,Body Care
Colonia Pura,Acqua di Parma,4.5714,7,130,Fragrance,Women
Arancia di Capri Candle,Acqua di Parma,,,82,Fragrance,Candles & Home Scents
Fico di Amalfi Candle,Acqua di Parma,4,2,82,Fragrance,Candles & Home Scents
Aperitivo In Terrazza Diffuser,Acqua di Parma,5,1,112,Fragrance,Candles & Home Scents
Luce di Colonia Diffuser,Acqua di Parma,2.6667,3,112,Fragrance,Candles & Home Scents
Baomint Deep Conditioning Treatment,adwoa beauty,4.5273,311,39,Hair,Hair Styling & Treatments
Blue Tansy Reparative Mask,adwoa beauty,4.7581,492,40,Hair,Hair Styling & Treatments
Baomint Leave In Conditioning Styler,adwoa beauty,4.3472,144,26,Hair,Hair Styling & Treatments
Blue Tansy Leave in Conditioning Styler,adwoa beauty,4.5762,210,26,Hair,Hair Styling & Treatments
Baomint Moisturizing Shampoo,adwoa beauty,4.1324,136,24,Hair,Shampoo & Conditioner
Blue Tansy Clarifying Gel Shampoo,adwoa beauty,4.3109,193,25,Hair,Shampoo & Conditioner
Melonberry Hair Milk Leave-In Conditioner,adwoa beauty,4.3826,1265,24,Hair,Hair Styling & Treatments
Baomint Protect + Shine Oil Blend,adwoa beauty,4.5359,237,24,Hair,Hair Styling & Treatments
Baomint Moisturizing Curl Defining Cream,adwoa beauty,4.5635,252,32,Hair,Hair Styling & Treatments
Blue Tansy Treatment Serum,adwoa beauty,4.6465,215,36,Hair,Hair Styling & Treatments
Baomint Moisturizing Curl Defining Gel,adwoa beauty,4.4188,234,32,Hair,Hair Styling & Treatments
Blue Tansy Reparative Conditioner,adwoa beauty,4.3495,186,25,Hair,Shampoo & Conditioner
Mini Baomint Deep Conditioning Treatment,adwoa beauty,4.2,5,15,Hair,Mini Size
Mini Baomint Deluxe Travel Kit,adwoa beauty,4.7283,173,56,Hair,Value & Gift Sets
Mini Baomint Moisturizing Curl Defining Gel,adwoa beauty,,,14,Hair,Mini Size
Mini Baomint Moisturizing Curl Defining Cream,adwoa beauty,,,14,Hair,Mini Size
Mini Baomint Leave-In Conditioning Styler,adwoa beauty,,,13,Hair,Mini Size
Mini Baomint Moisturizing Shampoo,adwoa beauty,,,12,Hair,Mini Size
Mini Baomint Protect + Shine Oil Blend,adwoa beauty,,,11,Hair,Mini Size
Rose Lip Conditioner,AERIN,4.26,527,35,Makeup,Lip
Mediterranean Honeysuckle,AERIN,4.2158,139,145,Fragrance,Women
Mediterranean Honeysuckle Eau de Parfum Travel Spray,AERIN,4.2,50,35,Fragrance,Women
Amber Musk,AERIN,4.3833,120,145,Fragrance,Women
Amber Musk Eau de Parfum Travel Spray,AERIN,4.1875,48,35,Mini Size,Fragrance
Hibiscus Palm Eau de Parfum,AERIN,4.3333,60,145,Fragrance,Women
Ikat Jasmine,AERIN,4.3385,65,200,Fragrance,Women
Lilac Path,AERIN,4.2875,80,145,Fragrance,Women
Waterlily Sun,AERIN,4.3529,51,145,Fragrance,Women
Rose De Grasse,AERIN,4.5278,36,260,Fragrance,Women
Ikat Jasmine Travel Spray,AERIN,4,13,35,Fragrance,Women
Wild Geranium Travel Spray,AERIN,4.3333,21,35,Fragrance,Women
Tangier Vanille,AERIN,3.6923,39,145,Fragrance,Women
Hibiscus Palm Eau de Parfum Travel Spray,AERIN,4.0714,14,35,Fragrance,Women
Mediterranean Honeysuckle Mimosa Eau de Parfum,AERIN,3.2,10,135,Fragrance,Women
Wild Geranium,AERIN,4.6667,24,145,Fragrance,Women
Mini Aegea Blossom Eau de Parfum Travel Spray,AERIN,3.7059,17,35,Fragrance,Women
Aegea Blossom Eau de Parfum,AERIN,4.3529,17,145,Fragrance,Women
Cedar Violet Eau de Parfum Travel Spray,AERIN,3.3571,14,35,Fragrance,Women
Perfume Sampler Discovery Set,AERIN,,,25,Fragrance,Value & Gift Sets
Cedar Violet Eau de Parfum,AERIN,3.3571,14,145,Fragrance,Women
Mediterranean Honeysuckle Clementina,AERIN,3.5,4,145,Fragrance,Women
Rose De Grasse Pour Filles Eau de Parfum,AERIN,2,1,100,Fragrance,Women
Mediterranean Honeysuckle Mimosa Eau de Parfum Travel Spray,AERIN,,,30,Fragrance,Women
GENIUS Sleeping Collagen Moisturizer,Algenist,4.5413,1321,98,Skincare,Moisturizers
GENIUS Liquid Collagen Serum,Algenist,4.0259,1159,115,Skincare,Treatments
Triple Algae Eye Renewal Balm Eye Cream,Algenist,4.5306,1142,68,Skincare,Eye Care
GENIUS Liquid Collagen Lip Treatment,Algenist,3.8721,649,29,Skincare,Lip Balms & Treatments
SUBLIME DEFENSE Ultra Lightweight UV Defense Fluid SPF 50,Algenist,4.4134,508,28,Skincare,Sunscreen
GENIUS Ultimate Anti-Aging Cream,Algenist,4.2525,503,112,Skincare,Moisturizers
GENIUS Ultimate Anti-Aging Melting Cleanser,Algenist,4.0569,334,38,Skincare,Cleansers
Gentle Rejuvenating Cleanser,Algenist,4.2689,264,28,Skincare,Cleansers
10 Day Results Kit,Algenist,4.8023,258,88,Skincare,Value & Gift Sets
Advanced Anti-Aging Repairing Oil,Algenist,4.4531,245,82,Skincare,Moisturizers
Overnight Restorative Cream,Algenist,4.3808,239,94,Skincare,Moisturizers
GENIUS Ultimate Anti-Aging Vitamin C+ Serum,Algenist,3.9825,229,118,Skincare,Treatments
Regenerative Anti-Aging Moisturizer,Algenist,4.2715,221,94,Skincare,Moisturizers
Blue Algae Vitamin C Skinclarity Brightening Serum,Algenist,4.6087,207,72,Skincare,Treatments
POWER Recharging Night Pressed Serum,Algenist,4.3854,205,95,Skincare,Treatments
Algae Niacinamide Moisture Veil,Algenist,4.6982,169,65,Skincare,Moisturizers
GENIUS Liquid Skin Resurfacing 2% BHA Toner,Algenist,4.7939,165,40,Skincare,Cleansers
GENIUS Collagen Calming Relief,Algenist,4.464,125,58,Skincare,Moisturizers
ALIVE Prebiotic Balancing Mask,Algenist,4.3729,118,38,Skincare,Masks
GENIUS Ultimate Anti-Aging Eye Cream,Algenist,3.7759,116,74,Skincare,Eye Care
Blue Algae Vitamin C Dark Spot Correcting Peel,Algenist,4.213,108,85,Skincare,Treatments
AA (Alguronic Acid) Barrier Serum,Algenist,3.97,100,85,Skincare,Treatments
POWER Advanced Wrinkle Fighter 360° Eye Serum,Algenist,4.023,87,70,Skincare,Eye Care
POWER Advanced Wrinkle Fighter Moisturizer,Algenist,4.1818,77,85,Skincare,Moisturizers
GENIUS Liquid Collagen Hand Cream,Algenist,4.175,40,38,Bath & Body,Body Moisturizers
ELEVATE Advanced Retinol Serum,Algenist,4.1026,39,98,Skincare,Treatments
ELEVATE Advanced Lift Contouring Cream,Algenist,4.3243,37,96,Skincare,Moisturizers
Mini GENIUS Liquid Collagen,Algenist,3.4412,34,25,Skincare,Mini Size
ELEVATE Firming & Lifting Contouring Eye Cream,Algenist,3.2581,31,72,Skincare,Eye Care
ALIVE Prebiotic Balancing Moisturizer SPF 15,Algenist,3.2,30,40,Skincare,Moisturizers
ELEVATE Firming & Lifting Neck Cream,Algenist,3.8889,18,84,Skincare,Moisturizers
Plump Pout Duo,Algenist,3,1,44,Skincare,Value & Gift Sets
Algae Peptide Regenerative Moisturizer,Algenist,,,98,Skincare,Moisturizers
Liquid Gold Exfoliating Treatment with Glycolic acid,Alpha-H,4.5093,915,56,Skincare,Treatments
Vitamin A Serum with 0.5% Retinol,Alpha-H,4.3579,95,65,Skincare,Treatments
Vitamin B Serum with 5% Niacinamide and Peptides,Alpha-H,4.2619,84,65,Skincare,Treatments
Balancing Cleanser,Alpha-H,4.5455,77,38,Skincare,Cleansers
Mini Liquid Gold Exfoliating Treatment with Glycolic Acid,Alpha-H,4,34,22,Skincare,Mini Size
Liquid Gold Firming Eye Cream,Alpha-H,3.8824,17,82,Skincare,Eye Care
Liquid Gold Midnight Reboot Serum with 14% Glycolic Acid and Tripeptide-5,Alpha-H,5,16,105,Skincare,Treatments
Beauty Sleep Power Peel Age-Defying Night Peel,Alpha-H,4.6,15,106,Skincare,Treatments
Triple Action Cleanser,Alpha-H,4.25,12,38,Skincare,Cleansers
Melt Moisturizer with Bakuchiol and Squalane,alpyn beauty,4.514,465,60,Skincare,Moisturizers
Wild Huckleberry 8-Acid Polishing Peel Mask,alpyn beauty,4.6801,347,56,Skincare,Masks
Wild Nettle & Niacinamide Instant Firming Serum,alpyn beauty,4.7631,287,58,Skincare,Treatments
Line-Filling Eye Cream with Bakuchiol and Caffeine,alpyn beauty,4.3206,262,62,Skincare,Eye Care
Juneberry & Collagen Hydrating Cold Cream Cleanser,alpyn beauty,4.895,238,39,Skincare,Cleansers
Triple Vitamin C Brightening Bounce Cream Moisturizer,alpyn beauty,4.5422,225,49,Skincare,Moisturizers
Creamy Bubbling Cleanser with Vitamin C & AHAs,alpyn beauty,4.3832,167,36,Skincare,Cleansers
Vitamin C & Bearberry Instant Glow Serum,alpyn beauty,4.503,167,59,Skincare,Treatments
Willow & Sweet Agave Plumping Lip Mask,alpyn beauty,4.5405,148,28,Skincare,Lip Balms & Treatments
Pore Perfecting Liquid Exfoliator with 2% BHA + Borage,alpyn beauty,4.9231,91,39,Skincare,Cleansers
Mini Melt Moisturizer with Bakuchiol and Squalane,alpyn beauty,4.5806,31,25,Skincare,Moisturizers
Mini Wild Huckleberry 8-Acid Polishing Peel Mask,alpyn beauty,4.85,20,23,Mini Size,Skincare
Peel and Plump Skin-Smoothing Duo,alpyn beauty,4.8889,18,49,Skincare,Value & Gift Sets
CAVIAR Anti-Aging Replenishing Moisture CC Cream,ALTERNA Haircare,4.0232,1721,30,Hair,Hair Styling & Treatments
CAVIAR Anti-Aging Replenishing Moisture Shampoo,ALTERNA Haircare,4.2482,963,35,Hair,Shampoo & Conditioner
CAVIAR Anti-Aging Replenishing Moisture Conditioner,ALTERNA Haircare,4.4528,890,55,Hair,Shampoo & Conditioner
Caviar Anti-Aging Clinical Densifying Scalp Treatment,ALTERNA Haircare,4.0124,242,38,Hair,Hair Styling & Treatments
CAVIAR Anti-Aging Multiplying Volume Styling Mist,ALTERNA Haircare,4.2685,391,30,Hair,Hair Styling & Treatments
CAVIAR Anti-Aging Smoothing Anti-Frizz Dry Oil Mist,ALTERNA Haircare,4.3662,213,34,Hair,Hair Styling & Treatments
CAVIAR Anti-Aging Working Hairspray,ALTERNA Haircare,4.4268,157,26,Hair,Hair Styling & Treatments
CAVIAR Anti-Aging Smoothing Anti-Frizz Blowout Butter,ALTERNA Haircare,4.1298,208,35,Hair,Hair Styling & Treatments
CAVIAR Anti-Aging Clinical Densifying Shampoo,ALTERNA Haircare,4.1325,166,34,Hair,Shampoo & Conditioner
CAVIAR Anti-Aging Smoothing Anti-Frizz Nourishing Oil,ALTERNA Haircare,4.0615,130,38,Hair,Hair Styling & Treatments
CAVIAR Anti-Aging Clinical Densifying Styling Mousse,ALTERNA Haircare,4.5164,122,38,Hair,Hair Styling & Treatments
CAVIAR Anti-Aging Restructuring Bond Repair Leave-In Heat Protection Spray,ALTERNA Haircare,4.1513,119,32,Hair,Hair Styling & Treatments
CAVIAR Anti-Aging Multiplying Volume Shampoo,ALTERNA Haircare,3.9127,126,35,Hair,Shampoo & Conditioner
CAVIAR Anti-Aging Rapid Blowout Balm,ALTERNA Haircare,4.6927,192,32,Hair,Hair Styling & Treatments
CAVIAR Anti-Aging Restructuring Bond Repair 3-in-1 Sealing Serum,ALTERNA Haircare,4.0101,199,38,Hair,Hair Styling & Treatments
CAVIAR Anti-Aging Replenishing Moisture Leave-In Smoothing Gelee,ALTERNA Haircare,4.1863,102,30,Hair,Hair Styling & Treatments
CAVIAR Anti-Aging Restructuring Bond Repair Leave-In Overnight Serum,ALTERNA Haircare,4.3761,452,40,Hair,Hair Styling & Treatments
CAVIAR Anti-Aging Perfect Iron Spray,ALTERNA Haircare,4.195,159,32,Hair,Hair Styling & Treatments
CAVIAR Anti-Aging Multiplying Volume Conditioner,ALTERNA Haircare,4.1471,102,36,Hair,Shampoo & Conditioner
CAVIAR Anti-Aging Replenishing Moisture Masque,ALTERNA Haircare,3.9368,95,45,Hair,Hair Styling & Treatments
CAVIAR Anti-Aging Infinite Color Hold Dual-Use Serum,ALTERNA Haircare,4.5957,94,36,Hair,Hair Styling & Treatments
CAVIAR Anti-Aging Replenishing Moisture Priming Leave-In Conditioner,ALTERNA Haircare,4.4488,205,32,Hair,Shampoo & Conditioner
CAVIAR Anti-Aging Multiplying Volume Styling Mousse,ALTERNA Haircare,4.2381,21,32,Hair,Hair Styling & Treatments
Caviar Anti-Aging Smoothing Anti-Frizz Air-Dry Balm,ALTERNA Haircare,4.1563,64,32,Hair,Hair Styling & Treatments
CAVIAR Anti-Aging Restructuring Bond Repair Leave-In Protein Cream,ALTERNA Haircare,3.3333,18,37,Hair,Hair Styling & Treatments
CAVIAR Anti-Aging Infinite Color Hold Shampoo,ALTERNA Haircare,4.0833,36,35,Hair,Shampoo & Conditioner
CAVIAR Anti-Aging Smoothing Anti-Frizz Shampoo,ALTERNA Haircare,4.3879,116,35,Hair,Shampoo & Conditioner
CAVIAR Anti-Aging Perfect Texture Spray,ALTERNA Haircare,4.5281,89,30,Hair,Hair Styling & Treatments
CAVIAR Anti-Aging Smoothing Anti-Frizz Conditioner,ALTERNA Haircare,4.1518,112,36,Hair,Shampoo & Conditioner
CAVIAR Anti-Aging Infinite Color Hold Conditioner,ALTERNA Haircare,4,20,36,Hair,Shampoo & Conditioner
Restructuring Bond Repair Masque,ALTERNA Haircare,4.871,31,50,Hair,Hair Styling & Treatments
Alterna Haircare Caviar Anti-Aging Clinical Densifying Shampoo,ALTERNA Haircare,4.4203,69,38,Hair,Shampoo & Conditioner
Renewing Exfoliating Scalp Scrub-to-Foam,ALTERNA Haircare,4.8615,65,48,Hair,Hair Styling & Treatments
Replenishing Moisture Jumbo Trio,ALTERNA Haircare,3.6667,3,100,Hair,Value & Gift Sets
My Hair My Canvas  Meltaway No-Rinse Micellar Cleanser,ALTERNA Haircare,3.7903,124,29,Hair,Shampoo & Conditioner
CAVIAR Anti-Aging Restructuring Bond Repair Conditioner,ALTERNA Haircare,4.963,27,56,Hair,Shampoo & Conditioner
Alterna Haircare Caviar Anti-Aging Clinical Densifying Foam Conditioner,ALTERNA Haircare,4.5606,66,38,Hair,Shampoo & Conditioner
MHMC New Beginnings Exfoliating Cleanser,ALTERNA Haircare,4.189,164,30,Hair,Shampoo & Conditioner
CAVIAR Anti-Aging Restructuring Bond Repair Shampoo,ALTERNA Haircare,4.6286,35,35,Hair,Shampoo & Conditioner
Renewing Scalp Leave-In Treatment with Hemp,ALTERNA Haircare,4.8226,62,48,Hair,Hair Styling & Treatments
Renewing Scalp Care Peppermint Leave-In Treatment,ALTERNA Haircare,4.5938,64,48,Hair,Hair Styling & Treatments
My Hair My Canvas Me Time Every Day Shampoo,ALTERNA Haircare,4.225,160,28,Hair,Shampoo & Conditioner
My Hair My Canvas  Me Time Everyday Conditioner,ALTERNA Haircare,4.2628,156,28,Hair,Shampoo & Conditioner
My Hair My Canvas  Cool Hydrations Nourishing Masque,ALTERNA Haircare,4.0569,123,35,Hair,Hair Styling & Treatments
Clinical Densifying Styling Mousse,ALTERNA Haircare,,,38,Hair,Hair Styling & Treatments
Lip Treatment Oil,Ami Colé,4.7053,95,20,Makeup,Lip
Skin-Enhancing Tinted Moisturizer,Ami Colé,4.8966,58,32,Makeup,Face
Lash-Amplifying Volumizing & Lengthening Mascara,Ami Colé,4.1842,38,19,Makeup,Eye
Skin Melt Talc-Free Loose Setting Powder,Ami Colé,4.5714,21,22,Makeup,Face
Light-Catching Highlighter Balm,Ami Colé,4.75,8,22,Makeup,Face
Skin-Enhancing Concealer,Ami Colé,4.6429,14,24,Makeup,Face
Ultra-Flex Clear Eyebrow Shaping Gel,Ami Colé,4.8889,9,20,Makeup,Eye
Desert Date Cream Blush & Lip Multistick,Ami Colé,5,4,22,Makeup,Cheek
"The Customizable Crew Set: Highlighter, Lip Oil, and Skin Tint Set",Ami Colé,4.5,2,60,Makeup,Face
Soulfood Nourishing Hair Mask,amika,4.4028,1621,32,Hair,Hair Styling & Treatments
Perk Up Talc-Free Dry Shampoo,amika,4.4057,2179,28,Hair,Hair Styling & Treatments
Dream Routine Overnight Hydrating Hair Mask,amika,4.5027,561,32,Hair,Hair Styling & Treatments
Mini Soulfood Nourishing Mask,amika,4.0766,235,18,Mini Size,Hair
The Kure Intense Bond Repair Hair Mask,amika,4.5346,159,40,Hair,Hair Styling & Treatments
Hydro Rush Intense Moisture Leave-In Conditioner with Hyaluronic Acid,amika,4.6388,335,28,Hair,Hair Styling & Treatments
Un.Done Volume and Matte Texture Spray,amika,4.2243,749,29,Hair,Hair Styling & Treatments
High Tide Deep Wave Hair Crimper,amika,4,176,120,Hair,Tools
The Kure Bond Repair Conditioner for Damaged Hair,amika,4.3292,161,28,Hair,Shampoo & Conditioner
Good Vibes Only + Hydration + Repair Hair Mask Set,amika,5,17,39,Hair,Value & Gift Sets
The Closer Instant Split-end Hair Repair Cream,amika,4.3739,115,28,Hair,Hair Styling & Treatments
Hair Blow Dryer Brush 2.0,amika,3.28,125,100,Hair,Tools
Bust Your Brass Cool Blonde Purple Intense Repair Hair Mask,amika,4.5556,144,40,Hair,Hair Styling & Treatments
Normcore Sulfate Free Shampoo,amika,3.3309,139,23,Hair,Shampoo & Conditioner
Flash Instant Shine Hair Gloss Mask,amika,4.4352,108,28,Hair,Hair Styling & Treatments
Plus Size Volume & Body Mousse,amika,4.2588,85,30,Hair,Hair Styling & Treatments
Normcore Hydrating Conditioner,amika,3.6875,64,23,Hair,Shampoo & Conditioner
Curl Corps Curl Defining Cream,amika,4.1951,82,28,Hair,Hair Styling & Treatments
The Wizard Detangling Hair Primer,amika,4.3538,65,29,Hair,Hair Styling & Treatments
Mini Un.Done Volume and Matte Texture Spray,amika,3.9412,17,10,Mini Size,Hair
Water Sign Hydrating Hair Oil with Hyaluronic Acid,amika,3.8,45,32,Hair,Hair Styling & Treatments
Perk Up Plus Extended Clean Dry Shampoo,amika,3.8358,67,30,Hair,Hair Styling & Treatments
Velveteen Dream Anti-Frizz Smoothing Conditioner,amika,3.62,50,28,Hair,Shampoo & Conditioner
Hydro Rush Intense Moisture Shampoo with Hyaluronic Acid,amika,3.8838,198,26,Hair,Shampoo & Conditioner
Polished Perfection Thermal Straightening Brush 2.0,amika,3.9502,201,98,Hair,Tools
Curl Corps Curl Enhancing Hair Gel,amika,4.2192,73,28,Hair,Hair Styling & Treatments
Top Gloss Hair Shine Spray,amika,4.16,25,29,Hair,Hair Styling & Treatments
The Kure Multi-Task Repair Treatment,amika,4.6923,52,30,Hair,Hair Styling & Treatments
Hydro Rush Intense Moisture Conditioner with Hyaluronic Acid,amika,3.9158,190,26,Hair,Shampoo & Conditioner
Vault Sulfate Free Shampoo for Color-Treated Hair,amika,3.5507,69,23,Hair,Shampoo & Conditioner
Brooklyn Bombshell Blowout Spray,amika,3.8214,28,28,Hair,Hair Styling & Treatments
Bust Your Brass Blonde Purple Conditioner,amika,4.2941,51,28,Hair,Shampoo & Conditioner
The Kure Bond Repair Shampoo for Damaged Hair,amika,4.2951,61,28,Hair,Shampoo & Conditioner
Hydro Rush and Dream Routine Hair Hydration Set,amika,3.625,16,58,Hair,Value & Gift Sets
Vault Conditioner for Color-Treated Hair,amika,3.6429,42,23,Hair,Shampoo & Conditioner
Fadeblock Pre-Shampoo Color Seal,amika,4.3033,122,26,Hair,Hair Styling & Treatments
Power Hour Curl Refreshing Spray,amika,3.4,10,28,Hair,Hair Styling & Treatments
Reset Exfoliating Jelly Scalp Scrub,amika,4.4,10,28,Hair,Hair Styling & Treatments
Double Agent 2-in-1 Straightening Blow Dryer Brush,amika,4.3103,116,120,Hair,Tools
3D Volume and Thickening Shampoo,amika,3.4615,13,26,Hair,Shampoo & Conditioner
3D Daily Leave-In Hair Thickening Treatment,amika,4.6667,3,38,Hair,Hair Styling & Treatments
High Tide Deep Waver Jumbo,amika,4.4318,44,120,Hair,Tools
Mini Perk Up Talc-Free Dry Shampoo,amika,3.4286,7,15,Hair,Hair Styling & Treatments
Mini Perk Up Plus Extended Clean Dry Shampoo,amika,4.375,8,16,Hair,Hair Styling & Treatments
Illuminati Diamond Ceramic Flat Iron,amika,3.5172,29,120,Hair,Tools
Bust Your Brass Blonde Purple Shampoo,amika,4.1053,19,28,Hair,Shampoo & Conditioner
The Conductor 1 Inch Precision Germanium Flat Iron,amika,3.0526,38,150,Hair,Tools
The CEO 360° Lightweight Powerhouse Hair Dryer,amika,4.3214,28,200,Hair,Tools
3D Volume and Thickening Conditioner,amika,2.3333,9,40,Hair,Shampoo & Conditioner
Brow Wiz Ultra-Slim Precision Brow Pencil,Anastasia Beverly Hills,4.4056,15885,25,Makeup,Eye
"DIPBROW Waterproof, Smudge Proof Brow Pomade",Anastasia Beverly Hills,4.6701,11158,21,Makeup,Eye
Eye Shadow Singles,Anastasia Beverly Hills,4.4696,790,12,Makeup,Eye
Liquid Lipstick,Anastasia Beverly Hills,3.8268,4238,20,Makeup,Lip
Modern Renaissance Eye Shadow Palette,Anastasia Beverly Hills,4.7931,9133,45,Makeup,Eye
Soft Glam Eyeshadow Palette,Anastasia Beverly Hills,4.7068,2858,45,Makeup,Eye
Contour Kit,Anastasia Beverly Hills,4.0975,2399,40,Makeup,Face
Brow Definer 3-in-1 Triangle Tip,Anastasia Beverly Hills,4.0746,4127,26,Makeup,Eye
Lip Gloss,Anastasia Beverly Hills,4.4551,1672,16,Makeup,Lip
Sun Dipped Glow Kit,Anastasia Beverly Hills,4.7197,2176,40,Makeup,Face
Strong Hold Clear Brow Gel,Anastasia Beverly Hills,4.4206,4826,22,Makeup,Eye
Ombre Effect Long Wearing Brow Powder Duo,Anastasia Beverly Hills,4.695,5086,23,Makeup,Eye
Brow Freeze Extreme Hold Laminated-Look Sculpting Wax,Anastasia Beverly Hills,3.9071,2293,23,Makeup,Eye
Brush 12 Precision Brow Brush for Pomades & Gels,Anastasia Beverly Hills,4.7427,1551,18,Makeup,Brushes & Applicators
Sugar Glow Kit,Anastasia Beverly Hills,4.6467,917,40,Makeup,Face
Mini Strong Hold Clear Brow Gel,Anastasia Beverly Hills,4.1889,90,9,Makeup,Eye
Brush 7B Precision Brow Brush for Powders,Anastasia Beverly Hills,4.6818,1122,18,Makeup,Brushes & Applicators
Stick Foundation,Anastasia Beverly Hills,3.4315,1868,25,Makeup,Face
Norvina False Lashes,Anastasia Beverly Hills,4.259,749,12,Makeup,Eye
Tinted Brow Gel,Anastasia Beverly Hills,4.1864,2640,22,Makeup,Eye
DIPBROW Gel,Anastasia Beverly Hills,3.7853,1076,20,Makeup,Eye
Matte & Satin Velvet Lipstick,Anastasia Beverly Hills,4.6062,1427,23,Makeup,Lip
Blush Trio,Anastasia Beverly Hills,4.6617,470,30,Makeup,Cheek
Pro Pencil,Anastasia Beverly Hills,4.0611,360,18,Makeup,Eye
DIPBROW Gel - Mini,Anastasia Beverly Hills,3.3403,573,9,Makeup,Eye
Luminous Foundation,Anastasia Beverly Hills,4.1304,1902,38,Makeup,Face
Perfect Brow Pencil,Anastasia Beverly Hills,4.4411,2156,23,Makeup,Eye
Lip Liner,Anastasia Beverly Hills,4.6577,1335,18,Makeup,Lip
Norvina Pro Pigment Palette Vol. 3 for Face & Body,Anastasia Beverly Hills,4.601,193,60,Makeup,Makeup Palettes
Superfine Micro-Stroking Detail Brow Pen,Anastasia Beverly Hills,3.9654,866,22,Makeup,Eye
Dewy Set Setting Spray,Anastasia Beverly Hills,4.2373,316,26,Makeup,Face
Norvina Pro Pigment Palette Vol. 1 for Face & Body,Anastasia Beverly Hills,4.7151,179,60,Makeup,Makeup Palettes
Mini Soft Glam II Eye Shadow Palette,Anastasia Beverly Hills,4.3553,76,29,Makeup,Eye
Brush #14,Anastasia Beverly Hills,4.3528,326,18,Makeup,Brushes & Applicators
Powder Bronzer,Anastasia Beverly Hills,4.5012,433,28,Makeup,Cheek
A23 Pro Brush – Large Tapered Blending Brush,Anastasia Beverly Hills,4.0303,330,25,Makeup,Brushes & Applicators
Stick Cream Blush,Anastasia Beverly Hills,4.6228,729,32,Makeup,Cheek
Norvina Pro Pigment Palette Vol. 2 for Face & Body,Anastasia Beverly Hills,4.5,116,60,Makeup,Makeup Palettes
Norvina Pro Pigment Palette Vol. 4 for Face & Body,Anastasia Beverly Hills,4.5069,144,60,Makeup,Makeup Palettes
Magic Touch Concealer,Anastasia Beverly Hills,4.551,2717,29,Makeup,Face
Highlighting Duo Pencil,Anastasia Beverly Hills,4.4611,501,23,Makeup,Eye
Cream Bronzer,Anastasia Beverly Hills,4.5417,707,35,Makeup,Cheek
Norvina Pro Pigment Palette Vol. 5 for Face & Body,Anastasia Beverly Hills,4.8206,457,60,Makeup,Makeup Palettes
Contour & Highlight Stick,Anastasia Beverly Hills,3.8262,351,25,Makeup,Face
Classic Stencils,Anastasia Beverly Hills,3.4681,658,20,Tools & Brushes,Beauty Tools
Lip Primer,Anastasia Beverly Hills,4.1481,270,16,Makeup,Lip
Norvina Mini Pro Pigment Palette Vol. 2 for Face & Body,Anastasia Beverly Hills,4.3269,364,29,Makeup,Mini Size
Waterproof Crème Color,Anastasia Beverly Hills,3.4277,346,18,Makeup,Eye
Tweezers,Anastasia Beverly Hills,4.4991,527,28,Tools & Brushes,Beauty Tools
Brow Freeze Applicator,Anastasia Beverly Hills,4.2,290,17,Makeup,Accessories
Insta Brow Set,Anastasia Beverly Hills,3.8846,26,25,Makeup,Eye
Norvina Mini Pro Pigment Palette Vol. 3 for Face & Body,Anastasia Beverly Hills,4.4737,114,29,Mini Size,Makeup
Loose Setting Powder,Anastasia Beverly Hills,4.534,824,38,Makeup,Face
Angled Cut Brush - Small 15,Anastasia Beverly Hills,4.5476,168,17,Makeup,Brushes & Applicators
Tinted Lip Gloss,Anastasia Beverly Hills,4.4921,252,20,Makeup,Lip
Liquid Glow Highlighter,Anastasia Beverly Hills,4.0899,178,25,Makeup,Face
Mini Dewy Set Hydrating Setting Spray,Anastasia Beverly Hills,4.0476,42,15,Makeup,Mini Size
Nouveau Eyeshadow Palette,Anastasia Beverly Hills,4.6911,492,55,Makeup,Eye
Brush #18,Anastasia Beverly Hills,4.5192,52,18,Makeup,Brushes & Applicators
Norvina Mini Pro Pigment Palette Vol. 1 for Face & Body,Anastasia Beverly Hills,4.4383,308,29,Mini Size,Makeup
NORVINA Pro Pigment Palette Vol. 6 for Face & Body,Anastasia Beverly Hills,4.703,202,60,Makeup,Makeup Palettes
Iced Out Highlighter,Anastasia Beverly Hills,4.4396,546,34,Makeup,Face
Mini Eye Primer,Anastasia Beverly Hills,3.6888,498,13,Makeup,Eye
Fluffy & Fuller Looking Brow Kit,Anastasia Beverly Hills,4.1667,12,29,Makeup,Value & Gift Sets
Brush #20,Anastasia Beverly Hills,4.2182,55,18,Makeup,Brushes & Applicators
"Face Palettes – All in One Bronzer, Highlighter, Blush",Anastasia Beverly Hills,4.526,462,58,Makeup,Face
NORVINA Chroma Stix Makeup Pencils,Anastasia Beverly Hills,4.186,242,18,Makeup,Eye
Brow Primer,Anastasia Beverly Hills,4.2638,527,21,Makeup,Eye
Shimmer Body Oil,Anastasia Beverly Hills,3.8095,105,38,Bath & Body,Body Moisturizers
Brush 3- Liner Brush,Anastasia Beverly Hills,4.6571,35,18,Makeup,Brushes & Applicators
Liquid Liner,Anastasia Beverly Hills,4.1865,842,18,Makeup,Eye
Rose Metals Eyeshadow Palette,Anastasia Beverly Hills,4.7727,22,55,Makeup,Value & Gift Sets
Natural & Polished Deluxe Brow Kit,Anastasia Beverly Hills,3.8333,6,39,Makeup,Value & Gift Sets
Primrose All In One Face & Eye Shadow Palette,Anastasia Beverly Hills,4.6626,406,55,Makeup,Eye
Sharpener,Anastasia Beverly Hills,4.1218,197,6,Tools & Brushes,Beauty Tools
Lash Brag Jet-Black Volumizing Mascara,Anastasia Beverly Hills,3.8184,848,25,Makeup,Eye
Mini Glam To Go Eyeshadow Palette,Anastasia Beverly Hills,4.6667,9,29,Makeup,Eye
Fuller Looking & Sculpted Lip Duo Kit,Anastasia Beverly Hills,4,6,25,Makeup,Value & Gift Sets
Mini Lash Brag Jet-Black Volumizing Mascara,Anastasia Beverly Hills,3.7434,947,13,Makeup,Eye
Liquid Lipstick in Trouble,Anastasia Beverly Hills,3.4766,107,20,Makeup,Lip
Coming Up Roses Blush & Lip Kit,Anastasia Beverly Hills,5,4,50,Makeup,Value & Gift Sets
Scissors,Anastasia Beverly Hills,4.0882,34,22.5,Makeup,Eye
Crystal Lip Gloss,Anastasia Beverly Hills,4.3983,241,20,Makeup,Lip
Stick Highlighter,Anastasia Beverly Hills,3.5385,13,34,Makeup,Face
Brow Studio Kit,Anastasia Beverly Hills,4.1429,7,29,Makeup,Eye
Darkside Waterproof Liner,Anastasia Beverly Hills,3.3276,58,18,Makeup,Eye
Brow Genius Conditioning Brow Serum,Anastasia Beverly Hills,4.1742,666,65,Makeup,Eye
Norvina False Bottom Lashes,Anastasia Beverly Hills,3.5,4,12,Makeup,Eye
A30 Domed Kabuki Brush,Anastasia Beverly Hills,4.3732,678,24,Makeup,Brushes & Applicators
Mini Loose Setting Powder,Anastasia Beverly Hills,4.25,16,19,Makeup,Mini Size
Norvina Lip Balm,Anastasia Beverly Hills,4,5,18,Makeup,Lip
Eye Brag Eyeliner & Mascara Set,Anastasia Beverly Hills,3.25,8,29,Makeup,Eye
Hydrating Oil,Anastasia Beverly Hills,4.5556,27,45,Skincare,Moisturizers
Laminated Look Brow Kit,Anastasia Beverly Hills,1.1905,21,24,Makeup,Eye
False Top Lashes,Anastasia Beverly Hills,,,12,Makeup,Eye
Flip Hair-Drying Tool,Aquis,4.9048,42,50,Hair,Tools
Luminous Silk Perfect Glow Flawless Oil-Free Foundation,Armani Beauty,4.2162,4162,69,Makeup,Face
Lip Maestro Liquid Matte Lipstick,Armani Beauty,4.3712,1972,45,Makeup,Lip
Mini Luminous Silk Perfect Glow Flawless Oil-Free Foundation,Armani Beauty,4.0744,336,45,Mini Size,Makeup
Eye Tint Long-Lasting Liquid Eyeshadow,Armani Beauty,4.3822,955,36,Makeup,Eye
Power Fabric + Longwear High Cover Foundation SPF 25,Armani Beauty,4.3769,199,69,Makeup,Face
Lip Power Satin Long Lasting Lipstick,Armani Beauty,4.5863,962,45,Makeup,Lip
Luminous Silk Face and Under-Eye Concealer,Armani Beauty,4.3505,950,39,Makeup,Face
Acqua di Gioia,Armani Beauty,4.6371,1050,98,Fragrance,Women
My Way Eau de Parfum,Armani Beauty,4.5065,1696,155,Fragrance,Women
Sì Eau de Parfum,Armani Beauty,4.5679,449,122,Fragrance,Women
Power Fabric Concealer,Armani Beauty,4.4506,870,40,Makeup,Face
Sì Passione Eau de Parfum,Armani Beauty,4.6165,1249,122,Fragrance,Women
Neo Nude Tinted Moisturizer with Hyaluronic Acid,Armani Beauty,4.233,1356,48,Makeup,Face
Acqua di Giò Eau de Toilette Spray,Armani Beauty,4.741,1726,110,Fragrance,Men
Mini My Way & Acqua di Gioia Perfume Duo,Armani Beauty,4.6087,23,32,Fragrance,Value & Gift Sets
My Way Eau de Parfum Travel Spray,Armani Beauty,4.5065,1696,34,Fragrance,Women
Armani Code Pour Femme,Armani Beauty,4.5941,643,76,Fragrance,Women
Neo Nude Color Melting Cream Blush,Armani Beauty,4.5263,38,39,Makeup,Cheek
Luminous Silk Hydrating Makeup Primer,Armani Beauty,4.4756,881,44,Makeup,Face
Eyes To Kill Lengthening Mascara,Armani Beauty,4.3126,739,33,Makeup,Eye
Ocean di Gioia Eau de Parfum,Armani Beauty,4.6618,68,68,Fragrance,Women
My Way Eau de Parfum Intense,Armani Beauty,4.5806,1011,155,Fragrance,Women
Acqua di Gioia Travel Spray,Armani Beauty,4.4286,49,34,Fragrance,Women
Luminous Silk Glow Setting Powder,Armani Beauty,4.4474,418,64,Makeup,Face
Sì Passione Eau de Parfum Travel Spray,Armani Beauty,4,67,34,Fragrance,Women
Si Fiori Eau de Parfum,Armani Beauty,4.4674,92,76,Fragrance,Women
Acqua Di Gio Profumo,Armani Beauty,4.6604,53,174,Fragrance,Men
Eyes To Kill Waterproof Mascara,Armani Beauty,4.1756,131,33,Makeup,Eye
Aqua di Giò Profondo Eau de Parfum Spray,Armani Beauty,4.7186,988,160,Fragrance,Men
Lip Maestro Mediterranea Liquid Matte Lipstick,Armani Beauty,4.337,184,45,Makeup,Lip
Black Ecstasy Mascara,Armani Beauty,4.3525,139,33,Makeup,Eye
Mini Eyes To Kill Volumizing and Lengthening Mascara,Armani Beauty,4,12,15,Makeup,Mini Size
Acqua di Gio Absolu,Armani Beauty,4.6763,207,126,Fragrance,Men
EMPORIO ARMANI Stronger With You,Armani Beauty,4.6849,365,79,Fragrance,Men
Luminous Silk Perfect Glow Flawless Oil-Free Foundation Customizable Set,Armani Beauty,4.75,4,69,Makeup,Face
Si Intense Eau de Parfum,Armani Beauty,4.3913,23,158,Fragrance,Women
Si Intense Eau de Parfum Travel Spray,Armani Beauty,4.3913,23,34,Fragrance,Women
My Way Floral Eau de Parfum Travel Spray,Armani Beauty,4.5293,1058,34,Fragrance,Women
Acqua Di Gio Pour Homme Travel Spray,Armani Beauty,4.741,1726,42,Fragrance,Mini Size
Si Passione Eclat Eau de Parfum,Armani Beauty,4.5503,189,122,Fragrance,Women
Lip Power Long-Lasting Satin Lipstick Duo Set,Armani Beauty,4.6667,3,52,Makeup,Lip
My Way Floral Eau de Parfum,Armani Beauty,4.5293,1058,120,Fragrance,Women
Acqua di Gio Eau de Parfum,Armani Beauty,4.6879,862,160,Fragrance,Men
Gioia Perfume Gift Set,Armani Beauty,5,2,75,Fragrance,Value & Gift Sets
My Way Perfume Gift Set,Armani Beauty,5,3,86,Fragrance,Value & Gift Sets
Acqua Di Gio Deodorant,Armani Beauty,3.6667,6,28,Bath & Body,Body Care
Armani Code Parfum,Armani Beauty,4.7028,249,144,Fragrance,Men
Armani Code Eau de Parfum,Armani Beauty,4.7,10,144,Fragrance,Men
Sì Passione Perfume Gift Set,Armani Beauty,5,2,152,Fragrance,Value & Gift Sets
Armani Code Colonia,Armani Beauty,4.6777,332,88,Fragrance,Men
Acqua di Goia Perfume Gift Set,Armani Beauty,,,75,Fragrance,Value & Gift Sets
Acqua Di Giò Absolu Instinct Eau De Parfum,Armani Beauty,4,6,102,Fragrance,Men
Si Passione Gift Set,Armani Beauty,,,152,Fragrance,Value & Gift Sets
Armani Code After Shave Lotion,Armani Beauty,4.5,2,60,Bath & Body,Bath & Shower
My Way Parfum,Armani Beauty,4.6471,17,186,Fragrance,Women
Armani Code Eau de Toilette,Armani Beauty,4.75,20,99,Fragrance,Men
Diamond Glow Powder,Artist Couture,4.5736,333,27,Makeup,Face
Silk Cream Lipstick,Artist Couture,3.9184,49,18,Makeup,Lip
Supreme Nudes Pressed Pigment Eyeshadow Palette,Artist Couture,4.4454,119,45,Makeup,Eye
Plush Pout Lip Gloss,Artist Couture,4.4222,45,18,Makeup,Lip
Silky Lip Oil,Artist Couture,3.4375,32,22,Makeup,Lip
Mini Supreme Nudes Eyeshadow Palette: The Quickie,Artist Couture,3.6667,18,30,Mini Size,Makeup
Supreme Bronze Eyeshadow & Pressed Pigment Palette,Artist Couture,4.5882,17,45,Makeup,Eye
Supreme Mauves Eyeshadow & Pressed Pigment Palette,Artist Couture,2.9333,45,45,Makeup,Eye
Stay Lit Liquid Eyeshadows,Artist Couture,4,11,22,Makeup,Eye
Multi Use Beauty Setting Powder,Artist Couture,4.4,15,34,Makeup,Face
Midnight Maven Eyeshadow Palette,Artist Couture,4.7333,30,29,Makeup,Eye
Prep & Glow Blurring Perfection Primer,Artist Couture,3.9286,14,32,Makeup,Face
Clémentine California Pure Perfume,Atelier Cologne,4.4237,668,142,Fragrance,Women
Clémentine California Pure Perfume Limited Edition,Atelier Cologne,,,142,Fragrance,Women
The Cream Cleansing Gel with TFC8 Gentle Cleanser,Augustinus Bader,4.4826,661,70,Skincare,Cleansers
The Rich Cream with TFC8 Face Moisturizer,Augustinus Bader,4.2312,493,290,Skincare,Moisturizers
The Cream with TFC8 Face Moisturizer,Augustinus Bader,4.3605,430,180,Skincare,Moisturizers
The Light Cream,Augustinus Bader,4.3196,194,180,Skincare,Moisturizers
The Ultimate Soothing Cream,Augustinus Bader,4.65,100,290,Skincare,Moisturizers
The Serum with  TFC8,Augustinus Bader,3.9877,81,390,Skincare,Treatments
The Eye Cream with  TFC8,Augustinus Bader,4.2267,75,220,Skincare,Eye Care
The Face Cream Mask,Augustinus Bader,4.375,48,215,Skincare,Masks
Mini The Rich Cream with TFC8 Face Moisturizer,Augustinus Bader,3.6875,32,92,Skincare,Mini Size
Mini The Cream with TFC8 Face Moisturizer,Augustinus Bader,3.7647,17,92,Skincare,Mini Size
The Eyebrow & Lash Enhancing Serum,Augustinus Bader,4.5161,31,150,Makeup,Eye
The Scalp Treatment,Augustinus Bader,3.9785,186,83,Hair,Hair Styling & Treatments
The Revitalizing Haircare System,Augustinus Bader,4,4,160,Hair,Value & Gift Sets
The Shampoo,Augustinus Bader,3.8368,190,57,Hair,Shampoo & Conditioner
The Essence,Augustinus Bader,4.5,4,93,Skincare,Treatments
The Daily Essential Duo The Cream,Augustinus Bader,4,3,305,Skincare,Value & Gift Sets
The Conditioner,Augustinus Bader,3.7714,175,57,Hair,Shampoo & Conditioner
The Body Cream,Augustinus Bader,4.3333,3,185,Bath & Body,Body Moisturizers
The Skin Renewal System,Augustinus Bader,5,2,185,Skincare,Value & Gift Sets
The Most Wanted Parfum,Azzaro,4.7413,317,118,Fragrance,Men
The Most Wanted Eau De Parfum Intense,Azzaro,4.6892,325,114,Fragrance,Men
Skinlongevity Long Life Herb Anti-Aging Face Serum,bareMinerals,4.4339,3727,65,Skincare,Treatments
COMPLEXION RESCUE Tinted Moisturizer with Hyaluronic Acid and Mineral SPF 30,bareMinerals,4.0038,3957,37,Makeup,Face
Mineral Veil Talc Free Setting Powder,bareMinerals,4.5216,5984,33,Makeup,Face
BAREPRO 16-HR Skin-Perfecting Powder Foundation,bareMinerals,4.0679,427,38,Makeup,Face
Warmth All-Over Face Color Loose Bronzer,bareMinerals,4.5866,3411,25,Makeup,Face
Gen Nude Blonzer Blush + Bronzer,bareMinerals,4.543,256,26,Makeup,Cheek
Mineralist Hydra-Smoothing Lipstick,bareMinerals,4.4602,1873,22,Makeup,Lip
Gen Nude Powder Blush,bareMinerals,4.6062,193,26,Makeup,Cheek
Mineralist Lip Gloss Balm,bareMinerals,4.6178,225,22,Makeup,Lip
Beautiful Finish Foundation Brush,bareMinerals,4.2426,169,35,Makeup,Brushes & Applicators
Original Liquid Mineral Concealer,bareMinerals,4.3244,706,28,Makeup,Face
Original Mineral Veil Pressed Setting Powder,bareMinerals,4.4453,869,33,Makeup,Face
Strength & Length Serum-Infused Mascara,bareMinerals,4.0557,574,22,Makeup,Eye
MINERALIST Eyeshadow Palette,bareMinerals,4.1801,161,32,Makeup,Eye
Mineralist Lasting Matte Liquid Lipstick,bareMinerals,4.655,200,22,Makeup,Lip
MINERALIST Lasting Eyeliner,bareMinerals,4.4298,228,21,Makeup,Eye
Mineralist Lasting Lip Liner,bareMinerals,4.6741,135,21,Makeup,Lip
MAXIMIST Phyto-Fiber Volumizing Mascara,bareMinerals,4.044,159,22,Makeup,Eye
Mini MAXIMIST Phyto-Fiber Volumizing Mascara,bareMinerals,1.8333,6,13,Mini Size,Makeup
PRIME TIME Original Pore-Minimizing Primer,bareMinerals,4.5278,72,28,Makeup,Face
Faux Tan Bronzer,bareMinerals,4.526,192,25,Makeup,Cheek
Mini PRIME TIME Original Pore-Minimizing Primer,bareMinerals,3,2,16,Makeup,Face
Bright Eyes Collagen-Infused Brightening Colloidal Silver Eye Masks,BeautyBio,4.0594,202,40,Skincare,Eye Care
The ZenBubble Gel Cream,BeautyBio,4.4063,192,69,Skincare,Moisturizers
Glass & Gloss 2-Step Facial Retexturizing & Brightening Treatment,BeautyBio,4.6354,181,69,Skincare,Treatments
Get That Glow - GloPRO Facial Microneedling Discovery Set,BeautyBio,4.7229,166,199,Skincare,Value & Gift Sets
The Sculptor with LipoCare Cellulite Smoothing Body Cream,BeautyBio,3.5333,15,65,Bath & Body,Body Moisturizers
Healthy Scalp Hair Density& Clarifying Serum,BeautyBio,4.4729,129,59,Hair,Hair Styling & Treatments
The Balance pH Balancing Gel Cleanser,BeautyBio,4.4713,87,39,Skincare,Cleansers
Contouring + De-Puffing Rose Quartz Roller,BeautyBio,4.5833,84,65,Skincare,Wellness
The Pout Sparkling Rosé Hyaluronic Acid Collagen Plumping Lip Serum,BeautyBio,3.4268,82,39,Skincare,Lip Balms & Treatments
The Eyelighter Concentrate,BeautyBio,4.6909,55,58,Skincare,Eye Care
The Quench Quadralipid Rapid Recovery Facial Moisturizer,BeautyBio,3.8462,39,129,Skincare,Moisturizers
GLOfacial Hydro-Infusion Pore Cleansing + Blue LED Clarifying Tool,BeautyBio,4.1212,33,199,Skincare,Value & Gift Sets
The Radiance Nourishing Body Oil with Jojoba + Apricot + Olive Oil,BeautyBio,4.2105,19,60,Bath & Body,Body Moisturizers
ZenBubble Bi-Phase Toner Serum,BeautyBio,4.6667,24,49,Skincare,Cleansers
Cryo Skin Icing Dual-Ended Roller,BeautyBio,4.4762,21,85,Skincare,High Tech Tools
GloPRO Prep Pads Clarifying Skin Cleansing Wipes with Peptides,BeautyBio,3.5556,18,39,Skincare,Cleansers
The Daily Vitamin C Day Serum with Antioxidant Complex,BeautyBio,3.1176,17,75,Skincare,Treatments
GloPRO BODY MicroTip Attachment Head,BeautyBio,4.0714,14,49,Skincare,High Tech Tools
Rejuvenating Scalp + Fuller Hair Therapy Set,BeautyBio,3.5385,13,249,Skincare,Value & Gift Sets
R45 The Lift 3-Phase Advanced Neck Contouring Treatment,BeautyBio,3.1667,12,85,Skincare,Treatments
GloPRO SCALP MicroTip Attachment Head,BeautyBio,4.2727,11,59,Skincare,High Tech Tools
The Radiance Brightening Vitamin E + Rosehip Seed Facial Oil,BeautyBio,4.1818,11,70,Skincare,Moisturizers
The Nightly Retinol + Peptide Anti-Aging Serum,BeautyBio,3.7,10,95,Skincare,Treatments
GloPRO Cryo Skin Icing Attachments,BeautyBio,4.5,10,75,Skincare,High Tech Tools
GloPRO FACE MicroTip Attachment Head,BeautyBio,3.6667,9,39,Skincare,High Tech Tools
GloPRO EYE MicroTip Attachment Head,BeautyBio,2.5,8,39,Skincare,High Tech Tools
GLOfacial Clarifying Salicylic & Plumping Hyaluronic Acid Concentrate,BeautyBio,5,8,45,Skincare,Treatments
Contouring + De-Puffing Rose Quartz GloPRO Attachment Head,BeautyBio,4.1429,7,49,Skincare,High Tech Tools
GLOfacial Antimicrobial Treatment Tips + Cleaning Brush Accessories,BeautyBio,5,7,30,Skincare,High Tech Tools
Head-To-Toe AfterGLO Set,BeautyBio,4.3333,6,199,Skincare,Value & Gift Sets
The Quench Eye Reviving Quadralipid Eye Balm,BeautyBio,4,5,99,Skincare,Eye Care
Eye Want It All Face + Eye Microneedling Set,BeautyBio,3.5,2,249,Skincare,Value & Gift Sets
Cryo Skin Icing Roller + Bright Eyes Gels Set,BeautyBio,,,100,Skincare,High Tech Tools
ORIGINAL BEAUTYBLENDER Makeup Sponge,beautyblender,4.4854,9224,20,Makeup,Brushes & Applicators
beautyblender pro,beautyblender,4.4745,2173,20,Makeup,Brushes & Applicators
Bounce Liquid Whip Long Wear Foundation,beautyblender,4.074,3042,29,Makeup,Face
blendercleanser solid,beautyblender,4.6898,3540,18,Makeup,Brushes & Applicators
POWER POCKET PUFF Dual-Sided Powder Puff for Setting and Baking,beautyblender,4.4909,220,18,Makeup,Brushes & Applicators
beautyblender nude,beautyblender,4.372,1449,20,Makeup,Brushes & Applicators
liquid blendercleanser,beautyblender,4.151,980,20,Makeup,Brushes & Applicators
Blender Defender beautyblender Protective Case,beautyblender,4.252,127,12,Makeup,Brushes & Applicators
BOUNCE Always On Radiant Skin Tint,beautyblender,4.5068,959,29,Makeup,Face
BESTIES Charcoal Blend & Cleanse Starter Set,beautyblender,3.5111,45,22,Makeup,Value & Gift Sets
BOUNCE Airbrush Liquid Whip Concealer,beautyblender,4.1948,878,26,Makeup,Face
BEAUTYBLUSHER Makeup Sponge,beautyblender,3.4828,58,16,Makeup,Brushes & Applicators
Biopure Sustainable Green Makeup Sponge,beautyblender,4.543,3398,20,Makeup,Brushes & Applicators
Bounce Liquid Whip Cream Blush,beautyblender,4.4324,858,22,Makeup,Cheek
BESTIES GLITTER Blend & Cleanse Starter Set,beautyblender,4.5287,87,22,Makeup,Value & Gift Sets
BOUNCE  Magic Fit Creamy Bronzer & Highlighter Duo,beautyblender,3.8805,569,32,Makeup,Face
Dream Makeup Sponge,beautyblender,4,5,20,Makeup,Brushes & Applicators
Blendercleanser Liquid Charcoal Unscented Sponge & Brush Cleanser,beautyblender,2.8333,12,15,Makeup,Accessories
Big Boss Powder Brush & Cooling Roller,beautyblender,4.2,5,60,Makeup,Brushes & Applicators
High Roller Crease Brush & Cooling Roller,beautyblender,5,1,33,Makeup,Brushes & Applicators
BOUNCE  Soft Focus Gemstone Setting Powder,beautyblender,4.2329,644,32,Makeup,Face
Main Squeeze Beauty Sponge and Cleanser Set,beautyblender,4.9825,57,35,Makeup,Value & Gift Sets
The True Cream Aqua Bomb,belif,4.4841,7292,38,Skincare,Moisturizers
The True Cream Moisturizing Bomb,belif,4.5631,4523,38,Skincare,Moisturizers
Moisturizing Eye Bomb with Squalane,belif,4.4641,2965,48,Skincare,Eye Care
Aqua Bomb Overnight Lip Mask,belif,4.4068,1964,22,Skincare,Lip Balms & Treatments
Aqua Bomb Cleansing Balm,belif,4.4598,1331,38,Skincare,Cleansers
Aqua Bomb Brightening Vitamin C Cream,belif,4.4992,1242,45,Skincare,Moisturizers
Aqua Bomb Hydrating Toner,belif,4.361,1050,30,Skincare,Cleansers
Aqua Bomb Sleeping Mask,belif,4.5147,985,38,Skincare,Moisturizers
Aqua Bomb Jelly Cleanser,belif,4.2943,683,30,Skincare,Cleansers
The True Cream - Aqua Bomb Sunscreen Broad Spectrum SPF 50,belif,4.5248,423,38,Skincare,Sunscreen
Aqua Bomb Hydrating Body Moisturizer with Niacinamide and Hyaluronic Acid,belif,4.4958,1067,30,Bath & Body,Body Moisturizers
Aqua Bomb Mist,belif,4.1042,48,38,Skincare,Moisturizers
Aqua Bomb Protect & Glow Travel Kit,belif,3.5,2,27,Skincare,Value & Gift Sets
Aqua Bomb Everyday Hydration Set,belif,,,38,Skincare,Value & Gift Sets
Hoola Bronzer,Benefit Cosmetics,4.4756,3278,35,Makeup,Cheek
The POREfessional Pore Minimizing Primer,Benefit Cosmetics,4.0466,7708,34,Makeup,Face
They're Real! Lengthening Mascara,Benefit Cosmetics,4.1242,15756,28,Makeup,Eye
Gimme Brow+ Tinted Volumizing Eyebrow Gel,Benefit Cosmetics,4.3919,5170,26,Makeup,Eye
"Precisely, My Brow Pencil Waterproof Eyebrow Definer",Benefit Cosmetics,4.5425,5169,25,Makeup,Eye
Roller Lash Curling & Lifting Mascara,Benefit Cosmetics,4.1559,6185,28,Makeup,Eye
Benetint Liquid Lip Blush & Cheek Tint,Benefit Cosmetics,4.1869,3675,21,Makeup,Cheek
Goof Proof Waterproof Easy Shape & Fill Eyebrow Pencil,Benefit Cosmetics,4.3355,1711,25,Makeup,Eye
Mini Gimme Brow+ Tinted Volumizing Eyebrow Gel,Benefit Cosmetics,4.0832,661,15,Makeup,Eye
BADgal BANG! Volumizing Mascara,Benefit Cosmetics,3.7636,5225,28,Makeup,Eye
24-HR Brow Setter Clear Brow Gel with Lamination Effect,Benefit Cosmetics,4.3455,1583,26,Makeup,Eye
"Mini Precisely, My Brow Pencil Waterproof Eyebrow Definer",Benefit Cosmetics,4.4663,1838,15,Mini Size,Makeup
Cookie and Tickle Powder Highlighters,Benefit Cosmetics,4.7399,273,35,Makeup,Face
Great Brow Basics Pencil & Gel Set,Benefit Cosmetics,4.1325,166,36,Makeup,Value & Gift Sets
Dandelion Baby-Pink Blush,Benefit Cosmetics,4.4718,1933,18,Makeup,Cheek
Mini The POREfessional Pore Minimizing Primer,Benefit Cosmetics,4.0466,7708,14,Mini Size,Makeup
WANDERful World Silky-Soft Powder Blush,Benefit Cosmetics,4.6492,2161,31,Makeup,Cheek
Boi-ing Industrial Strength Full Coverage Cream Concealer,Benefit Cosmetics,4.1724,4895,24,Makeup,Face
Brow Microfilling Eyebrow Pen,Benefit Cosmetics,3.2135,1035,25,Makeup,Eye
Mini 24-HR Brow Setter Clear Brow Gel with Lamination Effect,Benefit Cosmetics,4.3125,224,15,Makeup,Eye
Boi-ing Cakeless Full Coverage Waterproof Liquid Concealer,Benefit Cosmetics,4.3136,6681,27,Makeup,Face
Mini Roller Lash Curling & Lifting Mascara,Benefit Cosmetics,4.1478,372,15,Mini Size,Makeup
The POREfessional Smooth Sip Lightweight Gel-Cream Moisturizer,Benefit Cosmetics,4.5975,718,44,Skincare,Moisturizers
Dandelion Twinkle Highlighter,Benefit Cosmetics,4.1111,207,35,Makeup,Face
Mini BADgal BANG! Volumizing Mascara,Benefit Cosmetics,3.8187,491,15,Mini Size,Makeup
The POREfessional Deep Retreat Pore-Clearing Clay Mask,Benefit Cosmetics,4.766,705,39,Skincare,Masks
The POREfessional Tight ’n Toned Pore-Refining AHA+PHA Toner,Benefit Cosmetics,4.6464,676,34,Skincare,Cleansers
Mini Roller Liner Waterproof Liquid Eyeliner,Benefit Cosmetics,3.6819,349,12,Makeup,Eye
Roller Liner Waterproof Liquid Eyeliner,Benefit Cosmetics,4.0819,1501,22,Makeup,Eye
Mini Goof Proof Waterproof Easy Shape & Fill Eyebrow Pencil,Benefit Cosmetics,4.2333,210,15,Makeup,Eye
Mini They're Real! Lengthening Mascara,Benefit Cosmetics,3.9593,393,15,Mini Size,Makeup
The POREfessional: Super Setter Pore-Minimizing Setting Spray,Benefit Cosmetics,4.5921,2167,33,Makeup,Face
Mini Dandelion Baby-Pink Blush,Benefit Cosmetics,4.42,100,18,Mini Size,Makeup
The POREfessional Get Unblocked Makeup-Removing Cleansing Oil,Benefit Cosmetics,4.6723,476,39,Skincare,Cleansers
The POREfessional Speedy Smooth Mask,Benefit Cosmetics,4.7134,471,39,Skincare,Masks
The POREfessional Good Cleanup Foaming Cleanser,Benefit Cosmetics,4.6212,462,29,Skincare,Cleansers
Mini Dandelion Twinkle Highlighter,Benefit Cosmetics,3.8654,156,18,Mini Size,Makeup
BROWVO! Conditioning Eyebrow Primer,Benefit Cosmetics,4.1545,343,28,Makeup,Eye
POWmade Waterproof Brow Pomade,Benefit Cosmetics,4.6797,1736,23,Makeup,Eye
Mini The POREfessional: Super Setter Setting Spray,Benefit Cosmetics,4.2647,102,15,Mini Size,Makeup
They're Real! Xtreme Precision Eye Liner,Benefit Cosmetics,4.5414,1232,24,Makeup,Eye
They're Real! Magnet Extreme Lengthening Mascara,Benefit Cosmetics,4.166,4483,28,Makeup,Eye
Fluff Up Brow Flexible Brow-Texturizing Wax,Benefit Cosmetics,4.3003,1412,26,Makeup,Eye
Mini Fluff Up Brow Flexible Brow-Texturizing Wax,Benefit Cosmetics,3.8824,34,15,Mini Size,Makeup
Gimme Brow+ Volumizing  Fiber Eyebrow Pencil,Benefit Cosmetics,4.3776,1205,25,Makeup,Eye
All-Purpose Pencil Sharpener,Benefit Cosmetics,4.2703,74,5,Tools & Brushes,Beauty Tools
High Brow Dual Ended Highlighting Eyebrow Pencil,Benefit Cosmetics,3.9286,14,25,Makeup,Eye
Grooming Tweezer & Brush,Benefit Cosmetics,4.3182,44,20,Tools & Brushes,Beauty Tools
Mini They're Real! Magnet Extreme Lengthening Mascara,Benefit Cosmetics,4.1254,4672,15,Makeup,Eye
Letters to Lashes Mascara Set,Benefit Cosmetics,4.8462,13,42,Makeup,Eye
Gimme Brow+ Volumizing Eyebrow Gel Jumbo,Benefit Cosmetics,4.2093,43,40,Makeup,Eye
Mini The POREfessional Hydrating Primer,Benefit Cosmetics,3.7234,47,14,Makeup,Face
Mini Hello Happy Flawless Brightening Foundation SPF 15,Benefit Cosmetics,3.7407,27,15,Makeup,Face
Hello Happy Velvet Powder Foundation,Benefit Cosmetics,2.6667,96,30,Makeup,Face
BADgal BANG! 24-Hour Waterproof Eyeliner,Benefit Cosmetics,3.8421,38,22,Makeup,Eye
The POREfessional Hydrating Primer,Benefit Cosmetics,4.2353,442,34,Makeup,Face
Mini Roller Express Curling Mascara & Liquid Eyeliner Set,Benefit Cosmetics,4.6,5,15,Mini Size,Value & Gift Sets
Hello Happy Flawless Brightening Foundation SPF 15,Benefit Cosmetics,3.8846,78,15,Makeup,Face
BADgal BANG! Volumizing Waterproof Mascara,Benefit Cosmetics,3.3673,49,28,Makeup,Eye
Brow Pomade Eyebrow Brush,Benefit Cosmetics,4.5,12,18,Makeup,Eye
The POREfessional: Mini Lite Primer Water-Based Pore Primer,Benefit Cosmetics,3.8333,12,14,Mini Size,Makeup
"Multitasking Cheek Brush for Powder Blush, Bronzer & Highlighter",Benefit Cosmetics,2,2,32,Makeup,Brushes & Applicators
The POREfessional: Lite Primer Water-Based Pore Primer,Benefit Cosmetics,4.1515,1010,34,Makeup,Face
Mini Gimme Brow + Volumizing Fiber Eyebrow Pencil,Benefit Cosmetics,4.4,95,15,Mini Size,Makeup
Gimme Brow Goals Volumizing Brow Gel & Pencil Duo,Benefit Cosmetics,4,2,27,Makeup,Value & Gift Sets
Hello Happy Flawless Brightening Foundation,Benefit Cosmetics,3.2258,31,30,Makeup,Face
BADgal Goodies Volumizing Mascara Value Set,Benefit Cosmetics,3,2,29,Makeup,Eye
Mascara Power Pair Extreme Lengthening Mascara Set,Benefit Cosmetics,,,27,Makeup,Eye
Mini The POREfessional Deep Retreat Pore-Clearing Clay Mask,Benefit Cosmetics,4.766,705,20,Mini Size,Skincare
Get REAL Duo Lengthening Mascara Value Set,Benefit Cosmetics,,,29,Makeup,Eye
Mini The POREfessional Package Deal pore primer & pore care value set,Benefit Cosmetics,,,34,Mini Size,Value & Gift Sets
Mini The POREfessional Tight ’n Toned Pore-Refining AHA+PHA Toner,Benefit Cosmetics,4.6464,676,19,Mini Size,Skincare
Mini The POREfessional Get Unblocked Makeup-Removing Cleansing Oil,Benefit Cosmetics,4.6723,476,18,Mini Size,Skincare
Mini The POREfessional Good Cleanup Foaming Cleanser,Benefit Cosmetics,4.6212,462,15,Mini Size,Skincare
Scorza Di Sicilia,BERDOUES,3.4286,7,88,Fragrance,Women
"10X Pro Styling Iron 1""",Bio Ionic,4.2816,206,239,Hair,Tools
"Long Barrel Styler Pro Curling Iron 1""",Bio Ionic,4.4684,79,149,Hair,Tools
Long Barrel Curling Iron 1.25' NanoIonic MX,Bio Ionic,4.1667,24,149,Hair,Tools
"Eternity Wand Pro Styling Wand 1""",Bio Ionic,4.18,50,129,Hair,Value & Gift Sets
10X Ultralight Speed Dryer,Bio Ionic,4.3143,140,299,Hair,Tools
Universal Diffuser,Bio Ionic,3.6852,54,24,Hair,Tools
Power Diva Pro Style Dryer,Bio Ionic,3.1724,29,159,Hair,Tools
GrapheneMX Boar Styling Brush,Bio Ionic,3.5652,23,42,Hair,Tools
"GrapheneMX Curling Iron 1.25""",Bio Ionic,3.4667,15,159,Hair,Tools
Oval Curling Iron One Pass,Bio Ionic,3.8889,9,119,Hair,Tools
"GrapheneMX Styling Iron 1""",Bio Ionic,3.25,8,219,Hair,Tools
GrapheneMX Professional Dryer,Bio Ionic,3.8333,6,245,Hair,Tools
"OnePass 1"" Styling Iron",Bio Ionic,2.75,8,199,Hair,Tools
Squalane + Omega Repair Deep Hydration Moisturizer,Biossance,4.2101,2089,60,Skincare,Moisturizers
Squalane + Vitamin C Rose Firming Oil,Biossance,4.3483,1470,74,Skincare,Moisturizers
Squalane + Marine Algae Firming & Lifting Eye Cream,Biossance,4.1436,1010,56,Skincare,Eye Care
Squalane + 10% Lactic Acid Resurfacing Serum,Biossance,4.3965,966,65,Skincare,Treatments
Squalane + Probiotic Balancing Gel Moisturizer,Biossance,4.0924,714,54,Skincare,Moisturizers
Squalane + Peptide Brightening & De-Puffing Eye Gel,Biossance,3.6371,653,56,Skincare,Eye Care
Squalane + Zinc Sheer Mineral Sunscreen SPF 30 PA +++,Biossance,3.8812,648,34,Skincare,Sunscreen
Squalane + Antioxidant Makeup Removing Cleansing Oil,Biossance,4.0203,639,32,Skincare,Cleansers
Squalane + 10% Vitamin C Dark Spot Serum,Biossance,4.3465,635,65,Skincare,Treatments
Squalane + BHA Pore-Minimizing Toner,Biossance,4.4309,608,30,Skincare,Cleansers
Squalane + Amino Aloe Gentle Pore-Minimizing Cleanser,Biossance,4.4072,528,28,Skincare,Cleansers
Squalane + Copper Peptide Rapid Plumping Serum,Biossance,4.4721,519,68,Skincare,Treatments
100% Sugarcane Squalane Oil,Biossance,4.5336,476,34,Skincare,Moisturizers
Squalane + Caffeine Toning Body Cream,Biossance,4.6023,176,30,Bath & Body,Body Moisturizers
Squalane + Vitamin C Rose Brightening Moisturizer,Biossance,4.4234,333,56,Skincare,Moisturizers
Squalane+ Rose Vegan Lip Balm,Biossance,3.8809,277,16,Skincare,Lip Balms & Treatments
Squalane + Elderberry Nourishing Jelly Cleanser,Biossance,3.6441,236,28,Skincare,Cleansers
Squalane + Retinol Night Serum,Biossance,4.4742,213,72,Skincare,Treatments
Squalane + Enzyme Sugar Body Scrub,Biossance,4.3158,19,28,Bath & Body,Bath & Shower
Rapid Radiance Set,Biossance,4.1324,136,35,Skincare,Value & Gift Sets
Squalane + Hyaluronic Toning Mist,Biossance,4.2551,98,32,Skincare,Moisturizers
Mini Squalane + Vitamin C Rose Firming Oil,Biossance,4.15,40,40,Skincare,Moisturizers
Mini Squalane + Omega Repair Deep Hydration Moisturizer,Biossance,3.2333,30,20,Skincare,Moisturizers
Radiantly Rose Duo Set,Biossance,3.7,10,25,Skincare,Value & Gift Sets
Instant Hydration Set,Biossance,3.6667,3,74,Skincare,Value & Gift Sets
Amplified Tubing Mascara,Blinc,3.6518,1617,26,Makeup,Eye
Original Tubing Mascara,Blinc,4.0287,4075,26,Makeup,Eye
Lash Primer,Blinc,4.0167,60,26,Makeup,Eye
Lash Extension Tubing Mascara,Blinc,3.7941,34,26,Makeup,Eye
UltraVolume Tubing Mascara,Blinc,3.3794,253,26,Makeup,Eye
Vitamin Enriched Face Base Priming Moisturizer,Bobbi Brown,4.6058,3440,66,Skincare,Moisturizers
Long-Wear Cream Eyeshadow Stick,Bobbi Brown,4.6703,2487,32,Makeup,Eye
Long-Wear Gel Eyeliner,Bobbi Brown,4.2431,2620,32,Makeup,Eye
Under Eye Corrector,Bobbi Brown,4.4694,2499,33,Makeup,Face
Highlighting Powder,Bobbi Brown,4.5736,795,52,Makeup,Face
Mini Vitamin Enriched Face Base Priming Moisturizer,Bobbi Brown,4.5871,3577,24,Mini Size,Skincare
Skin Long-Wear Weightless Foundation SPF 15,Bobbi Brown,4.4647,2877,52,Makeup,Face
Skin Foundation Stick,Bobbi Brown,4.1852,1231,52,Makeup,Face
Crushed Lip Color,Bobbi Brown,4.4059,441,32,Makeup,Lip
Luxe Lipstick,Bobbi Brown,4.4961,256,40,Makeup,Lip
Crushed Liquid Lipstick,Bobbi Brown,4.4202,802,32,Makeup,Lip
Shimmer Brick Highlighter,Bobbi Brown,4.4031,655,52,Makeup,Face
Bronzer,Bobbi Brown,4.6209,604,46,Makeup,Cheek
Extra Lip Tint,Bobbi Brown,4.3542,240,35,Makeup,Lip
Crushed Oil-Infused Gloss,Bobbi Brown,4.7558,868,32,Makeup,Lip
Skin Foundation SPF 15,Bobbi Brown,4.0718,1114,52,Makeup,Face
Mini Highlighting Powder,Bobbi Brown,4.1452,62,25,Mini Size,Makeup
Sheer Finish Pressed Setting Powder,Bobbi Brown,4.5382,249,46,Makeup,Face
Ultra Fine Eye Liner Brush,Bobbi Brown,4.5546,366,31,Makeup,Brushes & Applicators
Skin Corrector Stick,Bobbi Brown,4.7367,771,33,Makeup,Face
Perfectly Defined Gel Eyeliner,Bobbi Brown,4.0047,212,32,Makeup,Eye
Luxe Matte Lipstick,Bobbi Brown,4.2719,114,38,Makeup,Lip
Smokey Eye Mascara,Bobbi Brown,4.3333,501,34,Makeup,Eye
Hydrating Eye Cream,Bobbi Brown,4.099,404,58,Skincare,Eye Care
Mini Shimmer Brick Highlighter,Bobbi Brown,4.3883,667,25,Mini Size,Makeup
Skin Concealer Stick,Bobbi Brown,4.6413,446,33,Makeup,Face
Beach Fragrance,Bobbi Brown,4.0987,476,82,Fragrance,Women
Skin Full Cover Concealer,Bobbi Brown,4.6893,1429,33,Makeup,Face
Instant Full Cover Concealer,Bobbi Brown,3.4195,267,32,Makeup,Face
Mini Out All-Night Long-Wear Cream Eyeshadow Stick Set,Bobbi Brown,4.4,5,30,Makeup,Eye
Vitamin Enriched Face Base & Skin Long Wear Foundation Customizable Set,Bobbi Brown,4,31,72,Makeup,Face
Intensive Serum Foundation SPF 40,Bobbi Brown,4.4383,235,75,Makeup,Face
Vitamin Enriched Eye Base,Bobbi Brown,4.639,241,58,Skincare,Eye Care
Full Coverage Face Brush,Bobbi Brown,4.5851,94,55,Makeup,Brushes & Applicators
Hydrating Face Cream Moisturizer,Bobbi Brown,4.2188,224,66,Skincare,Moisturizers
Skin Long-Wear Fluid Powder Foundation SPF 20,Bobbi Brown,3.8099,121,40,Makeup,Face
Skin Weightless Powder Foundation,Bobbi Brown,3.8897,136,52,Makeup,Face
Extra Illuminating Moisture Balm,Bobbi Brown,3.3697,165,74,Skincare,Moisturizers
Primer Plus Mattifier,Bobbi Brown,4.3692,260,42,Makeup,Face
No Smudge Mascara,Bobbi Brown,3.9298,114,34,Makeup,Eye
Extra Plump Hydrating Lip Serum,Bobbi Brown,3.7778,9,35,Makeup,Lip
Eye Opening Mascara,Bobbi Brown,3.2847,418,34,Makeup,Eye
Extra Lip Tint Duo Set,Bobbi Brown,4.2,5,34,Makeup,Lip
Crushed Oil-Infused Gloss Shimmer,Bobbi Brown,3.6667,6,32,Makeup,Lip
Soothing Face Cleanser Oil,Bobbi Brown,4.4063,32,53,Skincare,Cleansers
Vitamin Enriched Face Base Jumbo,Bobbi Brown,4.84,25,99,Skincare,Moisturizers
Check Your Bases Vitamin Enriched Face Base Set,Bobbi Brown,,,92,Makeup,Value & Gift Sets
Hydrating Water Fresh Cream Moisturizer,Bobbi Brown,4.3333,18,66,Skincare,Moisturizers
Mini Long-Wear Cream Eyeshadow Stick Duo Set,Bobbi Brown,2.5,4,25,Mini Size,Makeup
Extra Eye Repair Cream Intense,Bobbi Brown,3.3636,11,86,Skincare,Eye Care
Long-Wear Cream Eyeshadow Stick Limited Edition,Bobbi Brown,4.3333,3,32,Makeup,Eye
Micro Waterproof Eyebrow Pencil,Bobbi Brown,3.6667,9,35,Makeup,Eye
Mini Must Haves Skincare Set,Bobbi Brown,3.4286,7,25,Skincare,Mini Size
Extra Repair Moisture Cream,Bobbi Brown,4.5,2,110,Skincare,Moisturizers
Limited Edition Lunar New Year Sheer Finish Pressed Powder,Bobbi Brown,5,1,46,Makeup,Face
Perfume Sampler Set,Bon Parfumeur,5,4,25,Fragrance,Value & Gift Sets
"203 Raspberry, Vanilla and Blackberry Eau de Parfum Travel Spray",Bon Parfumeur,3.1667,6,34,Fragrance,Women
"103 Tiare Flower, Jasmine and Hibiscus Eau de Parfum",Bon Parfumeur,4.6,5,107,Fragrance,Women
"203 Raspberry, Vanilla and Blackberry Eau de Parfum",Bon Parfumeur,4.1667,6,107,Fragrance,Women
"103 Tiare Flower, Jasmine and Hibiscus Eau de Parfum Travel Spray",Bon Parfumeur,3.5,4,34,Fragrance,Women
"202 Watermelon, Red Currant and Jasmine Eau de Parfum Travel Spray",Bon Parfumeur,4.3333,3,34,Fragrance,Women
"002 Neroli, Jasmine and White Amber Eau de Parfum Travel Spray",Bon Parfumeur,5,2,34,Fragrance,Women
"202 Watermelon, Red Currant and Jasmine Eau de Parfum",Bon Parfumeur,4.5,6,107,Fragrance,Women
"001 Orange Blossom, Petitgrain and Bergamot Eau de Parfum Travel Spray",Bon Parfumeur,5,1,34,Fragrance,Women
"002 Neroli, Jasmine and White Amber Eau de Parfum",Bon Parfumeur,5,3,107,Fragrance,Women
"802 Peony, Lotus and Bamboo Eau de Parfum Travel Spray",Bon Parfumeur,5,4,53,Fragrance,Women
"801 Sea Spray, Cedar and Grapefruit Eau de Parfum Travel Spray",Bon Parfumeur,5,2,34,Fragrance,Women
"001 Orange Blossom, Petitgrain and Bergamot Eau de Parfum",Bon Parfumeur,4.75,4,107,Fragrance,Women
"802 Peony, Lotus and Bamboo Eau de Parfum",Bon Parfumeur,5,5,107,Fragrance,Women
"501 Praline, Licorice and Patchouli Eau de Parfum Travel Spray",Bon Parfumeur,3.5,2,34,Fragrance,Women
"501 Praline, Licorice and Patchouli Eau de Parfum",Bon Parfumeur,4.75,4,107,Fragrance,Women
"801 Sea Spray, Cedar and Grapefruit Eau de Parfum",Bon Parfumeur,5,3,107,Fragrance,Women
Intensive Leave-In Scalp Spray Treatment for Thinning Hair,BondiBoost,4.3724,196,19.95,Hair,Hair Styling & Treatments
Thermal and Heat Protectant Hair Spray,BondiBoost,4.6308,130,19.95,Hair,Hair Styling & Treatments
Hair Thickening Therapy Shampoo,BondiBoost,4.7835,679,29.95,Hair,Shampoo & Conditioner
HG Shampoo for Thinning Hair,BondiBoost,4.3175,781,29.95,Hair,Shampoo & Conditioner
Miracle Mask for Thinning Hair,BondiBoost,4.6628,261,27.99,Hair,Hair Styling & Treatments
HG Conditioner for Thinning Hair,BondiBoost,4.7694,516,29.95,Hair,Shampoo & Conditioner
Procapil Hair Tonic for Thinning Hair,BondiBoost,4.4111,90,21.99,Hair,Hair Styling & Treatments
Hair Thickening Therapy Conditioner,BondiBoost,4.8842,570,29.95,Hair,Shampoo & Conditioner
Hair Thickening Therapy Mask,BondiBoost,4.9249,253,29.95,Hair,Hair Styling & Treatments
Hair Thickening Therapy Styling Spray,BondiBoost,4.8726,259,27.99,Hair,Hair Styling & Treatments
Elixir Hair Oil Treatment with Castor Oil,BondiBoost,4.9211,266,19.95,Hair,Hair Styling & Treatments
Rapid Repair Serum for Damaged Hair,BondiBoost,4.8621,435,27.99,Hair,Hair Styling & Treatments
Rapid Repair Strengthening Shampoo,BondiBoost,4.5908,523,23.95,Hair,Shampoo & Conditioner
Detox Salt Scrub for Dry & Flaky Scalp,BondiBoost,4.8283,99,24.99,Hair,Hair Styling & Treatments
Rapid Repair Strengthening Conditioner,BondiBoost,4.7783,469,23.95,Hair,Shampoo & Conditioner
Rapid Repair Hair Mask,BondiBoost,4.9937,158,29.95,Hair,Hair Styling & Treatments
Volumising Sea Salt and Texture Spray,BondiBoost,4.6852,54,21,Hair,Hair Styling & Treatments
Blonde Baby Hydrating Toning Purple Shampoo,BondiBoost,4.8884,242,29.95,Hair,Shampoo & Conditioner
Curl Boss Frizz Fighting and Curl Defining Styling Cream,BondiBoost,4.83,200,27.99,Hair,Hair Styling & Treatments
Flyaway Fix Anti-Frizz Finishing Serum Wand,BondiBoost,4.5238,42,23.95,Hair,Hair Styling & Treatments
Curl Boss Frizz Fighting and Curl Defining Conditioner,BondiBoost,4.8673,196,29.95,Hair,Shampoo & Conditioner
Thickening Therapy Shampoo & Conditioner Duo,BondiBoost,4.7636,55,49.95,Hair,Value & Gift Sets
Blonde Baby Hydrating Toning Purple Conditioner,BondiBoost,4.9518,228,29.95,Hair,Shampoo & Conditioner
Blonde Baby Hydrating Toning Purple Hair Mask,BondiBoost,4.8756,217,27.99,Hair,Hair Styling & Treatments
Curl Boss Frizz Fighting and Curl Defining Shampoo,BondiBoost,4.6927,205,29.95,Hair,Shampoo & Conditioner
Heavenly Hydration Shampoo,BondiBoost,4.8056,108,29.99,Hair,Shampoo & Conditioner
Heavenly Hydration Pre-Shampoo Hair Oil,BondiBoost,4.9109,101,29.99,Hair,Hair Styling & Treatments
HG Shampoo & Conditioner Duo for Thinning Hair,BondiBoost,4.4,30,49.95,Hair,Value & Gift Sets
Heavenly Hydration Conditioner,BondiBoost,4.8785,107,29.99,Hair,Shampoo & Conditioner
Heavenly Hydration Hair Mask,BondiBoost,4.9818,110,29.99,Hair,Hair Styling & Treatments
Frizz Fix Serum,BondiBoost,4.9412,119,23.99,Hair,Hair Styling & Treatments
Anti-Frizz Shampoo,BondiBoost,4.9053,95,29.99,Hair,Shampoo & Conditioner
Anti-Frizz Hair Mask,BondiBoost,5,13,29.99,Hair,Hair Styling & Treatments
Anti-Frizz Conditioner,BondiBoost,4.9111,90,29.99,Hair,Shampoo & Conditioner
Fragrance Discovery Set,Boy Smells,4.537,54,25,Fragrance,Value & Gift Sets
Woodphoria Eau de Parfum Travel Spray,Boy Smells,4.5268,112,30,Fragrance,Women
Slow Burn Candle,Boy Smells,3.8571,7,52,Fragrance,Candles & Home Scents
LES Candle,Boy Smells,4.6545,55,38,Fragrance,Candles & Home Scents
LES Eau de Parfum Travel Spray,Boy Smells,3.625,8,30,Fragrance,Women
LES Eau de Parfum,Boy Smells,3.7,10,98,Fragrance,Women
Woodphoria Eau de Parfum,Boy Smells,4.5268,112,98,Fragrance,Women
"Cameo, Hinoki Fantôme, LES Mini Candle Trio Set",Boy Smells,4.9149,47,58,Fragrance,Candles & Home Scents
Cashmere Kush Candle,Boy Smells,2,1,38,Fragrance,Candles & Home Scents
Mini Candle Trio Set,Boy Smells,2.5,2,66,Fragrance,Candles & Home Scents
Hinoki Fantôme Candle,Boy Smells,4.6727,55,38,Fragrance,Candles & Home Scents
Cashmere Kush Eau de Parfum Travel Spray,Boy Smells,4.3171,41,30,Fragrance,Women
Flor de la Virgen Eau de Parfum Travel Spray,Boy Smells,4.4242,66,30,Fragrance,Women
Marble Fruit Eau de Parfum Travel Spray,Boy Smells,4.4318,44,30,Fragrance,Women
Copal Fantome Candle,Boy Smells,5,2,44,Fragrance,Candles & Home Scents
Flor de la Virgen Eau de Parfum,Boy Smells,4.4242,66,98,Fragrance,Women
Broken Rosary Candle,Boy Smells,5,1,44,Fragrance,Candles & Home Scents
Marble Fruit Eau de Parfum,Boy Smells,4.4318,44,98,Fragrance,Women
Hinoki Fantôme Eau de Parfum Travel Spray,Boy Smells,4.3596,89,30,Fragrance,Women
Polyamberous Candle,Boy Smells,4.3333,6,48,Fragrance,Candles & Home Scents
Kush Candle,Boy Smells,,,38,Fragrance,Candles & Home Scents
Cedar Stack Candle,Boy Smells,4.6222,45,38,Fragrance,Candles & Home Scents
Cameo Candle,Boy Smells,4.7045,44,38,Fragrance,Candles & Home Scents
Thé Fantôme Candle,Boy Smells,3.2,5,44,Fragrance,Candles & Home Scents
Incensorial Candle,Boy Smells,,,44,Fragrance,Candles & Home Scents
Cashmere Kush Eau de Parfum,Boy Smells,4.3171,41,98,Fragrance,Women
Figurare Candle,Boy Smells,,,44,Fragrance,Candles & Home Scents
Lanai Candle,Boy Smells,5,1,38,Fragrance,Candles & Home Scents
Hinoki Fantôme Eau de Parfum,Boy Smells,4.3596,89,98,Fragrance,Women
Neopeche Candle,Boy Smells,3.3333,3,48,Fragrance,Candles & Home Scents
Fleurshadow Candle,Boy Smells,,,48,Fragrance,Candles & Home Scents
Hair Oil  Everyday Gloss,BREAD BEAUTY SUPPLY,4.0785,293,24,Hair,Hair Styling & Treatments
Mini Everyday Hair Gloss Oil,BREAD BEAUTY SUPPLY,4.0785,293,14,Hair,Hair Styling & Treatments
Oil-Duo: For Your Hair & Body,BREAD BEAUTY SUPPLY,4.1667,12,28,Hair,Value & Gift Sets
Scalp-Serum: Cooling Greens Exfoliating Scalp Treatment,BREAD BEAUTY SUPPLY,3.9688,32,28,Hair,Hair Styling & Treatments
Mud-Mask: Hair & Scalp Detoxifying Pre-Wash Clay Treatment,BREAD BEAUTY SUPPLY,4.8269,52,34,Hair,Hair Styling & Treatments
Hair Mask Creamy Deep Conditioner,BREAD BEAUTY SUPPLY,4.4943,87,28,Hair,Shampoo & Conditioner
Elastic Bounce Leave-in Conditioning Styler Hair Cream,BREAD BEAUTY SUPPLY,4.3077,117,28,Hair,Hair Styling & Treatments
Wash-Day Essentials Kit for Curly & Textured Hair,BREAD BEAUTY SUPPLY,4.2917,48,58,Hair,Value & Gift Sets
Bread-Puff: Hair & Wrist Mini Scrunchie Set (4 pack),BREAD BEAUTY SUPPLY,4.2,5,16,Hair,Value & Gift Sets
100% Macadamia-Oil Concentrate Fragrance Free for Hair and Body,BREAD BEAUTY SUPPLY,4.2703,37,28,Hair,Hair Styling & Treatments
Hair Wash Gentle Milky Hair Cleanser,BREAD BEAUTY SUPPLY,4.4459,74,20,Hair,Shampoo & Conditioner
Detox Hair & Scalp Treatment Set,BREAD BEAUTY SUPPLY,4.1,10,58,Hair,Value & Gift Sets
Mini Elastic Bounce Leave-in Conditioning Styler Hair Cream,BREAD BEAUTY SUPPLY,4.3077,117,16,Hair,Hair Styling & Treatments
Bread Puff: Hair & Wrist Scrunchie,BREAD BEAUTY SUPPLY,4.5667,30,16,Hair,Tools
Hair Gel: Long-wear Curl Capturing Gloss,BREAD BEAUTY SUPPLY,5,5,26,Hair,Hair Styling & Treatments
"Don't Despair, Repair! Deep Conditioning Hair Mask",Briogeo,4.0752,3313,39,Hair,Hair Styling & Treatments
Scalp Revival Charcoal + Coconut Oil Micro-exfoliating Scalp Scrub Shampoo,Briogeo,4.0768,2853,42,Hair,Shampoo & Conditioner
Farewell Frizz Rosarco Milk Leave-In Conditioner,Briogeo,4.1949,1329,25,Hair,Hair Styling & Treatments
Don't Despair Repair Rice Water Protein + Moisture Strengthening Treatment,Briogeo,4.608,426,44,Hair,Hair Styling & Treatments
Scalp Revival Charcoal + Tea Tree Scalp Treatment Serum,Briogeo,4.0947,655,32,Hair,Hair Styling & Treatments
"Don't Despair, Repair! Strengthening Treatment Hair Oil",Briogeo,4.1202,890,30,Hair,Hair Styling & Treatments
Farewell Frizz Blow Dry Perfection Heat Protectant Cream,Briogeo,4.2283,508,26,Hair,Hair Styling & Treatments
"Be Gentle, Be Kind Avocado + Kiwi Mega Moisture Superfoods Hair Mask",Briogeo,4.2308,520,39,Hair,Hair Styling & Treatments
"Don’t Despair, Repair! Super Moisture Shampoo for Damaged Hair",Briogeo,4.1077,836,39,Hair,Shampoo & Conditioner
Scalp Revival Stimulating Therapy Massager,Briogeo,3.9671,243,18,Hair,Hair Styling & Treatments
Curl Charisma Rice Amino + Avocado Leave–In Defining Cream,Briogeo,4.1104,752,24,Hair,Hair Styling & Treatments
Superfoods Banana + Coconut Nourishing Shampoo + Conditioner Duo for Dry Hair,Briogeo,4.194,1062,52,Hair,Value & Gift Sets
Scalp Revival Charcoal + Coconut Oil Micro-exfoliating Shampoo Mini,Briogeo,3.6965,201,15,Hair,Shop by Concern
Scalp Revival Charcoal + Biotin Dry Shampoo,Briogeo,4.0457,700,25,Hair,Hair Styling & Treatments
"Mini Don't Despair, Repair! Deep Conditioning Hair Mask",Briogeo,3.9226,155,15,Mini Size,Hair
"Destined for Density Peptide Hair Serum for Thicker, Fuller Hair",Briogeo,3.9172,157,57,Hair,Hair Styling & Treatments
"Scalp Revival Charcoal + Tea Tree Cooling Hydration Mask for Dry, Itchy Scalp",Briogeo,4.5603,257,34,Hair,Hair Styling & Treatments
"Superfoods Apple, Matcha + Kale Replenishing Shampoo + Conditioner Duo",Briogeo,4.0365,712,52,Hair,Value & Gift Sets
"Scalp Revival Soothing Solutions Value Set for Oily, Itchy + Dry Scalp",Briogeo,4.4211,95,76,Hair,Value & Gift Sets
Blossom & Bloom Ginseng + Biotin Hair Volumizing Shampoo,Briogeo,3.7443,524,28,Hair,Shampoo & Conditioner
"Don't Despair, Repair! Super Moisture Conditioner for Dry + Damaged Hair",Briogeo,4.1548,239,39,Hair,Shampoo & Conditioner
Mini Farewell Frizz Rosarco Milk Leave-In Conditioner Spray,Briogeo,3.3594,128,12,Hair,Hair Styling & Treatments
"Farewell Frizz Rosehip, Argan & Coconut Hair Oil",Briogeo,3.6441,177,30,Hair,Hair Styling & Treatments
Superfoods Avocado + Kiwi Moisture Leave-In Conditioner,Briogeo,4.2381,231,25,Hair,Hair Styling & Treatments
Superfoods Mango + Cherry Balancing Shampoo + Conditioner Duo for Oil Control,Briogeo,4,308,52,Hair,Value & Gift Sets
"Don’t Despair, Repair! Strength + Repair Solutions Set",Briogeo,4.3218,87,79,Hair,Value & Gift Sets
Curl Charisma Rice Amino + Quinoa Frizz Control Gel,Briogeo,3.9944,356,24,Hair,Hair Styling & Treatments
"Be Gentle, Be Kind Aloe + Oat Milk Ultra Soothing Fragrance-Free Detangler",Briogeo,3.9823,621,25,Hair,Hair Styling & Treatments
Blossom & Bloom Ginseng + Biotin Hair Volumizing Conditioner,Briogeo,3.7923,284,28,Hair,Shampoo & Conditioner
The Ultimate Hydrate + Repair Hair + Scalp Mask Kit,Briogeo,4.75,40,29,Hair,Value & Gift Sets
Vegan Boar Bristle Hair Brush,Briogeo,3.8646,96,28,Hair,Tools
Superfoods Matcha + Apple Replenishing Shampoo,Briogeo,3.7602,442,30,Hair,Shampoo & Conditioner
Curl Charisma Rice Amino + Avocado Hydrating Shampoo,Briogeo,4.0366,246,28,Hair,Shampoo & Conditioner
Curl Charisma Rice Amino + Shea Curl Defining Conditioner,Briogeo,4.1708,322,28,Hair,Shampoo & Conditioner
Blossom & Bloom Ginseng + Biotin Hair Volumizing Spray,Briogeo,3.9819,331,25,Hair,Hair Styling & Treatments
Farewell Frizz Smoothing Conditioner,Briogeo,4.0854,246,28,Hair,Shampoo & Conditioner
Superfoods Banana + Coconut Hydrating Soft Wave Texture Spray,Briogeo,4.3036,224,25,Hair,Hair Styling & Treatments
Superfoods Kale + Apple Replenishing Conditioner,Briogeo,4.3213,249,30,Hair,Shampoo & Conditioner
Farewell Frizz Smoothing Shampoo,Briogeo,3.9591,342,28,Hair,Shampoo & Conditioner
"Scalp Revival Soothe + Detoxify Travel Set for Dry Itchy, Oily Scalp",Briogeo,3.7381,42,35,Hair,Shampoo & Conditioner
Superfoods Banana + Coconut Nourishing Shampoo,Briogeo,3.9829,467,30,Hair,Shampoo & Conditioner
Superfoods Banana + Coconut Nourishing Conditioner,Briogeo,4.2579,318,30,Hair,Shampoo & Conditioner
Curl Charisma Rice Amino + Avocado Hydrating & Defining Hair Mask,Briogeo,4.4773,44,39,Hair,Hair Styling & Treatments
"Don't Despair, Repair! Strengthen + Repair Travel Kit",Briogeo,3.6744,43,32,Hair,Value & Gift Sets
"Be Gentle, Be Kind Aloe + Oat Milk Ultra Soothing Fragrance-free Hypoallergenic Shampoo",Briogeo,3.9009,646,28,Hair,Shampoo & Conditioner
"Destined For Density Peptide Shampoo for Thicker, Fuller Hair",Briogeo,4.4127,63,32,Hair,Shampoo & Conditioner
Curl Charisma Silicone-Free Curly Hair Care Travel Kit,Briogeo,3.3889,18,30,Hair,Value & Gift Sets
Curl Charisma Chia + Flax Seed Coil Custard,Briogeo,4,86,26,Hair,Hair Styling & Treatments
Superfoods Mango + Cherry Oil Control & Balancing Shampoo,Briogeo,4.2271,207,30,Hair,Shampoo & Conditioner
"Be Gentle, Be Kind Aloe + Oat Milk Ultra Soothing Fragrance-free Hypoallergenic Conditioner",Briogeo,4.1399,579,28,Hair,Shampoo & Conditioner
"Destined For Density Peptide Conditioner for Thicker, Fuller Hair",Briogeo,4.7115,52,32,Hair,Shampoo & Conditioner
Farewell Frizz  Smooth + Shine Hair Care Travel Kit for Frizz Control  + Heat Protection,Briogeo,2.2857,14,30,Hair,Value & Gift Sets
Superfoods Mango + Cherry Oil Control & Balancing Conditioner,Briogeo,4.6477,176,30,Hair,Shampoo & Conditioner
Blossom & Bloom Volumize + Lift Hair Care Travel Kit,Briogeo,2.8333,6,25,Hair,Value & Gift Sets
"Be Gentle, Be Kind Aloe + Oat Milk Ultra Soothing 3-in-1 Cleansing Bar",Briogeo,4.8434,83,25,Hair,Shampoo & Conditioner
"Don't Despair, Repair! Super Moisture Conditioner Jumbo",Briogeo,,,69,Hair,Shampoo & Conditioner
Hairdresser’s Invisible Oil Heat & UV Protective Primer,Bumble and bumble,4.566,2779,32,Hair,Hair Styling & Treatments
Hairdresser’s Invisible Oil,Bumble and bumble,4.4964,1801,43,Hair,Hair Styling & Treatments
Thickening Dryspun Volume Texture Spray,Bumble and bumble,4.1912,1255,34,Hair,Hair Styling & Treatments
Mini Hairdresser's Invisible Oil Primer,Bumble and bumble,4.566,2779,15,Mini Size,Hair
Surf Spray,Bumble and bumble,3.6323,2271,30,Hair,Hair Styling & Treatments
Don't Blow It Fine Hair Air Dry Styler,Bumble and bumble,3.8662,1196,32,Hair,Hair Styling & Treatments
Prêt-à-Powder Dry Shampoo Powder,Bumble and bumble,4.0646,1440,15,Hair,Hair Styling & Treatments
Sunday Clarifying Shampoo,Bumble and bumble,4.6747,833,30,Hair,Shampoo & Conditioner
Thickening Volume Shampoo,Bumble and bumble,3.7386,700,34,Hair,Shampoo & Conditioner
Thickening Spray,Bumble and bumble,4.098,888,30,Hair,Hair Styling & Treatments
Bb. Heat Shield Thermal Protection Mist,Bumble and bumble,4.4926,272,17,Hair,Hair Styling & Treatments
Hairdresser's Invisible Oil Shampoo,Bumble and bumble,3.9588,558,34,Hair,Shampoo & Conditioner
Hairdresser's Invisible Oil Conditioner,Bumble and bumble,4.1946,447,35,Hair,Shampoo & Conditioner
Bb. Pret-a-Powder Tres Invisible Dry Shampoo with French Pink Clay,Bumble and bumble,4.3024,678,30,Hair,Hair Styling & Treatments
Repair Blow Dry,Bumble and bumble,4.6061,457,32,Hair,Hair Styling & Treatments
Mini Hairdresser’s Invisible Oil,Bumble and bumble,4.19,100,24,Mini Size,Hair
Straight Blow Dry,Bumble and bumble,4.3593,782,32,Hair,Hair Styling & Treatments
Surf Infusion,Bumble and bumble,3.6271,421,30,Hair,Hair Styling & Treatments
Mini Thickening Dryspun Volume Texture Spray,Bumble and bumble,3.9,50,16,Hair,Mini Size
Pret-a-Powder Post Workout Dry Shampoo Mist,Bumble and bumble,3.7883,222,31,Hair,Hair Styling & Treatments
Surf Foam Spray Blow Dry,Bumble and bumble,3.9744,234,31,Hair,Hair Styling & Treatments
Super Rich Conditioner,Bumble and bumble,4.2139,346,31,Hair,Shampoo & Conditioner
Hairdresser’s Invisible Oil Dry Oil Finishing Spray,Bumble and bumble,3.9416,154,34,Hair,Shampoo & Conditioner
Prep,Bumble and bumble,4.2313,294,28,Hair,Hair Styling & Treatments
Tonic Lotion,Bumble and bumble,4.362,511,28,Hair,Hair Styling & Treatments
All-Style Blow Dry,Bumble and bumble,4.5701,214,32,Hair,Hair Styling & Treatments
Save the Day Daytime Protective Repair Fluid,Bumble and bumble,4.4872,156,45,Hair,Hair Styling & Treatments
Curl Reactivator,Bumble and bumble,4.4802,202,30,Hair,Hair Styling & Treatments
Mini Prêt-à-Powder,Bumble and bumble,4.0646,1440,15,Mini Size,Hair
Gentle Shampoo,Bumble and bumble,4.1627,332,30,Hair,Shampoo & Conditioner
Mini Thickening Spray,Bumble and bumble,3.3265,49,16,Mini Size,Hair
Bb. Color Stick,Bumble and bumble,3.8476,164,28,Hair,Shop by Concern
Spray de Mode Flexible Hold Hairspray,Bumble and bumble,4.0956,293,34,Hair,Hair Styling & Treatments
Bb. While You Sleep Overnight Damage Repair Masque,Bumble and bumble,4.1731,104,49,Hair,Hair Styling & Treatments
Mini Pret-a-Powder Post Workout Dry Shampoo Mist,Bumble and bumble,2.8571,49,16,Hair,Hair Styling & Treatments
Bb. Texture Hair (Un) Dressing Creme,Bumble and bumble,4.0654,627,32,Hair,Hair Styling & Treatments
Surf Foam Wash Shampoo,Bumble and bumble,3.5746,315,30,Hair,Shampoo & Conditioner
Creme de Coco Shampoo,Bumble and bumble,4.1788,274,30,Hair,Shampoo & Conditioner
Sumotech Flexible Cream Solid,Bumble and bumble,4.4326,215,32,Hair,Hair Styling & Treatments
Hairdresser's Invisible Oil 72 Hour Hydrating Hair Mask,Bumble and bumble,4.4267,232,43,Hair,Hair Styling & Treatments
Bb. Pret-a-Powder Tres Invisible Nourishing Dry Shampoo with Hibiscus Extract,Bumble and bumble,4.3302,315,30,Hair,Hair Styling & Treatments
Hairdresser's Invisible Oil Ultra Rich Hyaluronic Treatment Lotion,Bumble and bumble,4.744,375,45,Hair,Hair Styling & Treatments
Creme de Coco Conditioner,Bumble and bumble,3.8919,222,31,Hair,Shampoo & Conditioner
Surf Styling Leave In,Bumble and bumble,3.7816,87,32,Hair,Hair Styling & Treatments
Does It All Light Hold Hairspray,Bumble and bumble,4.2125,240,34,Hair,Hair Styling & Treatments
Mini Surf Spray,Bumble and bumble,3.1667,48,16,Mini Size,Hair
Brilliantine,Bumble and bumble,4.299,301,26,Hair,Hair Styling & Treatments
Curl Defining Cream,Bumble and bumble,4.124,597,32,Hair,Hair Styling & Treatments
Brownish Hair Powder,Bumble and bumble,3.1089,505,38,Hair,Hair Styling & Treatments
Seaweed Shampoo,Bumble and bumble,4.1336,232,30,Hair,Shampoo & Conditioner
Bb. Don’t Blow It Thick (H)air Styler,Bumble and bumble,3.8736,87,32,Hair,Hair Styling & Treatments
Surf Creme Rinse Conditioner,Bumble and bumble,3.6881,109,31,Hair,Shampoo & Conditioner
Thickening Volume Conditioner,Bumble and bumble,2.9206,63,35,Hair,Shampoo & Conditioner
Styling Creme,Bumble and bumble,4.0085,234,28,Hair,Hair Styling & Treatments
Curl Mousse,Bumble and bumble,4.4818,110,32,Hair,Hair Styling & Treatments
Full Potential Hair Preserving Shampoo,Bumble and bumble,3.6322,87,34,Hair,Shampoo & Conditioner
Hairdresser's Invisible Oil Soft Texture Finishing Spray,Bumble and bumble,4.4762,21,34,Hair,Hair Styling & Treatments
Grooming Creme,Bumble and bumble,4.207,227,32,Hair,Hair Styling & Treatments
Bond-Building Repair Treatment,Bumble and bumble,4.8505,368,35,Hair,Hair Styling & Treatments
Curl 3 in 1 Conditioner,Bumble and bumble,4.558,138,35,Hair,Shampoo & Conditioner
Bb. Heat Shield Blow Dry Accelerator,Bumble and bumble,4.5654,191,32,Hair,Hair Styling & Treatments
Mini Bb. Heat Shield Thermal Protection Mist,Bumble and bumble,4.25,4,17,Hair,Hair Styling & Treatments
Mini Spray de Mode Flexible Hold Hairspray,Bumble and bumble,3.7143,35,16,Mini Size,Hair
Bond-Building Repair Shampoo,Bumble and bumble,4.7016,315,34,Hair,Shampoo & Conditioner
Bond-Building Repair Conditioner,Bumble and bumble,4.8353,334,35,Hair,Shampoo & Conditioner
Curl Moisturizing Shampoo,Bumble and bumble,4.6791,134,34,Hair,Shampoo & Conditioner
Mini Treat Hair to Hydration Hair Set,Bumble and bumble,3.5556,9,20,Hair,Value & Gift Sets
Mini Curl Reactivator,Bumble and bumble,4.4802,202,15,Hair,Hair Styling & Treatments
Thickening Full Form Soft Mousse,Bumble and bumble,3.2558,43,32,Hair,Hair Styling & Treatments
Light Defining Curl Cream,Bumble and bumble,4.6647,173,32,Hair,Hair Styling & Treatments
Bb.Illuminated Blonde Purple Leave In Spray,Bumble and bumble,3.9737,38,28,Hair,Hair Styling & Treatments
Mini Hairdresser’s Invisible Oil Conditioner,Bumble and bumble,3.5152,33,16,Mini Size,Hair
Curl Anti-Humidity Gel Oil,Bumble and bumble,3.6604,53,32,Hair,Hair Styling & Treatments
Full Potential Hair Preserving Booster Spray,Bumble and bumble,3.6735,49,60,Hair,Hair Styling & Treatments
Mini Thickening Shampoo,Bumble and bumble,3.087,23,16,Mini Size,Hair
Semisumo,Bumble and bumble,4.3953,86,32,Hair,Hair Styling & Treatments
Mini Hairdresser’s Invisible Oil Shampoo,Bumble and bumble,3.5789,19,16,Mini Size,Hair
Bb. sumoclay,Bumble and bumble,4.6111,54,32,Hair,Hair Styling & Treatments
The Bond-Building Repair Trio,Bumble and bumble,3.8571,14,28,Hair,Value & Gift Sets
Bb. Strong Finish Firm Hold Hairspray,Bumble and bumble,3.8723,47,34,Hair,Hair Styling & Treatments
Thickening Great Body Blow Dry Crème,Bumble and bumble,3.4878,41,32,Hair,Hair Styling & Treatments
Full Potential Hair Preserving Conditioner,Bumble and bumble,3.6389,36,35,Hair,Shampoo & Conditioner
Seaweed Conditioner,Bumble and bumble,3.3664,131,31,Hair,Shampoo & Conditioner
Mini Curl Defining Cream,Bumble and bumble,2.4167,12,16,Hair,Hair Styling & Treatments
Mini Sunday Clarifying Shampoo,Bumble and bumble,3.875,8,16,Hair,Shampoo & Conditioner
Blondish Hair Powder,Bumble and bumble,3.0283,247,38,Hair,Hair Styling & Treatments
Hairdresser's Invisible Oil Ultra Rich Conditioner,Bumble and bumble,4.2444,45,35,Hair,Shampoo & Conditioner
Gel,Bumble and bumble,4.2745,51,28,Hair,Hair Styling & Treatments
Hairdresser's Invisible Oil Hot Oil Concentrate,Bumble and bumble,3.7308,26,32,Hair,Hair Styling & Treatments
Bond-Building Repair Styling Cream,Bumble and bumble,4.741,139,34,Hair,Hair Styling & Treatments
Mini Pret-a-Powder Tres Invisible Dry Shampoo with French Pink Clay,Bumble and bumble,2.4762,21,16,Hair,Hair Styling & Treatments
Hairdresser's Invisible Oil Ultra Rich Shampoo,Bumble and bumble,4.0678,59,34,Hair,Shampoo & Conditioner
Thickening Go Big Plumping Hair Treatment,Bumble and bumble,4.2222,9,31,Hair,Hair Styling & Treatments
Curl Butter Mask,Bumble and bumble,3.8,5,43,Hair,Hair Styling & Treatments
Sumo Liquid Wax+ Finishing Spray,Bumble and bumble,3.9167,12,32,Hair,Hair Styling & Treatments
Brilliantine,Bumble and bumble,4.5,10,26,Mini Size,Hair
Thickening Plumping Mask,Bumble and bumble,4.7907,43,43,Hair,Hair Styling & Treatments
Mini Curl 3 in 1 Conditioner,Bumble and bumble,4.558,138,16,Hair,Shampoo & Conditioner
Sunday Purifying Clay Detox Shampoo,Bumble and bumble,4.7135,370,34,Hair,Shampoo & Conditioner
Bb. Illuminated Blonde Purple Conditioner,Bumble and bumble,4.871,31,35,Hair,Shampoo & Conditioner
Bb. sumogel,Bumble and bumble,4,15,32,Hair,Hair Styling & Treatments
Bb. Illuminated Blonde Purple Shampoo,Bumble and bumble,4.2,35,34,Hair,Shampoo & Conditioner
Mini Curl Moisturizing Shampoo,Bumble and bumble,4.6791,134,16,Hair,Shampoo & Conditioner
Surf Texturizing Finishing Foam,Bumble and bumble,4,9,29,Hair,Hair Styling & Treatments
Hairderesser's Invisible Oil Starter Set,Bumble and bumble,,,29,Hair,Value & Gift Sets
Curl Starter Set,Bumble and bumble,,,29,Hair,Value & Gift Sets
Curl Gel Pomade,Bumble and bumble,3.5,2,32,Hair,Hair Styling & Treatments
Mini Thickening Volume Conditioner,Bumble and bumble,,,16,Mini Size,Hair
Mini Sunday Purifying Clay Detox Shampoo,Bumble and bumble,4.7135,370,14,Hair,Shampoo & Conditioner
Sunday Scalp Reset Foam Pre Shampoo,Bumble and bumble,4.766,47,34,Hair,Hair Styling & Treatments
Her Eau de Parfum,BURBERRY,4.3023,1280,123,Fragrance,Women
Mini Her Eau de Parfum Set,BURBERRY,4.3429,105,29,Fragrance,Value & Gift Sets
My Burberry Blush,BURBERRY,4.3719,320,95,Fragrance,Women
Her Eau de Parfum Rollerball,BURBERRY,4.3023,1280,38,Fragrance,Women
Her Elixir Eau de Parfum Intense,BURBERRY,4.3243,404,165,Fragrance,Women
Mini Her Perfume Trio Set,BURBERRY,3,7,49,Fragrance,Value & Gift Sets
My Burberry Black,BURBERRY,4.3146,178,99,Fragrance,Women
My Burberry,BURBERRY,4.5967,181,95,Fragrance,Women
Her Eau De Toilette,BURBERRY,4.2273,308,133,Fragrance,Women
Her Blossom Eau de Toilette,BURBERRY,4.069,58,101,Fragrance,Women
Her London Dream Eau de Parfum,BURBERRY,4.2993,401,123,Fragrance,Women
Burberry London,BURBERRY,4.6875,272,112,Fragrance,Women
Touch,BURBERRY,4.85,140,74,Fragrance,Men
Her Blossom Eau de Toilette Rollerball,BURBERRY,4.069,58,38,Fragrance,Women
Mr. Burberry Eau de Parfum,BURBERRY,5,17,140,Fragrance,Men
London for Men,BURBERRY,4.7653,98,94,Fragrance,Men
Hero Eau de Toilette,BURBERRY,4.3113,302,95,Fragrance,Men
Mr. Burberry Eau de Toilette,BURBERRY,4.8421,38,117,Fragrance,Men
Hero Eau de Parfum,BURBERRY,4.3085,295,140,Fragrance,Men
Brit For Men,BURBERRY,4.6735,98,94,Fragrance,Men
Brit Rhythm,BURBERRY,4.8462,39,69,Fragrance,Men
Brit Splash,BURBERRY,4.6667,6,94,Fragrance,Men
Hero Eau de Toilette Gift Set,BURBERRY,5,1,126,Fragrance,Value & Gift Sets
Her Elixir Eau de Parfum Intense Travel Spray,BURBERRY,,,38,Fragrance,Women
Her Eau de Parfum Travel Spray,BURBERRY,,,38,Fragrance,Women
Her Blossom Eau de Toilette Travel Spray,BURBERRY,,,38,Fragrance,
Full-On Plumping Lip Polish Gloss,Buxom,4.625,12367,25,Makeup,Lip
Full-On Plumping Lip Cream Gloss,Buxom,4.6163,3109,25,Makeup,Lip
Power-full Plump Lip Balm,Buxom,3.6285,1058,19,Makeup,Lip
Lash Volumizing Mascara,Buxom,4.3517,9250,25,Makeup,Eye
Lash Waterproof Volumizing Mascara,Buxom,4.1036,695,25,Makeup,Eye
Plump Shot Collagen-Infused Lip Serum Plumper,Buxom,4.2051,117,28,Makeup,Lip
Power Line Plumping Lip Liner,Buxom,4.0909,33,21,Makeup,Lip
Leila Lou Perfume,By Rosie Jane,4.4725,218,70,Fragrance,Women
Wake the F*ck Up Deodorant,By Rosie Jane,3.9773,44,15,Bath & Body,Body Care
Leila Lou Perfume Travel Spray,By Rosie Jane,4.2931,58,28,Fragrance,Women
Rosie Perfume,By Rosie Jane,4.4498,249,70,Fragrance,Women
Wake the F*ck Up Everyday Body Wash,By Rosie Jane,4.125,8,25,Bath & Body,Bath & Shower
Fragrance Discovery Set,By Rosie Jane,4.7635,148,25,Fragrance,Value & Gift Sets
James Perfume,By Rosie Jane,4.5957,94,70,Fragrance,Women
Calm the F*ck Down Everyday Body Wash,By Rosie Jane,3.7333,15,25,Bath & Body,Bath & Shower
Rosie Perfume Oil,By Rosie Jane,4.0157,127,45,Bath & Body,Body Moisturizers
Rosie Perfume Travel Spray,By Rosie Jane,3.6111,54,28,Fragrance,Women
Leila Lou Perfume Oil,By Rosie Jane,4.8545,55,45,Fragrance,Women
Madie Perfume,By Rosie Jane,4.0686,102,70,Fragrance,Women
Dylan Perfume,By Rosie Jane,4.614,57,70,Fragrance,Women
James Perfume Travel Spray,By Rosie Jane,4.0833,24,28,Fragrance,Women
Leila Lou Everyday Body Wash,By Rosie Jane,4.4615,13,25,Bath & Body,Bath & Shower
Dulce Eau de Parfum,By Rosie Jane,4.7353,34,70,Fragrance,Women
Dylan Perfume Travel Spray,By Rosie Jane,4.0588,17,28,Fragrance,Women
Lake Perfume Travel Spray,By Rosie Jane,4.4615,13,28,Fragrance,Women
Madie Perfume Travel Spray,By Rosie Jane,4.0686,102,28,Fragrance,Women
Calm the F*ck Down Everyday Essentials Set,By Rosie Jane,3.6667,3,35,Bath & Body,Value & Gift Sets
Leila Lou Hydrating Body Oil,By Rosie Jane,3.75,12,40,Bath & Body,Body Moisturizers
James Perfume Oil,By Rosie Jane,4.88,25,45,Fragrance,Women
Angie Perfume Travel Spray,By Rosie Jane,3.8182,11,28,Fragrance,Women
Angie Perfume,By Rosie Jane,4.4808,52,28,Fragrance,Women
Wake the F*ck Up Body Oil,By Rosie Jane,4.5,2,40,Bath & Body,Body Moisturizers
Dulce Travel Spray,By Rosie Jane,4,18,28,Fragrance,Women
James Candle,By Rosie Jane,4.6667,3,42,Fragrance,Candles & Home Scents
Lake Perfume,By Rosie Jane,4.42,50,70,Fragrance,Women
Wake the F*ck Up Everyday Essentials Set,By Rosie Jane,4.6667,3,35,Fragrance,Value & Gift Sets
Rosie Everyday Body Wash,By Rosie Jane,4.1,10,25,Bath & Body,Bath & Shower
Calm the F*ck Down Body Oil,By Rosie Jane,3.5,2,40,Bath & Body,Body Moisturizers
James Everyday Body Wash,By Rosie Jane,3.6667,3,25,Bath & Body,Bath & Shower
Dulce Perfume Oil,By Rosie Jane,4.4211,38,45,Fragrance,Women
Calm the F*ck Down Deodorant,By Rosie Jane,3,9,15,Bath & Body,Body Care
Leila Lou Gift Set,By Rosie Jane,5,2,80,Fragrance,Value & Gift Sets
James Hydrating Body Oil,By Rosie Jane,3.3333,6,40,Bath & Body,Body Moisturizers
Angie Perfume Oil,By Rosie Jane,4.3333,6,45,Bath & Body,Body Moisturizers
Madie Perfume Oil,By Rosie Jane,4.6364,11,45,Fragrance,Women
Leila Lou Perfume Gift Set,By Rosie Jane,,,55,Fragrance,Value & Gift Sets
Dylan Perfume Oil,By Rosie Jane,4.3571,14,45,Fragrance,Women
Lake Perfume Oil,By Rosie Jane,3.6667,12,45,Fragrance,Women
The Shebang Gift Set,By Rosie Jane,4,6,95,Fragrance,Value & Gift Sets
Leila Lou Candle,By Rosie Jane,3.5,4,42,Fragrance,Candles & Home Scents
Rosie Everyday Body Oil,By Rosie Jane,4,1,40,Bath & Body,Body Moisturizers
Leila Lou Home + Away Gift Set,By Rosie Jane,5,2,78,Fragrance,Value & Gift Sets
SO Blown Blurring Collagen Peptide Primer,caliray,4.4773,176,36,Makeup,Face
Glazed and Infused No Burn Plumping Lip Gloss,caliray,4.3937,221,19,Makeup,Lip
Come Hell or High Water Volumizing Tubing Mascara,caliray,4.2535,643,24,Makeup,Eye
Freedreaming Clean Blurring Skin Tint,caliray,4.2713,188,40,Makeup,Face
Mini Come Hell or High Water Volumizing Tubing Mascara,caliray,3.8221,163,13,Makeup,Eye
Surfproof Hydrating Setting Spray with Niacinamide,caliray,4.8189,127,35,Makeup,Face
Surfproof Easy Glider Eye Definer Waterproof Eyeliner Pencil,caliray,4.1921,203,20,Makeup,Eye
Just Add Rays Universal Translucent Glow Booster Drops,caliray,4.3563,87,34,Makeup,Face
Party Wave Mascara & Eyeliner Set,caliray,4.6667,12,30,Makeup,Eye
Get Lit Skin and Mood Boosting Supplement,caliray,4.5,24,48,Skincare,Wellness
Hi! Light Radiant Glow Highlighter,caliray,4.88,100,30,Makeup,Face
Endless Sunset Face and Eyeshadow Talc-Free Palette,caliray,4.8333,72,48,Makeup,Makeup Palettes
euphoria,Calvin Klein,4.5671,589,93,Fragrance,Women
ck one Eau de Toilette,Calvin Klein,4.6683,202,68,Fragrance,Women
ck one All Over Body Spray,Calvin Klein,4.8333,12,20,Fragrance,Women
ETERNITY,Calvin Klein,4.0103,291,114,Fragrance,Women
ETERNITY FOR MEN,Calvin Klein,4.5126,119,104,Fragrance,Men
Obsessed for Her,Calvin Klein,4,5,81,Fragrance,Women
euphoria men,Calvin Klein,4.4138,58,104,Fragrance,Men
ETERNITY Aqua For Men,Calvin Klein,4.55,20,80,Fragrance,Men
The Canopy Humidifier Starter Set,CANOPY,4.4412,68,150,Skincare,High Tech Tools
The Canopy Aroma Diffuser Starter Set,CANOPY,5,10,90,Fragrance,Value & Gift Sets
Rituals by Canopy Aroma Kit,CANOPY,5,6,40,Fragrance,Value & Gift Sets
Volcano Diffuser Oil,Capri Blue,4,3,22,Fragrance,Candles & Home Scents
Mini Volcano Hand Lotion Cream,Capri Blue,4,1,14,Bath & Body,Body Moisturizers
Good Girl Eau de Parfum,Carolina Herrera,4.4665,671,110,Fragrance,Women
Mini Good Girl Eau de Parfum Set,Carolina Herrera,4.1304,23,35,Fragrance,Value & Gift Sets
Good Girl Rollerball,Carolina Herrera,4.4665,671,32,Fragrance,Women
Very Good Girl Eau de Parfum,Carolina Herrera,4.1341,82,147,Fragrance,Women
Good Girl Eau de Parfum Supreme,Carolina Herrera,4.6409,220,119,Fragrance,Women
Good Girl Eau de Parfum Légère,Carolina Herrera,4.5467,75,110,Fragrance,Women
Mini Good Girl Eau de Parfum,Carolina Herrera,4.4665,671,15,Fragrance,Women
Mini Good Girl Perfume Set,Carolina Herrera,2.75,4,30,Fragrance,Value & Gift Sets
Good Girl Blush Eau de Parfum,Carolina Herrera,4.3846,13,147,Fragrance,Women
Good Girl Eau de Parfum Trio Set,Carolina Herrera,4.75,8,35,Fragrance,Value & Gift Sets
Very Good Girl Eau de Parfum Rollerball,Carolina Herrera,3.8824,17,34,Fragrance,Women
Good Girl Légère Rollerball,Carolina Herrera,4.3636,11,30,Fragrance,Women
Bad Boy Eau de Toilette,Carolina Herrera,4.6,15,85,Fragrance,Men
Good Girl Body Mist,Carolina Herrera,4.6667,6,40,Fragrance,Women
Bad Boy Le Parfum,Carolina Herrera,4.2027,74,125,Fragrance,Men
Bad Boy Cobalt Eau de Parfum,Carolina Herrera,3.25,4,96,Fragrance,Men
Bad Boy Cobalt Eau de Parfum Travel Spray,Carolina Herrera,,,38,Fragrance,Women
Bad Boy Extreme Eau de Parfum,Carolina Herrera,,,125,Fragrance,Men
Good Girl Blush Eau de Parfum Rollerball,Carolina Herrera,,,34,Fragrance,Women
"Beauty Elixir Prep, Set, Glow Face Mist",Caudalie,4.2396,3405,49,Skincare,Moisturizers
Vinoperfect Radiance Dark Spot Serum Vitamin C Alternative,Caudalie,4.2442,2911,82,Skincare,Treatments
Vinosource-Hydra Moisturizing Sorbet,Caudalie,4.2202,1962,38,Skincare,Moisturizers
Grape Water Moisturizing Face Mist,Caudalie,4.4431,1686,12,Skincare,Moisturizers
Vinopure Natural Salicylic Acid Pore Minimizing Serum,Caudalie,4.3375,1360,52,Skincare,Treatments
Pore Minimizing Instant Detox Mask,Caudalie,4.5015,1029,42,Skincare,Masks
Hand and Nail Cream,Caudalie,4.5379,1344,16,Bath & Body,Body Moisturizers
Vinopure Pore Purifying Gel Cleanser,Caudalie,4.4615,949,30,Skincare,Cleansers
Vinoperfect Instant Brightening Moisturizer with Niacinamide,Caudalie,4.3969,703,65,Skincare,Moisturizers
Vinoclean Cleansing Micellar Water,Caudalie,4.009,664,30,Skincare,Cleansers
Vinoperfect Brightening Glycolic Essence,Caudalie,4.2692,535,59,Skincare,Moisturizers
Vinosource-Hydra SOS Intense Hydration Moisturizer,Caudalie,4.0697,502,45,Skincare,Moisturizers
Vinopure Natural Salicylic Acid Pore Minimizing Toner,Caudalie,4.0414,459,30,Skincare,Cleansers
Vinoclean Makeup Removing Cleansing Oil,Caudalie,4.3098,439,30,Skincare,Cleansers
Premier Cru Dark Circle Correcting Eye Cream,Caudalie,4.6139,404,85,Skincare,Eye Care
Resveratrol Lift Instant Firming Retinol Alternative Serum,Caudalie,4.5722,353,84,Skincare,Treatments
Resveratrol Lift Retinol Alternative Firming Cashmere Moisturizer,Caudalie,4.6567,335,69,Skincare,Moisturizers
Vinosculpt Lift & Firm Body Cream,Caudalie,4.3009,226,45,Bath & Body,Body Care
Premier Cru Anti Aging Cream Moisturizer with Hyaluronic Acid,Caudalie,4.6379,243,129,Skincare,Moisturizers
Vinoperfect Brightening Glycolic Night Cream,Caudalie,4.4667,240,69,Skincare,Moisturizers
Gentle Buffing Cream,Caudalie,4.3051,236,35,Skincare,Cleansers
Mini Pore Minimizing Instant Detox Mask,Caudalie,4.5015,1029,22,Mini Size,Skincare
Premier Cru Anti-Aging Serum with Niacinamide and Hyaluronic Acid,Caudalie,4.75,212,139,Skincare,Treatments
"Mini Beauty Elixir Prep, Set, Glow Face Mist",Caudalie,4.2396,3405,20,Mini Size,Skincare
Vinoperfect Brightening Glycolic Peel Mask,Caudalie,4.5365,192,42,Skincare,Masks
Vinosource-Hydra SOS Hydrating Hyaluronic Acid Serum,Caudalie,4.6614,189,52,Skincare,Treatments
Vinosource-Hydra Grape Water Gel Moisturizer,Caudalie,4.2432,185,45,Skincare,Moisturizers
Vinoclean Moisturizing Toner with Rose Water,Caudalie,4.3352,176,30,Skincare,Cleansers
Vinoclean Gentle Cleansing Almond Milk,Caudalie,4.3523,176,30,Skincare,Cleansers
Resveratrol Lift Firming Eye Gel-Cream,Caudalie,4.3333,174,62,Skincare,Eye Care
Premier Cru Skin Barrier Rich Moisturizer with Bio-Ceramides,Caudalie,4.5665,173,129,Skincare,Moisturizers
Resveratrol Lift Retinol Alternative Firming Night Moisturizer,Caudalie,4.407,172,72,Skincare,Moisturizers
Vinosource-Hydra Moisturizing Mask,Caudalie,4.764,161,42,Skincare,Masks
Vinoclean Gentle Foam Cleanser,Caudalie,4.1753,154,30,Skincare,Cleansers
Vinopure Purifying Clay Mask,Caudalie,4.6319,144,42,Skincare,Masks
Vinopure Oil-Control Moisturizer for Acne Prone Skin,Caudalie,4.3885,139,38,Skincare,Moisturizers
Vinofresh Natural Aluminum-Free Deodorant,Caudalie,3.7222,234,16,Bath & Body,Body Care
Moisturizing Vegan Body Butter,Caudalie,4.5449,156,38,Bath & Body,Body Moisturizers
Deep Exfoliating Cleanser,Caudalie,4.6923,13,38,Skincare,Cleansers
Mini Grape Water Moisturizing Face Mist,Caudalie,4.125,8,12,Skincare,Moisturizers
Vinoperfect  Brightening Solution Set,Caudalie,5,4,82,Skincare,Value & Gift Sets
Resveratrol-Lift Ultimate Firming Set,Caudalie,4.25,4,84,Skincare,Value & Gift Sets
Premier Cru Fine Lines and Wrinkles Anti-Aging Set,Caudalie,4,1,139,Skincare,Value & Gift Sets
Isle Glow Face Moisturizer SPF 45 with Sea Moss and Niacinamide,CAY SKIN,4.2896,442,34,Skincare,Sunscreen
Isle Lip Balm SPF 30 with Sea Moss and Aloe Stem Cells,CAY SKIN,4.0814,221,14,Skincare,Lip Balms & Treatments
Deepwater Nourishing Lip Mask with Sea Moss and Aloe Stem Cells,CAY SKIN,4.5818,55,22,Skincare,Lip Balms & Treatments
Isle Glow Body Lotion SPF 45 with Sea Moss and Cocoa Seed Butter,CAY SKIN,4.617,47,38,Skincare,Sunscreen
Deepwater Hydrating & Soothing Body Crème with Sea Moss & Niacinamide,CAY SKIN,4.9,30,28,Bath & Body,Body Moisturizers
Isle Body Oil SPF 30 with Sea Moss and Squalane,CAY SKIN,4.6,10,32,Skincare,Sunscreen
Aceite de Moska Pre-Shampoo Scalp & Hair Oil,Ceremonia,4.6492,191,28,Hair,Hair Styling & Treatments
Scalp Massager,Ceremonia,4.9048,21,16,Hair,Hair Styling & Treatments
Guava Rescue Hair Heat Protectant Spray,Ceremonia,4.5743,101,22,Hair,Hair Styling & Treatments
Guava Hydrating Leave-In Conditioner,Ceremonia,4.4297,128,24,Hair,Hair Styling & Treatments
Papaya Scalp Scrub Shampoo,Ceremonia,4.8,115,29,Hair,Shampoo & Conditioner
Guava Beach Waves Hair Texturizing Spray,Ceremonia,4.7048,105,20,Hair,Hair Styling & Treatments
"Guava Mini Hair Kit - For Heat Protecting, Detangling, Hydrating and Styling",Ceremonia,4.1667,12,28,Hair,Value & Gift Sets
Mascarilla de Babassu Hydrating Hair Mask,Ceremonia,4.3719,121,29,Hair,Hair Styling & Treatments
Açaí Curl Refresher Hair Style Revitalizing Mist,Ceremonia,4.7349,83,20,Hair,Hair Styling & Treatments
Aceite de Moska Hair Oil & Scalp Massager Set,Ceremonia,4.7778,90,40,Hair,Value & Gift Sets
"Mini Hair Hydrating Set: Scalp Care, Shampoo & Treat",Ceremonia,2.8571,7,38,Hair,Value & Gift Sets
Hair Oil Mist con Aloe Vera,Ceremonia,4.1333,15,26,Hair,Hair Styling & Treatments
Pequi Curl Activator Styling Serum,Ceremonia,4.2917,72,27,Hair,Hair Styling & Treatments
Yucca & Witch Hazel Deep Hydrating Shampoo,Ceremonia,3.9339,121,20,Hair,Shampoo & Conditioner
Cupuaçu & Castor Deep Hydrating Conditioner,Ceremonia,3.9528,106,20,Hair,Shampoo & Conditioner
Collapsible Hair Diffuser de Rizos,Ceremonia,4.125,8,20,Hair,Tools
Sunday Reset Duo Treatment - Exfoliating Shampoo and Deep Conditioning Mask,Ceremonia,4.5,4,49,Hair,Value & Gift Sets
Weightless Hydration Shampoo for Fine/Thin Hair,Ceremonia,4.6071,84,20,Hair,Shampoo & Conditioner
Pequi Medium-Hold Styling Hair Gel,Ceremonia,4.2,10,22,Hair,Hair Styling & Treatments
Weightless Hydration Conditioner for Fine/Thin Hair,Ceremonia,4.5429,70,20,Hair,Shampoo & Conditioner
Candle de Guava,Ceremonia,3.5,2,42,Fragrance,Candles & Home Scents
Weightless Hydration Shampoo and Conditioner Duo for Fine/Thin Hair,Ceremonia,,,34,Hair,Value & Gift Sets
Deep Moisture Shampoo and Conditioner Duo for Thick/Dry Hair,Ceremonia,,,34,Hair,Value & Gift Sets
COCO MADEMOISELLE Eau de Parfum,CHANEL,4.5667,877,122,Fragrance,Women
CHANCE EAU TENDRE Eau de Toilette,CHANEL,4.6711,605,100,Fragrance,Women
Chance Eau Tendre Eau de Parfum,CHANEL,4.3348,230,160,Fragrance,Women
CHANCE EAU FRAÎCHE Eau de Toilette,CHANEL,4.6633,300,136,Fragrance,Women
BLEU DE CHANEL Eau de Parfum,CHANEL,4.8077,208,112,Fragrance,Men
COCO MADEMOISELLE Eau de Parfum Intense,CHANEL,4.3708,178,128,Fragrance,Women
N°5 Eau de Parfum,CHANEL,4.049,143,122,Fragrance,Women
BLEU DE CHANEL Eau de Toilette,CHANEL,4.7652,115,96,Fragrance,Men
GABRIELLE CHANEL Eau de Parfum,CHANEL,4.2086,350,160,Fragrance,Women
GABRIELLE CHANEL ESSENCE Eau de Parfum,CHANEL,4.5158,95,160,Fragrance,Women
CHANCE Eau de Parfum,CHANEL,4.7692,104,122,Fragrance,Women
COCO NOIR,CHANEL,4.3846,104,122,Fragrance,Women
N°5 L’EAU,CHANEL,3.9457,184,122,Fragrance,Women
CHANCE Eau de Toilette,CHANEL,4.6905,84,100,Fragrance,Women
COCO MADEMOISELLE Eau de Parfum Twist and Spray,CHANEL,4.6964,56,125,Fragrance,Value & Gift Sets
COCO MADEMOISELLE L’EAU PRIVÉE Eau Pour la Nuit,CHANEL,4,50,136,Fragrance,Women
COCO MADEMOISELLE Moisturizing Body Lotion,CHANEL,4.5,28,62,Bath & Body,Body Moisturizers
CHANCE EAU TENDRE Eau de Toilette Travel Gift Set,CHANEL,4.8,10,166,Fragrance,Value & Gift Sets
COCO MADEMOISELLE Eau de Toilette,CHANEL,4.6094,64,100,Fragrance,Women
CHANCE EAU VIVE,CHANEL,4.7368,76,100,Fragrance,Women
COCO MADEMOISELLE Eau de Parfum Intense Twist & Spray Set,CHANEL,4,12,102,Fragrance,Women
Coco Mademoiselle Fresh Hair Mist Spray,CHANEL,4,11,70,Fragrance,Women
BLEU DE CHANEL Deodorant Stick,CHANEL,4.2581,31,40,Bath & Body,Body Care
Chance Eau Tendre Eau de Parfum Gift Set,CHANEL,3.6667,3,160,Fragrance,Value & Gift Sets
COCO Eau de Parfum,CHANEL,4.7,40,122,Fragrance,Women
N°5 EAU PREMIÈRE Eau de Parfum,CHANEL,4.4255,47,122,Fragrance,Women
COCO MADEMOISELLE Foaming Shower Gel,CHANEL,4.4667,15,62,Bath & Body,Bath & Shower
BLEU DE CHANEL PARFUM,CHANEL,4.9091,44,144,Fragrance,Men
N°5 Parfum,CHANEL,4.1,10,140,Fragrance,Women
ALLURE HOMME SPORT Eau de Toilette,CHANEL,4.875,32,96,Fragrance,Men
ALLURE Eau de Parfum,CHANEL,4.3077,26,122,Fragrance,Women
N°5 Eau de Toilette,CHANEL,4.3913,23,100,Fragrance,Women
PLATINUM ÉGOÏSTE Eau de Toilette,CHANEL,4.75,44,96,Fragrance,Men
ALLURE HOMME SPORT EAU EXTRÊME Eau de Parfum,CHANEL,4.7,10,112,Fragrance,Men
ALLURE Eau de Toilette,CHANEL,4.6111,18,100,Fragrance,Women
PLATINUM ÉGOÏSTE Deodorant Stick,CHANEL,4.4615,13,40,Bath & Body,Body Care
BLEU DE CHANEL Eau de Toilette Refillable Twist and Spray,CHANEL,4.75,8,105,Fragrance,Value & Gift Sets
COCO Eau de Toilette,CHANEL,4.619,21,100,Fragrance,Women
BLEU DE CHANEL Eau de Parfum Twist and Spray Refill Set,CHANEL,4.2857,7,126,Fragrance,Value & Gift Sets
ALLURE HOMME Eau de Toilette,CHANEL,4.7333,15,120,Fragrance,Men
Bleu de Chanel Eau de Parfum Set,CHANEL,,,180,Fragrance,Value & Gift Sets
BLEU DE CHANEL Parfum Twist & Spray,CHANEL,5,2,156,Fragrance,Men
BLEU DE CHANEL After Shave Lotion,CHANEL,1,1,68,Fragrance,Men
Bleu de Chanel 2 in 1 Moisturizer,CHANEL,3,2,68,Bath & Body,Body Moisturizers
BLEU DE CHANEL All-over Spray,CHANEL,,,96,Bath & Body,Body Care
Bleu de Chanel Eau de Toilette Set,CHANEL,,,184,Fragrance,Value & Gift Sets
Hollywood Flawless Filter,Charlotte Tilbury,4.3332,2206,49,Makeup,Face
Airbrush Flawless Finish Setting Powder,Charlotte Tilbury,4.1738,1927,48,Makeup,Face
Beauty Highlighter Wand,Charlotte Tilbury,3.6491,741,42,Makeup,Face
Lip Cheat Lip Liner,Charlotte Tilbury,4.399,416,25,Makeup,Lip
Mini Pillow Talk Lipstick & Liner Set,Charlotte Tilbury,3.4859,817,25,Makeup,Mini Size
Hollywood Contour Wand,Charlotte Tilbury,3.7815,659,42,Makeup,Face
Matte Revolution Lipstick,Charlotte Tilbury,4.3527,567,35,Makeup,Lip
Mini Hollywood Flawless Filter,Charlotte Tilbury,4.0197,609,19,Mini Size,Makeup
Airbrush Flawless Longwear Foundation,Charlotte Tilbury,3.7697,2510,49,Makeup,Face
Airbrush Flawless Setting Spray,Charlotte Tilbury,4.4026,1242,38,Makeup,Face
Luxury Eyeshadow Palette,Charlotte Tilbury,3.9373,399,55,Makeup,Eye
Mini Airbrush Flawless Finish Setting Powder,Charlotte Tilbury,3.7475,396,28,Makeup,Mini Size
Eyes To Mesmerize Cream Eyeshadow,Charlotte Tilbury,4.4094,1219,35,Makeup,Eye
Magic Cream Moisturizer with Hyaluronic Acid,Charlotte Tilbury,4.4045,3434,100,Skincare,Moisturizers
Mini Airbrush Flawless Setting Spray,Charlotte Tilbury,4.2684,462,23,Makeup,Mini Size
Beautiful Skin Medium Coverage Liquid Foundation with Hyaluronic Acid,Charlotte Tilbury,3.835,1006,49,Makeup,Face
Airbrush Matte Bronzer,Charlotte Tilbury,4.0976,369,58,Makeup,Cheek
Cheek To Chic Blush,Charlotte Tilbury,3.9104,268,42,Makeup,Cheek
Hot Lips Lipstick 2,Charlotte Tilbury,4.2977,383,38,Makeup,Lip
K.I.S.S.I.N.G Lipstick,Charlotte Tilbury,3.9275,207,38,Makeup,Lip
Mini Filmstar Bronze & Glow Contour Duo,Charlotte Tilbury,3.9045,157,29,Makeup,Mini Size
Hyaluronic Happikiss Lipstick Balm,Charlotte Tilbury,3.7938,320,35,Makeup,Lip
Hot Lips Lipstick,Charlotte Tilbury,4.0179,223,35,Makeup,Lip
Lip Cheat Lip Liner - Pillow Talk Collection,Charlotte Tilbury,4.2178,528,25,Makeup,Lip
Magic Vanish Color Corrector,Charlotte Tilbury,3.8895,380,32,Makeup,Face
Beautiful Skin Sun-Kissed Glow Cream Bronzer,Charlotte Tilbury,3.9649,171,58,Makeup,Cheek
Filmstar Bronze & Glow Contour Duo,Charlotte Tilbury,4.4183,263,68,Makeup,Face
Beautiful Skin Medium to Full Coverage Radiant Concealer with Hyaluronic Acid,Charlotte Tilbury,3.9696,461,33,Makeup,Face
Luxury Eyeshadow Palette - Pillow Talk Collection,Charlotte Tilbury,3.9418,773,55,Makeup,Eye
Matte & Metallic Double Ended Eyeliner - Eye Color Magic Collection,Charlotte Tilbury,3.34,150,32,Makeup,Eye
Collagen Lip Bath Gloss,Charlotte Tilbury,3.3472,144,35,Makeup,Lip
Matte Beauty Blush Wands,Charlotte Tilbury,4.4184,533,42,Makeup,Cheek
Matte Revolution Lipstick - Super Nudes Collection,Charlotte Tilbury,4.0769,65,35,Makeup,Lip
Glow Glide Face Architect Highlighter,Charlotte Tilbury,4.2389,494,48,Makeup,Face
Legendary Brows Tinted Eyebrow Gel,Charlotte Tilbury,4.5696,381,26,Makeup,Eye
Pillow Talk Push Up Lashes Volumizing & Lengthening Mascara,Charlotte Tilbury,3.7984,977,29,Makeup,Eye
Darling Eyeshadow Palette,Charlotte Tilbury,4.1505,93,60,Makeup,Eye
Charlotte’s Magic Serum with Vitamin C,Charlotte Tilbury,4.1593,954,85,Skincare,Treatments
Lip Lustre Lip Gloss,Charlotte Tilbury,3.3417,120,25,Makeup,Lip
Charlotte’s Magic Eye Cream with Retinol,Charlotte Tilbury,4.3539,842,65,Skincare,Eye Care
Matte Revolution Lipstick- Pillow Talk Collection,Charlotte Tilbury,4.1363,917,35,Makeup,Lip
Cheek to Chic Blush - Pillow Talk Collection,Charlotte Tilbury,3.967,212,42,Makeup,Cheek
Superstar Lips Lipstick,Charlotte Tilbury,4.1731,52,35,Makeup,Lip
Lip Lustre Lip Gloss - Pillow Talk Collection,Charlotte Tilbury,3.4562,160,25,Makeup,Lip
Super Nudes Easy Eyeshadow Palette,Charlotte Tilbury,4.0513,78,60,Makeup,Eye
Brow Cheat Refillable Hair-Like Eyebrow Pencil,Charlotte Tilbury,4.4685,461,26,Makeup,Eye
Wonderglow Face Primer,Charlotte Tilbury,3.5646,147,55,Makeup,Face
Jewel Lip Gloss,Charlotte Tilbury,4,40,32,Makeup,Lip
Eyeliner - Pillow Talk Collection,Charlotte Tilbury,4.0811,148,29,Makeup,Eye
Cryo-Recovery Depuffing Eye Serum,Charlotte Tilbury,4.3216,510,70,Skincare,Eye Care
Unisex Healthy Glow Tinted Moisturizer,Charlotte Tilbury,3.9533,150,46,Makeup,Face
Refillable Airbrush Flawless Finish Brightening Powder,Charlotte Tilbury,3.7826,23,48,Makeup,Face
Mini Pillow Talk Push Up Lashes Volumizing & Lengthening Mascara,Charlotte Tilbury,2.6512,172,15,Mini Size,Makeup
Luxury Eyeshadow Palette - Walk of No Shame Collection,Charlotte Tilbury,3.3571,14,55,Makeup,Eye
Eye Smudger Brush,Charlotte Tilbury,4.8824,34,36,Makeup,Brushes & Applicators
Superstar Lips Lipstick - Pillow Talk Collection,Charlotte Tilbury,4.0212,189,35,Makeup,Lip
The Classic Eye Powder Pencil,Charlotte Tilbury,3.8462,65,24,Makeup,Eye
Legendary Lashes Volume 2 Mascara,Charlotte Tilbury,3.8367,196,32,Makeup,Eye
Brow Lift Refillable Triangular Eyebrow Pencil,Charlotte Tilbury,4.4371,286,26,Makeup,Eye
K.I.S.S.I.N.G Lipstick - Pillow Talk Collection,Charlotte Tilbury,4.2462,65,35,Makeup,Lip
Brightening Youth Glow Primer,Charlotte Tilbury,3.6129,31,55,Makeup,Face
Mini Charlotte's Magic Cream,Charlotte Tilbury,3.6585,246,30,Skincare,Moisturizers
Feline Flick Volume 2 Liquid Eyeliner,Charlotte Tilbury,3.1071,56,32,Makeup,Eye
Matte Revolution Lipstick - Look of Love Collection,Charlotte Tilbury,4.3654,52,38,Makeup,Lip
Charlotte's Magic Lip Oil Crystal Elixir,Charlotte Tilbury,2.9398,83,40,Makeup,Lip
K.I.S.S.I.N.G Lipstick - Look of Love Collection,Charlotte Tilbury,4.4545,11,38,Makeup,Lip
Pencil Sharpener,Charlotte Tilbury,4.4082,49,7,Tools & Brushes,Beauty Tools
Collagen Lip Bath Gloss  - Walk of No Shame Collection,Charlotte Tilbury,3,21,35,Makeup,Lip
Brow Fix Clear Eyebrow Gel,Charlotte Tilbury,4.3056,288,26,Makeup,Eye
Mini Daily Glow Toner with Niacinamide,Charlotte Tilbury,3,6,19,Mini Size,Skincare
Refillable Magic Night Moisturizer with Retinol,Charlotte Tilbury,3.5492,122,145,Skincare,Moisturizers
Cheek To Chic Blush - Walk of No Shame Collection,Charlotte Tilbury,4.2759,29,42,Makeup,Cheek
Full Fat Lashes Mascara,Charlotte Tilbury,3.2907,86,29,Makeup,Eye
Brow Cheat Eyebrow Pencil Refill,Charlotte Tilbury,3.9167,24,16,Makeup,Eye
Eye Liner - Walk of No Shame Collection,Charlotte Tilbury,4.6429,14,29,Makeup,Eye
Airbrush Matte Refillable Bronzer,Charlotte Tilbury,4.7,10,41,Makeup,Cheek
Daily Glow Toner with Niacinamide,Charlotte Tilbury,4.381,84,55,Skincare,Cleansers
Goddess Clay Mask,Charlotte Tilbury,4.3115,61,58,Skincare,Masks
Instant Magic Facial Dry Sheet Mask,Charlotte Tilbury,3.4906,53,25,Skincare,Masks
Mini Charlotte’s Magic Serum with Vitamin C,Charlotte Tilbury,3.175,40,30,Skincare,Mini Size
Multi-Miracle Glow Cleansing Balm,Charlotte Tilbury,4.1429,35,60,Skincare,Cleansers
"Mini Take It All Off Bi-Phase Longwear Makeup Remover For Eyes, Lashes & Lips",Charlotte Tilbury,3.5,2,16,Mini Size,Makeup
Brow Lift Eyebrow Pencil Refill,Charlotte Tilbury,3.9091,11,16,Makeup,Eye
Cryo-Recovery Lifting Face Mask with Acupressure Technology,Charlotte Tilbury,2.8077,26,55,Skincare,High Tech Tools
Matte Revolution Lipstick Refill,Charlotte Tilbury,4.8,5,25,Makeup,Lip
Airbrush Flawless Finish Setting Powder Refill,Charlotte Tilbury,4.5,2,41,Makeup,Face
Goddess Cleansing Ritual Duo,Charlotte Tilbury,4.4545,22,46,Skincare,Value & Gift Sets
Collagen Superfusion Firming & Plumping Facial Oil,Charlotte Tilbury,4.5833,12,85,Skincare,Moisturizers
Mini Goddess Clay Mask 15ml Travel Size,Charlotte Tilbury,3.0833,12,16,Skincare,Masks
"Take It All Off Bi-Phase Longwear Makeup Remover For Eyes, Lashes & Lips",Charlotte Tilbury,3.4,5,32,Makeup,Accessories
Mini Magic Night 15ml Travel Size,Charlotte Tilbury,2.875,8,45,Skincare,Moisturizers
K.I.S.S.I.N.G Lipstick Refill,Charlotte Tilbury,5,2,25,Makeup,Lip
Mini Collagen Superfusion Firming & Plumping Facial Oil,Charlotte Tilbury,4.7143,7,30,Skincare,Mini Size
Beautiful Skin Bronzing Brush,Charlotte Tilbury,1,1,44,Makeup,Brushes & Applicators
Refillable Jumbo Magic Cream Moisturizer with Hyaluronic Acid,Charlotte Tilbury,3.75,4,260,Skincare,Moisturizers
Airbrush Flawless Finish Brightening Powder Refill,Charlotte Tilbury,,,41,Makeup,Face
Superstar Lips Lipstick - Walk of No Shame Collection,Charlotte Tilbury,4.75,4,35,Makeup,Lip
Matte Revolution Lipstick - Walk of No Shame Collection,Charlotte Tilbury,4.4194,31,35,Makeup,Lip
Lip Cheat Lip Liner- Walk of No Shame Collection,Charlotte Tilbury,4.4286,7,25,Makeup,Lip
Chloé Eau de Parfum,Chloé,4.4838,2507,147,Fragrance,Women
Roses De Chloé Eau de Toilette,Chloé,4.5154,780,128,Fragrance,Women
Nomade Eau de Parfum,Chloé,4.3566,488,147,Fragrance,Women
Love Story,Chloé,4.4817,218,147,Fragrance,Women
Nomade Eau de Parfum Travel Spray,Chloé,4.3566,488,38,Fragrance,Women
Roses De Chloé Eau de Toilette Rollerball,Chloé,4.5154,780,31,Fragrance,Women
Chloé Rollerball,Chloé,4.482,2494,38,Fragrance,Women
Signature Eau de Parfum Set,Chloé,4.5,4,36,Fragrance,Value & Gift Sets
Chloe L'Eau,Chloé,4.1784,342,133,Fragrance,Women
Chloé Rose Tangerine Eau de Toilette,Chloé,3.9087,438,124,Fragrance,Women
Love Story Eau Sensuelle,Chloé,4.5625,32,147,Fragrance,Women
Velvet Matte Lip Colour,Christian Louboutin,4.3627,102,90,Makeup,Lip
Volume Shampoo Paste with Rassoul Clay and Rose Extracts,Christophe Robin,3.9431,1001,53,Hair,Hair Styling & Treatments
Temporary Color Gel,Christophe Robin,3.3212,165,35,Hair,Hair Styling & Treatments
Pre-Shampoo Hydrating Scalp Scrub,Christophe Robin,2.2,5,43,Hair,Shampoo & Conditioner
Makeup Brush Cleaner,Cinema Secrets,4.3292,1142,24,Makeup,Brushes & Applicators
Makeup Brush Cleaner Pro Starter Kit,Cinema Secrets,4.289,775,28,Makeup,Brushes & Applicators
Makeup Brush Cleaner Travel Set,Cinema Secrets,4.2672,479,15,Makeup,Brushes & Applicators
Makeup Brush Cleaner Mini,Cinema Secrets,4.2093,86,15,Mini Size,Makeup
Tropical Lemon Makeup Brush Cleaner Pro Starter Kit,Cinema Secrets,3.88,25,28,Makeup,Value & Gift Sets
Professional Makeup Brush Cleaner - Lemon,Cinema Secrets,4,4,45,Makeup,Brushes & Applicators
Brush Cleansing Shampoo,Cinema Secrets,3.125,8,18,Makeup,Brushes & Applicators
Double Serum Firming & Smoothing Anti-Aging Concentrate,Clarins,4.2503,2605,90,Skincare,Treatments
Double Serum Eye Firming & Hydrating Anti-Aging Concentrate,Clarins,4.2278,922,82,Skincare,Eye Care
One-Step Gentle Exfoliating Cleanser with Orange Extract,Clarins,4.6138,523,39,Skincare,Cleansers
Tonic Body Firming & Toning Natural Treatment Oil,Clarins,4.3969,262,70,Bath & Body,Body Care
Total Eye Lift Firming & Smoothing Anti-Aging Eye Cream,Clarins,4.5945,397,90,Skincare,Eye Care
Body Fit Anti-Cellulite Contouring & Firming Expert,Clarins,4.0385,52,77,Bath & Body,Body Care
Extra-Firming Energy + Radiance Boosting Moisturizer,Clarins,4.3415,205,93,Skincare,Moisturizers
Instant Smooth Perfecting Touch Primer,Clarins,4.3822,628,40,Makeup,Face
Extra-Firming + Smoothing Neck & Décolleté Moisturizer,Clarins,4.6528,193,96,Skincare,Moisturizers
V-Facial Instant Depuffing Face Mask,Clarins,4.7547,159,67,Skincare,Masks
Masvelt Body Shaping Cream,Clarins,4.4074,27,75,Bath & Body,Body Care
Lotus Balancing & Hydrating Natural Face Treatment Oil,Clarins,4.4029,139,65,Skincare,Moisturizers
Hand & Nail Nourishing Treatment Cream,Clarins,4.332,259,32,Bath & Body,Body Moisturizers
Blue Orchid Radiance & Hydrating Natural Face Treatment Oil,Clarins,4.4184,98,65,Skincare,Moisturizers
Contour Body Firming & Toning Natural Treatment Oil,Clarins,4.3684,19,70,Bath & Body,Body Care
Multi-Active Anti-Aging Day Moisturizer with SPF 20 for Glowing Skin,Clarins,3.7467,75,59,Skincare,Moisturizers
Instant Eye Waterproof Make-Up Remover,Clarins,4.4968,155,33,Makeup,Accessories
Multi-Active Anti-Aging Night Moisturizer for Glowing Skin,Clarins,4.2537,67,62,Skincare,Moisturizers
Body Fit Anti-Cellulite Contouring & Firming Expert,Clarins,3.5455,11,66,Bath & Body,Body Care
Lip Comfort Hydrating Oil,Clarins,4.3509,57,28,Skincare,Lip Balms & Treatments
Santal Soothing & Hydrating Natural Face Treatment Oil,Clarins,4.76,25,65,Skincare,Moisturizers
Extra-Firming & Smoothing Day Moisturizer with SPF 15,Clarins,4.0417,24,93,Skincare,Moisturizers
Hydrating Gentle Foaming Cleanser with Aloe Vera,Clarins,3.3333,24,30,Skincare,Cleansers
Multi-Active Anti-Aging Day Cream-Gel Moisturizer for Glowing Skin,Clarins,3.7727,22,59,Skincare,Moisturizers
Purifying Gentle Foaming Cleanser with Salicylic Acid,Clarins,2.5294,17,30,Skincare,Cleansers
Extra-Firming & Smoothing Face Mask,Clarins,4.25,16,79,Skincare,Masks
V Shaping Facial Lift Depuff & Contour Serum with Hyaluronic Acid,Clarins,3.5714,14,90,Skincare,Treatments
Hydrating Toner Lotion with Aloe Vera,Clarins,3.8462,13,30,Skincare,Cleansers
Delicious Self-Tanning Cream,Clarins,4.1462,253,48,Bath & Body,Self Tanners
Extra-Firming & Smoothing Night Moisturizer,Clarins,4.25,8,98,Skincare,Moisturizers
Moisture-Rich Hydrating Body Lotion,Clarins,4.7143,7,47,Bath & Body,Body Moisturizers
Soothing Toning Lotion with Chamomile,Clarins,3.375,8,30,Skincare,Cleansers
Multi-Active Anti-Aging Day Moisturizer for Glowing Skin,Clarins,4.8571,7,58,Skincare,Moisturizers
Self Tanning Face & Body Tinted Gel,Clarins,5,4,42,Skincare,Self Tanners
Total Cleansing Oil & Makeup Remover,Clarins,3.25,4,37,Skincare,Cleansers
Self Tanning Face & Body Milky Lotion,Clarins,3.6667,3,42,Skincare,Self Tanners
Super Restorative Anti-Aging Day Moisturizer,Clarins,4.6667,3,132,Skincare,Moisturizers
Skincare Essentials Kit,Clarins,3,2,100,Skincare,Treatments
Super Restorative Anti-Aging Night Moisturizer,Clarins,5,2,140,Skincare,Moisturizers
Masvelt Advanced Body Firming & Shaping Cream,Clarins,,,77,Bath & Body,Body Moisturizers
Double Serum Face & Eye Power Duo,Clarins,,,99,Skincare,Value & Gift Sets
Double Serum Light Texture Firming & Smoothing Anti-Aging Concentrate,Clarins,,,132,Skincare,Treatments
Hydra-Essentiel Silky Moisturizer with Double Dose Hyaluronic Acid,Clarins,,,49,Skincare,Moisturizers
Anti-Aging Skincare Essentials Set,Clarins,,,100,Skincare,Value & Gift Sets
Reserve - Skin,CLEAN RESERVE,4.275,280,110,Fragrance,Women
Reserve - Radiant Nectar,CLEAN RESERVE,4.2727,253,110,Fragrance,Women
Reserve - Skin Travel Spray,CLEAN RESERVE,4.1949,118,29,Fragrance,Women
Classic - Skin,CLEAN RESERVE,4.3305,351,44,Fragrance,Women
Classic - Warm Cotton,CLEAN RESERVE,4.0411,584,74,Fragrance,Women
Reserve - Radiant Nectar Travel Spray,CLEAN RESERVE,4.4655,116,29,Mini Size,Fragrance
Reserve - Perfume Discovery Set,CLEAN RESERVE,3.5278,36,24,Fragrance,Value & Gift Sets
Reserve - Rain,CLEAN RESERVE,4.2595,131,110,Fragrance,Women
Reserve - Acqua Neroli,CLEAN RESERVE,4.1514,218,110,Fragrance,Women
Reserve - Acqua Neroli Travel Spray,CLEAN RESERVE,4.4667,90,29,Fragrance,Women
Reserve - Rain Travel Spray,CLEAN RESERVE,4.32,75,29,Fragrance,Women
Reserve - Sparkling Sugar,CLEAN RESERVE,4.2182,55,110,Fragrance,Women
Reserve - Warm Cotton Travel Spray,CLEAN RESERVE,4.519,79,29,Fragrance,Women
Reserve - Sparkling Sugar Travel Spray,CLEAN RESERVE,4.0286,35,29,Fragrance,Women
Reserve - Warm Cotton,CLEAN RESERVE,3.4521,292,110,Fragrance,Women
Reserve - Lush Fleur,CLEAN RESERVE,3.878,82,110,Fragrance,Women
Reserve - Sel Santal,CLEAN RESERVE,3.9845,129,110,Fragrance,Women
Reserve - Solar Bloom Travel Spray,CLEAN RESERVE,4.1316,38,29,Fragrance,Women
Reserve - Solar Bloom,CLEAN RESERVE,4.2346,81,110,Fragrance,Women
Mini Clean Reserve Travel Set,CLEAN RESERVE,4.875,8,35,Fragrance,Value & Gift Sets
Reserve - Lush Fleur Travel Spray,CLEAN RESERVE,3.878,82,29,Fragrance,Women
Clean Reserve Eau de Parfum Set,CLEAN RESERVE,4,5,35,Fragrance,Value & Gift Sets
Reserve - Sel Santal Travel Spray,CLEAN RESERVE,4.2424,33,29,Fragrance,Women
Mini Clean Classic Rollerball Perfume Set,CLEAN RESERVE,5,1,22,Fragrance,Value & Gift Sets
Take The Day Off Cleansing Balm Makeup Remover,CLINIQUE,4.5294,4375,38,Skincare,Cleansers
Mini Take The Day Off Cleansing Balm Makeup Remover,CLINIQUE,4.5294,4375,14,Skincare,Mini Size
Dramatically Different Moisturizing Gel,CLINIQUE,4.4383,3977,32.5,Skincare,Moisturizers
Almost Lipstick,CLINIQUE,4.4177,4036,23,Makeup,Lip
Cheek Pop Blush,CLINIQUE,4.4981,1060,29,Makeup,Cheek
All About Clean Liquid Facial Soap,CLINIQUE,4.3694,2206,23.5,Skincare,Cleansers
Dramatically Different Moisturizing Lotion+,CLINIQUE,3.9101,2124,32.5,Skincare,Moisturizers
Beyond Perfecting Foundation + Concealer,CLINIQUE,3.7543,2572,37,Makeup,Face
Smart Clinical Repair Wrinkle Correcting Eye Cream,CLINIQUE,4.24,2017,57,Skincare,Eye Care
Chubby Stick Moisturizing Lip Colour Balm,CLINIQUE,4.3431,2469,21,Makeup,Lip
Smart Clinical Repair Wrinkle Correcting Cream,CLINIQUE,4.178,1899,68,Skincare,Moisturizers
Moisture Surge 100H Auto-Replenishing Hydrator Moisturizer,CLINIQUE,4.2522,1729,82,Skincare,Moisturizers
Smart Clinical Repair Wrinkle Correcting Serum,CLINIQUE,4.194,1670,71,Skincare,Treatments
"Take The Day Off Makeup Remover For Lids, Lashes & Lips",CLINIQUE,4.5075,3214,23.5,Makeup,Accessories
All About Eyes Eye Cream,CLINIQUE,4.0722,1635,37,Skincare,Eye Care
All About Eyes Rich Eye Cream,CLINIQUE,4.1444,1614,37,Skincare,Eye Care
Even Better Makeup Broad Spectrum SPF 15 Foundation,CLINIQUE,4.1825,2603,34,Makeup,Face
Clarifying Lotion 2,CLINIQUE,4.3815,1376,20,Skincare,Cleansers
Exfoliating Face Scrub,CLINIQUE,4.6122,1194,26,Skincare,Cleansers
Acne Solutions Clinical Clearing Gel,CLINIQUE,4.2234,1079,32,Skincare,Treatments
Acne Solutions Cleansing Foam,CLINIQUE,4.1686,1038,23.5,Skincare,Cleansers
Acne Solutions Clarifying Lotion,CLINIQUE,4.4042,1007,20,Skincare,Cleansers
Pep-Start Eye Cream,CLINIQUE,3.6769,1006,32,Skincare,Eye Care
Clarifying Lotion 3,CLINIQUE,4.3181,918,20,Skincare,Cleansers
All About Shadow 8-Pan Palette,CLINIQUE,4.2762,344,46,Makeup,Eye
All About Eyes Serum De-Puffing Eye Massage,CLINIQUE,3.7691,905,37,Skincare,Eye Care
High Impact Mascara,CLINIQUE,4.2856,2770,23,Makeup,Eye
Lash Power Mascara Long-Wearing Formula,CLINIQUE,4.3192,2243,23,Makeup,Eye
Rinse-Off Foaming Cleanser,CLINIQUE,4.4933,821,23.5,Skincare,Cleansers
7 Day Face Scrub Cream Rinse-Off Formula,CLINIQUE,4.5321,810,26,Skincare,Cleansers
Stay-Matte Sheer Pressed Powder,CLINIQUE,4.3333,1371,37,Makeup,Face
Stay-Matte Oil-Free Makeup Foundation,CLINIQUE,4.0516,1317,34,Makeup,Face
Bottom Lash Mascara,CLINIQUE,4.4452,1642,16,Makeup,Eye
Dramatically Different Hydrating Jelly,CLINIQUE,3.8743,716,45,Skincare,Moisturizers
Acne Solutions All-Over Clearing Treatment Oil-Free,CLINIQUE,4.0182,713,26,Skincare,Treatments
Moisture Surge CC Cream Hydrating Colour Corrector Broad Spectrum SPF 30,CLINIQUE,3.78,800,42,Makeup,Face
Quickliner For Eyes Intense Eyeliner,CLINIQUE,3.8599,628,23,Makeup,Eye
Chubby Stick Sculpting Contour,CLINIQUE,3.7737,243,29,Makeup,Face
Redness Solutions with Probiotic Technology Daily Relief Cream,CLINIQUE,4.0051,583,56,Skincare,Moisturizers
Blackhead Solutions 7 Day Deep Pore Cleanse & Face Scrub,CLINIQUE,4.1125,569,26.5,Skincare,Cleansers
Take The Day Off  Cleansing Oil Makeup Remover,CLINIQUE,4.3309,550,34.5,Skincare,Moisturizers
Superpowder Double Face Makeup Foundation,CLINIQUE,4.3206,705,37,Makeup,Face
Pop Plush Creamy Lip Gloss,CLINIQUE,4.3424,330,21,Makeup,Lip
City Block Sheer Oil-Free Daily Face Protector Broad Spectrum SPF 25 Primer,CLINIQUE,4.1146,480,30,Skincare,Sunscreen
Chubby Stick Cheek Colour Balm Blush,CLINIQUE,4.3913,184,29,Makeup,Cheek
Pop Splash Lip Gloss,CLINIQUE,4.373,126,20,Makeup,Lip
Moisture Surge Overnight Face Mask,CLINIQUE,4.4772,461,40,Skincare,Masks
Acne Solutions Cleansing Bar For Face and Body,CLINIQUE,4.3638,459,19.5,Skincare,Cleansers
Lash Building Primer,CLINIQUE,4.2907,774,21,Makeup,Eye
Take The Day Off Micellar Cleansing Towelettes for Face & Eyes Makeup Remover,CLINIQUE,3.6875,352,18.5,Makeup,Accessories
Mini Dramatically Different Moisturizing Gel,CLINIQUE,4.4383,3977,17,Mini Size,Skincare
Quickliner For Eyes Eyeliner,CLINIQUE,4.2676,1532,23,Makeup,Eye
Superbalanced Makeup Foundation,CLINIQUE,4.1914,930,34,Makeup,Face
Pore Refining Solutions Correcting Serum,CLINIQUE,3.8603,408,55,Skincare,Treatments
Clinique Happy,CLINIQUE,4.473,649,62,Fragrance,Women
Chubby Stick Sculpting Highlight,CLINIQUE,4.0586,239,29,Makeup,Face
Mini Dramatically Different Moisturizing Lotion+,CLINIQUE,3.9101,2124,6.5,Mini Size,Skincare
Even Better Eyes Dark Circle Corrector,CLINIQUE,3.2428,383,44,Skincare,Eye Care
Even Better Glow Light Reflecting Makeup Broad Spectrum SPF 15 Foundation,CLINIQUE,4.3028,142,34,Makeup,Face
"Airbrush Concealer Illuminates, Perfects",CLINIQUE,4.1732,462,28,Makeup,Face
Pep-Start Daily UV Protector Broad Spectrum SPF 50,CLINIQUE,4.2521,365,23,Skincare,Sunscreen
Even Better Clinical Serum Foundation Broad Spectrum SPF 25,CLINIQUE,3.705,139,44,Makeup,Face
All About Shadow Quad Eye Shadow,CLINIQUE,4.2128,141,36,Makeup,Eye
Even Better All-Over Concealer + Eraser,CLINIQUE,4.2447,94,29,Makeup,Face
Blended Face Powder,CLINIQUE,4.3629,631,34,Makeup,Face
Must-Have Makeup Set,CLINIQUE,4.3333,12,35,Makeup,Value & Gift Sets
Mini Acne Solutions Clinical Clearing Gel,CLINIQUE,4.2234,1079,21,Mini Size,Skincare
Line Smoothing Concealer,CLINIQUE,4.0591,711,26,Makeup,Face
High Impact Waterproof Mascara,CLINIQUE,3.9654,405,23,Makeup,Eye
Redness Solutions Soothing Cleanser,CLINIQUE,4.1672,287,26.5,Skincare,Cleansers
Repairwear Anti-Gravity Eye Cream,CLINIQUE,4.1702,282,54,Skincare,Eye Care
Acne Solutions Oil-Control Cleansing Mask,CLINIQUE,4.4769,281,29,Skincare,Masks
Beyond Perfecting Super Concealer Camouflage + 24-Hour Wear,CLINIQUE,4.0522,249,24,Makeup,Face
Clinique iD Custom-Blend Hydrator Collection,CLINIQUE,3.631,271,41,Skincare,Moisturizers
Repairwear Intensive Lip Treatment,CLINIQUE,4.2963,270,31.5,Skincare,Lip Balms & Treatments
"Great Skin, Great Deal Set for Combination Oily Skin",CLINIQUE,4.3321,268,32.5,Skincare,Value & Gift Sets
Take The Day Off Charcoal Cleansing Balm Makeup Remover,CLINIQUE,4.5521,259,38,Skincare,Cleansers
Age Defense BB Cream Broad Spectrum SPF 30,CLINIQUE,3.8583,762,42,Makeup,Face
Moisture Surge Hydrating Supercharged Concentrate,CLINIQUE,4.0246,244,44,Skincare,Moisturizers
Broad Spectrum SPF 50 Sunscreen Face Cream,CLINIQUE,3.9706,238,30,Skincare,Sunscreen
Clarifying Lotion 4,CLINIQUE,4.385,226,20,Skincare,Cleansers
Pore Refining Solutions Instant Perfector,CLINIQUE,4.2708,288,23,Makeup,Face
Superbalanced Silk Makeup Broad Spectrum SPF 15 Foundation,CLINIQUE,3.8944,180,33,Makeup,Face
Clarifying Lotion 1,CLINIQUE,4.515,200,20,Skincare,Cleansers
Blackhead Solutions Self-heating Blackhead Extractor,CLINIQUE,3.0859,198,32,Skincare,Cleansers
Clinique Pop Liquid Matte Lip Colour + Primer Lipstick,CLINIQUE,3.6774,62,19.5,Makeup,Lip
"Great Skin, Great Deal Set for Dry Combination Skin",CLINIQUE,4.2143,182,32.5,Skincare,Value & Gift Sets
The Best of Black Honey All About Shadow Palette,CLINIQUE,4.5,28,46,Makeup,Eye
All About Lips,CLINIQUE,4.0178,169,28,Skincare,Lip Balms & Treatments
Dramatically Different Moisturizing Cream,CLINIQUE,4.4085,164,32.5,Skincare,Moisturizers
Fresh Pressed Daily Booster with Pure Vitamin C 10%,CLINIQUE,3.9299,157,85,Skincare,Treatments
Deep Comfort Body Butter,CLINIQUE,4.7107,242,38,Bath & Body,Body Moisturizers
Repairwear Laser Focus Wrinkle Correcting Eye Cream,CLINIQUE,3.9067,150,54,Skincare,Eye Care
Moisture Surge Sheertint Hydrator Broad Spectrum SPF 25 Tinted Moisturizer,CLINIQUE,3.5147,68,42,Makeup,Face
Moisture Surge Eye 96-Hour Hydro-Filler Concentrate,CLINIQUE,3.338,142,37,Skincare,Eye Care
True Bronze Pressed Powder Bronzer,CLINIQUE,4.5299,251,37,Makeup,Cheek
Turnaround Revitalizing Serum,CLINIQUE,4.3261,138,53,Skincare,Treatments
"Mini Take The Day Off Makeup Remover For Lids, Lashes & Lips",CLINIQUE,4.0278,36,13,Mini Size,Makeup
Superprimer Face Primer - Universal Face Primer,CLINIQUE,4.2674,172,34,Makeup,Face
Lash Doubling Mascara,CLINIQUE,4.0372,699,23,Makeup,Eye
All About Clean Foaming Facial Soap,CLINIQUE,4.0254,118,23.5,Skincare,Cleansers
Acne Solutions Acne + Line Correcting Serum,CLINIQUE,4.1304,115,52,Skincare,Treatments
Sparkle Skin Body Exfoliator,CLINIQUE,4.3537,147,34,Bath & Body,Bath & Shower
Superbalm Lip Treatment,CLINIQUE,4.2869,237,19,Makeup,Lip
Rinse-Off Eye Makeup Solvent,CLINIQUE,4.2505,535,23.5,Makeup,Accessories
High Impact Extreme Volume Mascara,CLINIQUE,3.6224,490,25,Makeup,Eye
Acne Solutions Cleansing Gel,CLINIQUE,3.8725,102,23.5,Skincare,Treatments
Moisture Surge Intense 72H Lipid-Replenishing Hydrator Moisturizer,CLINIQUE,3.4688,96,44,Skincare,Moisturizers
Pore Refining Solutions Stay-Matte Hydrator,CLINIQUE,4.0761,92,44,Skincare,Moisturizers
Even Better Clinical Radical Dark Spot Corrector + Interrupter Serum,CLINIQUE,3.5824,91,85,Skincare,Treatments
Mini Even Better Clinical Radical Dark Spot Corrector + Interrupter Serum,CLINIQUE,3.5824,91,21,Skincare,Treatments
Superdefense City Block Broad Spectrum SPF 50 Daily Energy + Face Protector Primer,CLINIQUE,3.6932,88,32,Skincare,Sunscreen
Broad Spectrum SPF 50 Mineral Sunscreen Fluid for Face,CLINIQUE,3.4405,84,31,Skincare,Sunscreen
Redness Solutions Instant Relief Mineral Pressed Powder,CLINIQUE,3.4862,218,36,Makeup,Face
Quickliner For Lips Intense Lip Liner,CLINIQUE,4.25,20,22,Makeup,Lip
Sun-Kissed Face Gelee Complexion Multitasker Bronzer,CLINIQUE,4.2857,63,34,Skincare,Self Tanners
All About Shadow Single Eye Shadow,CLINIQUE,4.4915,59,22,Makeup,Eye
Even Better Refresh Hydrating and Repairing Makeup Foundation,CLINIQUE,4,29,37,Makeup,Face
Beyond Perfecting Powder Foundation + Concealer,CLINIQUE,3.6857,35,37,Makeup,Face
Naturally Gentle Eye Makeup Remover,CLINIQUE,4.3597,253,23.5,Makeup,Accessories
Mini Moisture Surge 100H Auto-Replenishing Hydrator Moisturizer,CLINIQUE,4.2182,55,16,Skincare,Mini Size
Stay-Matte Universal Blotting Powder,CLINIQUE,4.0286,35,37,Makeup,Face
Clinique Smart Clinical MD Multi-Dimensional Age Transformer Revolumize,CLINIQUE,3.3265,49,74,Skincare,Moisturizers
Clinique Happy Heart,CLINIQUE,4.8,10,62,Fragrance,Women
Clarifying Lotion 1.0 Twice A Day Exfoliator,CLINIQUE,3.6429,42,32,Skincare,Cleansers
Repairwear Uplifting Firming Cream,CLINIQUE,3.7143,42,74,Skincare,Moisturizers
Fresh Pressed Renewing Powder Cleanser with Pure Vitamin C,CLINIQUE,4.3684,38,39,Skincare,Cleansers
Face Scrub,CLINIQUE,4.7305,167,25,Men,Skincare
Clinique For Men Anti-Age Moisturizer,CLINIQUE,4.8889,9,44,Men,Skincare
Smart Broad Spectrum SPF 15 Custom-Repair Moisturizer for Dry Combination Skin,CLINIQUE,4.3143,35,64,Skincare,Moisturizers
Charcoal Face Wash,CLINIQUE,4.7308,26,26.5,Men,Skincare
Clinique For Men Anti-Age Eye Cream,CLINIQUE,4.3333,33,37,Men,Skincare
Clinique For Men Anti-Aging Starter Kit,CLINIQUE,3,5,17,Men,Value & Gift Sets
High Impact Mascara Mini,CLINIQUE,4.1429,7,12,Mini Size,Makeup
Clinique iD:  Moisturizer + Concentrate for Pores & Uneven Texture,CLINIQUE,3.1538,26,41,Skincare,Moisturizers
High Impact Lash Amplifying Serum,CLINIQUE,4.0667,15,49,Makeup,Eye
High Impact Easy Liquid Eyeliner,CLINIQUE,3.6429,28,24,Makeup,Eye
All About Clean 2-in-1 Cleansing + Exfoliating Jelly,CLINIQUE,4.5652,23,26.5,Skincare,Cleansers
Aromatics Elixir,CLINIQUE,4.3041,194,88,Fragrance,Women
Clinique Happy for Men,CLINIQUE,4.7976,84,59,Fragrance,Men
Clinique For Men Super Energizer Anti-Fatigue Depuffing Eye Gel,CLINIQUE,4.2222,9,37,Men,Skincare
Broad Spectrum SPF 21 Moisturizer,CLINIQUE,4.3529,68,36,Men,Skincare
Exfoliating Tonic,CLINIQUE,4.5417,48,20,Men,Skincare
Take The Day Off Cleansing Balm Makeup Remover Duo,CLINIQUE,4.7778,18,48,Skincare,Value & Gift Sets
Post-Shave Soother,CLINIQUE,4.7174,46,27,Men,Shaving
Superdefense SPF 25 Fatigue + 1st Signs of Age Multi-Correcting Cream,CLINIQUE,3.8824,17,56,Skincare,Moisturizers
Smart Clinical Repair Wrinkle Correcting Rich Cream,CLINIQUE,4.4118,17,68,Skincare,Moisturizers
Clinique Smart Clinical MD Multi-Dimensional Age Transformer Resculpt,CLINIQUE,3.6875,16,74,Skincare,Moisturizers
Oil Control Mattifying Moisturizer,CLINIQUE,4.2083,48,36,Men,Skincare
Repairwear Uplifting Firming Cream Broad Spectrum SPF 15,CLINIQUE,3.4,15,72,Skincare,Moisturizers
Mini Take The Day Off Charcoal Cleansing Balm Makeup Remover,CLINIQUE,4.5521,259,14,Mini Size,Skincare
Oil Control Face Wash,CLINIQUE,4.3125,16,23.5,Men,Skincare
Purifying Cleansing Brush Head Refill,CLINIQUE,4.5385,13,32,Skincare,High Tech Tools
Clinique For Men Maximum Hydrator 72-Hour Auto-Replenishing Hydrator,CLINIQUE,5,11,44,Men,Skincare
Even Better All-Over Primer + Color Corrector,CLINIQUE,3.8,5,29,Makeup,Face
Moisturizing Lotion,CLINIQUE,4.475,40,36,Men,Skincare
Clinique Smart Clinical MD Multi-Dimensional Age Transformer Duo Resculpt + Revolumize,CLINIQUE,3,11,74,Skincare,Moisturizers
Non-Streak Bronzer,CLINIQUE,4.386,57,26,Bath & Body,Self Tanners
Refresh in 5,CLINIQUE,4.6667,9,25,Skincare,Value & Gift Sets
Clinique For Men Maximum Hydrator Eye 96-Hour Hydro-Filler Concentrate,CLINIQUE,4.75,4,37,Men,Skincare
Aloe Shave Gel,CLINIQUE,4.7368,38,23,Men,Shaving
Smart Night Clinical MD Multi-Dimensional Repair Treatment Retinol Serum,CLINIQUE,4.75,8,74,Skincare,Treatments
All About Clean 2-in-1 Charcoal Face Mask + Scrub,CLINIQUE,3.75,8,33,Skincare,Masks
Repairwear Laser Focus Line Smoothing Cream Broad Spectrum SPF 15 for Very Dry to Dry Combination Skin,CLINIQUE,4.125,8,61,Skincare,Moisturizers
Light Up Your Eyes Set,CLINIQUE,5,2,45,Makeup,Eye
Clarifying Lotion 2,CLINIQUE,4.4286,7,36,Skincare,Cleansers
Smart Broad Spectrum SPF 15 Custom-Repair Moisturizer for Very Dry to Dry Skin,CLINIQUE,4.5,6,64,Skincare,Moisturizers
Clarifying Lotion 3,CLINIQUE,4.1667,6,36,Skincare,Cleansers
Mini Acne Solutions Cleansing Foam,CLINIQUE,4,5,11,Skincare,Cleansers
Clarifying Do-Over Peel,CLINIQUE,3,5,35,Skincare,Treatments
"Clean Skin, Fresh Start Acne Solutions Kit",CLINIQUE,3,4,24.5,Skincare,Value & Gift Sets
Mini Smart Clinical Repair Wrinkle Correcting Cream,CLINIQUE,4.4375,16,22,Mini Size,Skincare
Cream Shave,CLINIQUE,4.4444,36,23,Men,Shaving
High Impact Zero Gravity Mascara,CLINIQUE,3.8,5,25,Makeup,Eye
Repairwear Laser Focus Line Smoothing Cream Broad Spectrum SPF 15 for Combination Oily to Oily Skin,CLINIQUE,3.6667,3,53,Skincare,Moisturizers
3 Step Intro Kit Type II,CLINIQUE,2,2,21,Skincare,Value & Gift Sets
Hydrate & Glow Skincare Set,CLINIQUE,,,42,Skincare,Value & Gift Sets
Even Better Brightening Moisturizer SPF 20,CLINIQUE,,,59,Skincare,Moisturizers
"Take The Day Off Makeup Remover For Lids, Lashes & Lips Jumbo",CLINIQUE,4.5,2,31.5,Makeup,Accessories
Dream Coat Supernatural Spray Anti-Frizz Treatment,COLOR WOW,3.9787,939,28,Hair,Hair Styling & Treatments
Mini Dream Coat Supernatural Spray Anti-Frizz Treatment,COLOR WOW,3.9787,939,12,Hair,Mini Size
Money Mask Deep Hydrating & Strengthening Hair Treatment,COLOR WOW,4.4255,369,45,Hair,Hair Styling & Treatments
Raise the Root Thicken and Lift Spray,COLOR WOW,3.6034,58,24,Hair,Hair Styling & Treatments
Xtra Large Bombshell Volumizer,COLOR WOW,4.3262,233,26,Hair,Hair Styling & Treatments
Pop + Lock Frizz Control + Glossing Serum,COLOR WOW,4,67,20,Hair,Hair Styling & Treatments
Root Coverup Powder,COLOR WOW,4.2056,214,34.5,Hair,Hair Styling & Treatments
Dream Coat Anti-Frizz Treatment for Curly Hair,COLOR WOW,3.7154,130,24,Hair,Hair Styling & Treatments
One Minute Transformation Anti Frizz Styling Cream,COLOR WOW,4.4258,209,24,Hair,Hair Styling & Treatments
Extra Mist-ical Shine Spray,COLOR WOW,4.1522,46,29,Hair,Hair Styling & Treatments
Cult Favorite Firm + Flexible Hairspray,COLOR WOW,4.6,40,26,Hair,Hair Styling & Treatments
Speed Dry Blow Dry Spray,COLOR WOW,4.3,40,24,Hair,Hair Styling & Treatments
Dream Cocktail Coconut-Infused Hydrating Leave In Treatment,COLOR WOW,4.3117,77,26,Hair,Hair Styling & Treatments
Style on Steroids Color-Safe Texture Spray,COLOR WOW,4.4444,45,26,Hair,Hair Styling & Treatments
Dream Cocktail Kale-Infused Strengthening Leave In Treatment,COLOR WOW,4.6418,67,26,Hair,Hair Styling & Treatments
Color Security Shampoo,COLOR WOW,4.3684,171,24,Hair,Shampoo & Conditioner
Mini Xtra Large Bombshell Volumizer,COLOR WOW,2.4167,12,12,Mini Size,Hair
Dream Cocktail Carb-Infused Thickening Leave In Treatment,COLOR WOW,4.1233,73,26,Hair,Hair Styling & Treatments
Mini Dream Cocktail Coconut-Infused Hydrating Leave In Treatment,COLOR WOW,2.4,10,12,Hair,Mini Size
Dream Filter Pre-shampoo Mineral Remover,COLOR WOW,4.3652,115,24,Hair,Hair Styling & Treatments
Mini Dream Coat Anti-Frizz Treatment for Curly Hair,COLOR WOW,4.3333,6,12,Mini Size,Hair
Mini Dream Cocktail Kale-Infused Strengthening Leave In Treatment,COLOR WOW,2.8571,7,12,Hair,Mini Size
Mini Dream Filter Pre-shampoo Mineral Remover,COLOR WOW,5,2,10,Hair,Mini Size
Mini Dream Cocktail Carb-Infused Thickening Leave In Treatment,COLOR WOW,3.6667,9,12,Hair,Mini Size
Color Security Conditioner for Fine Hair,COLOR WOW,3.7027,37,24,Hair,Shampoo & Conditioner
Color Control Purple Toning + Styling Foam for Blonde Hair,COLOR WOW,4.1579,19,24,Hair,Hair Styling & Treatments
Color Security Conditioner for Thick Hair,COLOR WOW,4.25,20,24,Hair,Shampoo & Conditioner
Curl Wow FLO-ETRY Vital Natural Serum,COLOR WOW,4.7125,240,30,Hair,Hair Styling & Treatments
Color Control Blue Toning + Styling Foam for Dark Hair,COLOR WOW,4.5714,21,24,Hair,Hair Styling & Treatments
Curl Wow COCO-MOTION Lubricating Conditioner,COLOR WOW,4.7564,156,29,Hair,Shampoo & Conditioner
Curl Wow HOOKED Shampoo,COLOR WOW,4.8509,114,29,Hair,Shampoo & Conditioner
Curl Wow SHOOK Mix & Fix Bundling Spray,COLOR WOW,2.75,4,38,Hair,Hair Styling & Treatments
Curl Wow SNAG-FREE Pre-Shampoo Detangler,COLOR WOW,4.7115,156,28,Hair,Hair Styling & Treatments
Gold Expressive Travel Spray,Commodity,4.5402,348,25,Fragrance,Women
Gold Expressive,Commodity,4.537,216,135,Fragrance,Women
Milk Expressive Travel Spray,Commodity,3.4211,57,25,Fragrance,Women
Milk Expressive,Commodity,4.1552,58,135,Fragrance,Women
Discovery Set,Commodity,3.8667,15,26,Fragrance,Value & Gift Sets
Book Expressive Travel Spray,Commodity,3.9922,256,25,Fragrance,Women
Exploration Set,Commodity,4.9231,13,42,Fragrance,Value & Gift Sets
Rain,Commodity,4.3878,49,135,Fragrance,Women
Book Expressive,Commodity,3.9643,168,135,Fragrance,Women
Milk- Personal Travel Spray,Commodity,5,5,25,Fragrance,Women
Velvet Expressive Travel Spray,Commodity,4.5263,19,25,Fragrance,Women
Nectar,Commodity,4.1905,63,135,Fragrance,Women
Milk+ Bold,Commodity,3.9474,19,135,Fragrance,Women
Wool,Commodity,4.6875,48,135,Fragrance,Women
Milk+ Bold Travel Spray,Commodity,4,10,25,Fragrance,Women
Moss Expressive Travel Spray,Commodity,4.5054,93,25,Fragrance,Women
Velvet Expressive,Commodity,4.4359,78,135,Fragrance,Women
W*****y,Commodity,4.1471,34,135,Fragrance,Women
Mimosa,Commodity,4.0455,44,135,Fragrance,Women
Archive Kit Sampler Set,Commodity,3.4,5,36,Fragrance,Value & Gift Sets
EXPRESSIVE Scent Space Set,Commodity,4.75,4,26,Fragrance,Value & Gift Sets
Magnolia Eau de Parfum,Commodity,5,13,135,Fragrance,Women
Moss Expressive,Commodity,4.5926,54,135,Fragrance,Women
BOLD + Scent Space Set,Commodity,5,3,26,Fragrance,Value & Gift Sets
Milk- Personal,Commodity,4.4,5,135,Fragrance,Women
Book - Personal Travel Spray,Commodity,4.3333,3,25,Fragrance,Women
Book - Personal,Commodity,5,5,135,Fragrance,Women
PERSONAL - Scent Space Set,Commodity,4,2,26,Fragrance,Value & Gift Sets
Gold+ Bold,Commodity,4.3333,9,135,Fragrance,Women
Gold- Personal Travel Spray,Commodity,5,1,25,Fragrance,Women
Velvet+ Bold Travel Spray,Commodity,5,2,25,Fragrance,Women
Gold- Personal,Commodity,4.25,4,135,Fragrance,Women
Gold+ Bold Travel Spray,Commodity,5,2,25,Fragrance,Women
Moss+ Bold Travel Spray,Commodity,4.25,4,25,Fragrance,Women
Paper- Personal Travel Spray,Commodity,4,3,25,Fragrance,Women
Velvet- Personal,Commodity,5,2,135,Fragrance,Women
Book+ Bold Travel Spray,Commodity,5,1,25,Fragrance,Women
Moss+ Bold,Commodity,5,3,135,Fragrance,Women
Paper- Personal,Commodity,3.5455,11,135,Fragrance,Women
Moss- Personal Travel Spray,Commodity,5,1,25,Fragrance,Women
Velvet+ Bold,Commodity,3,4,135,Fragrance,Women
Paper Expressive Travel Spray,Commodity,2.3333,3,25,Fragrance,Women
Velvet- Personal Travel Spray,Commodity,2,1,25,Fragrance,Women
Paper+ Bold,Commodity,4.8,5,135,Fragrance,Women
Book+ Bold,Commodity,4.6667,3,135,Fragrance,Women
Paper+ Bold Travel Spray,Commodity,4,1,25,Fragrance,Women
Paper Expressive,Commodity,,,135,Fragrance,Women
Moss- Personal,Commodity,5,1,135,Fragrance,Women
Makeup Melting Balm Cleanser,Community Sixty-Six,3.4032,248,16,Skincare,Cleansers
Retinol Resurfacing Night Moisturizer,Community Sixty-Six,4.0658,243,35,Skincare,Moisturizers
Hydrating Oil-Free Gel Moisturizer,Community Sixty-Six,4.1245,241,25,Skincare,Moisturizers
Detoxifying AHA/BHA Gel Cleanser,Community Sixty-Six,4.0504,119,16,Skincare,Cleansers
Hydrating Caffeine Eye Cream,Community Sixty-Six,4.1379,116,18,Skincare,Eye Care
Oil Control Moisturizer with Niacinamide,Community Sixty-Six,3.75,20,25,Skincare,Moisturizers
Everyday Mineral Moisturizer SPF 30 Sunscreen,Community Sixty-Six,4,13,30,Skincare,Moisturizers
Nourishing Rich Moisturizer with Hyaluronic Acid,Community Sixty-Six,3.5,10,25,Skincare,Moisturizers
Hydrating Cream Cleanser with Hyaluronic Acid,Community Sixty-Six,4.75,8,16,Skincare,Cleansers
Full Spectrum 360° Sun Silk Drops Organic Sunscreen SPF 30,COOLA,4.4205,799,48,Skincare,Sunscreen
Makeup Setting Spray Organic Sunscreen SPF 30,COOLA,3.3066,623,36,Skincare,Sunscreen
Full Spectrum 360º Refreshing Water Cream Organic Face Sunscreen SPF 50,COOLA,4.5805,267,48,Skincare,Sunscreen
Organic Sunless Tan Anti-Aging Face Serum,COOLA,3.9744,156,54,Skincare,Self Tanners
Full Spectrum 360° Refreshing Water Mist Organic Face Sunscreen SPF 18,COOLA,4.3636,99,36,Skincare,Sunscreen
Classic Body Organic Sunscreen Spray SPF 50 Fragrance-Free,COOLA,4.3636,77,28,Skincare,Sunscreen
Classic Body Organic Sunscreen Spray SPF 70 Peach Blossom,COOLA,4.2692,52,28,Skincare,Sunscreen
Classic Face Sunscreen SPF 50 White Tea,COOLA,3.9149,47,32,Skincare,Sunscreen
Sunless Tan Firming Lotion,COOLA,4.25,40,46,Skincare,Self Tanners
Sunless Tan Express Sculpting Mousse,COOLA,4,27,48,Skincare,Self Tanners
Sunless Tan Dry Body Oil Mist,COOLA,4.3478,23,46,Skincare,Self Tanners
COOLA Organic Liplux Classic Sunscreen Lip Oil SPF 30,COOLA,2.4211,19,18,Skincare,Lip Balms & Treatments
Classic Body Organic Sunscreen Lotion SPF 50,COOLA,3.875,8,28,Bath & Body,Body Moisturizers
Dew Good Illuminating Serum SPF 30,COOLA,4.5556,9,48,Skincare,Sunscreen
COOLA Scalp & Hair Mist Organic Sunscreen SPF 30,COOLA,3.2857,7,28,Skincare,Sunscreen
Mineral Face Sunscreen Sheer Matte SPF 30,COOLA,3.5,6,36,Skincare,Sunscreen
Classic Face Organic Sunscreen Lotion SPF 30,COOLA,3.6667,6,32,Skincare,Sunscreen
Classic Face Organic Sunscreen Lotion SPF 50,COOLA,5,4,32,Skincare,Sunscreen
Refreshing Water Sunscreen Stick SPF 50,COOLA,5,2,30,Skincare,Sunscreen
The Dry Shampoo,Crown Affair,3.9804,102,36,Hair,Hair Styling & Treatments
The Silk Scrunchie No. 001 Set,Crown Affair,4.5926,54,15,Tools & Brushes,Hair Tools
The Hair Towel,Crown Affair,4.8784,74,45,Tools & Brushes,Hair Tools
The Leave-In Conditioner Cream for Hydrated Hair,Crown Affair,4.825,240,48,Hair,Hair Styling & Treatments
The Comb No. 002,Crown Affair,4.4359,39,46,Tools & Brushes,Hair Tools
The Hair Oil,Crown Affair,4.6504,123,40,Hair,Hair Styling & Treatments
The Brush No. 001,Crown Affair,4.7059,51,74,Tools & Brushes,Hair Tools
The Ritual Shampoo,Crown Affair,4.2544,114,36,Hair,Shampoo & Conditioner
The Renewal Hydrating Hair Mask,Crown Affair,4.7143,49,58,Hair,Hair Styling & Treatments
The Cleansing Scalp Scrub Shampoo,Crown Affair,4.8824,34,54,Hair,Shampoo & Conditioner
The Ritual Conditioner,Crown Affair,4.3077,65,36,Hair,Shampoo & Conditioner
The Flexible Hold Finishing Hair Gel,Crown Affair,4.3125,16,42,Hair,Hair Styling & Treatments
Weightless Air Dry Curly Hair Cream,Curlsmith,4.6053,38,26,Hair,Hair Styling & Treatments
Mini Weightless Air Dry Curly Hair Cream,Curlsmith,5,1,12,Hair,Hair Styling & Treatments
Bouncy Strength Volume Hair Foam,Curlsmith,4.5625,48,26,Hair,Hair Styling & Treatments
Curly Hair Strength Styling Set for Damaged Hair,Curlsmith,4.8857,35,65,Hair,Value & Gift Sets
Transitioning Curly Hair Set,Curlsmith,4.9643,28,65,Hair,Value & Gift Sets
Bond Curl Rehab Hair Salve,Curlsmith,4.7857,42,29,Hair,Hair Styling & Treatments
Curl Defining Styling Hair Souffle Gel,Curlsmith,4.7955,44,40,Hair,Hair Styling & Treatments
Mini Bond Curl Rehab Hair Salve,Curlsmith,4.5,2,12,Hair,Hair Styling & Treatments
High Definition Curls 3- Step Hair Set,Curlsmith,4.8,30,64,Hair,Value & Gift Sets
Hold Me Softly Curly Hair Styling Cream Balm,Curlsmith,4.875,40,40,Hair,Hair Styling & Treatments
Curl Quenching Conditoning Hair Wash,Curlsmith,4.6735,49,56,Hair,Shampoo & Conditioner
Hydro Style Flexi Hair Jelly,Curlsmith,4.8182,44,27,Hair,Hair Styling & Treatments
Clarifying Detox Microbiome Scalp Hair Set,Curlsmith,4.8182,33,69,Hair,Value & Gift Sets
Bonding Hair Oil,Curlsmith,4.5758,33,29,Hair,Hair Styling & Treatments
Double Hair Cream Deep Conditioner,Curlsmith,4.7273,33,28,Hair,Hair Styling & Treatments
Mini Hold Me Softly Curly Hair Styling Cream Balm,Curlsmith,,,12,Hair,Hair Styling & Treatments
Mini Curl Defining Styling Hair Souffle,Curlsmith,3.5,4,12,Hair,Hair Styling & Treatments
Multi-Tasking Conditoner,Curlsmith,4.7317,41,27,Hair,Shampoo & Conditioner
In-Shower Style Fixer Curly Hair Gel,Curlsmith,4.7368,38,27,Hair,Hair Styling & Treatments
Miracle Shield Heat Protectant Leave In Teatment,Curlsmith,4.6667,33,28,Hair,Hair Styling & Treatments
Feather- Light Protein Hair Cream,Curlsmith,4.6667,33,27,Hair,Hair Styling & Treatments
Hair Defrizzion Dryer & XXL Diffuser,Curlsmith,4.8333,6,189,Hair,Tools
Mini Hydro Style Flexi Hair Jelly,Curlsmith,5,2,12,Hair,Hair Styling & Treatments
Full Body Thickening Hair Lotion,Curlsmith,4.5833,48,27,Hair,Hair Styling & Treatments
Wash & Scrub Clarifying Detox Shampoo,Curlsmith,4.8276,29,29,Hair,Shampoo & Conditioner
Moisture Memory Recativator Hair Leave-In,Curlsmith,4.2895,38,24,Hair,Hair Styling & Treatments
Core Strength Shampoo,Curlsmith,4.7143,35,25,Hair,Shampoo & Conditioner
Hydro Cream Soothing Deep Conditioner Hair Mask,Curlsmith,4.7895,38,29,Hair,Hair Styling & Treatments
Scalp Stimulating Booster,Curlsmith,4.6667,27,27,Hair,Hair Styling & Treatments
Curly Hair Styling Set - Shine,Curlsmith,4.875,32,65,Hair,Value & Gift Sets
Mini In-Shower Style Fixer Curly Hair Gel,Curlsmith,,,12,Hair,Hair Styling & Treatments
Mini Double Hair Cream Deep Conditioner,Curlsmith,,,12,Hair,Hair Styling & Treatments
Curl Conditioning Hair Oil-In-Cream,Curlsmith,4.7317,41,12,Hair,Hair Styling & Treatments
Full Lengths Density Elixir,Curlsmith,4.4828,29,39,Hair,Hair Styling & Treatments
Mini Curl Conditoning Hair Oil-In-Cream,Curlsmith,,,12,Hair,Hair Styling & Treatments
Mini Shine Strong Hold Hair Gel,Curlsmith,,,12,Hair,Hair Styling & Treatments
Mini Shine Hair Cream Leave In Conditioner,Curlsmith,,,12,Hair,Hair Styling & Treatments
Shine Hair Cream Leave In Conditioner,Curlsmith,4.8182,44,27,Hair,Hair Styling & Treatments
Intense Treatment Hair Serum,Curlsmith,4.52,25,36,Hair,Hair Styling & Treatments
Ultimate Lengths 30-Day Therapy Supplements,Curlsmith,3,2,29.99,Hair,Hair Styling & Treatments
Shape Up Aqua Hair Gel,Curlsmith,4.814,43,27,Hair,Hair Styling & Treatments
Shine Strong Hold Hair Gel,Curlsmith,4.44,25,27,Hair,Hair Styling & Treatments
Mini Shine Flexible Hold Hair Jelly,Curlsmith,,,12,Hair,Hair Styling & Treatments
Glow Perfecting Conditoner,Curlsmith,4.6,15,25,Hair,Shampoo & Conditioner
Post-Wash Calming Conditoner,Curlsmith,4.9722,36,28,Hair,Shampoo & Conditioner
Shine Conditoner,Curlsmith,4.8214,28,26,Hair,Shampoo & Conditioner
Mini Shine Shampoo,Curlsmith,,,12,Hair,Shampoo & Conditioner
Mini Shine Conditoner,Curlsmith,,,12,Hair,Shampoo & Conditioner
Shine Flexible Hold Hair Jelly,Curlsmith,4.8286,35,27,Hair,Hair Styling & Treatments
Shine Shampoo,Curlsmith,4.7742,31,26,Hair,Shampoo & Conditioner
Vivid Tones Vibrancy Shampoo,Curlsmith,1,1,25,Hair,Shampoo & Conditioner
Prickly Pear Hair Oil,dae,4.4086,394,38,Hair,Hair Styling & Treatments
Cactus Fruit 3-in-1 Styling Cream,dae,4.7183,323,28,Hair,Hair Styling & Treatments
Signature Shampoo,dae,3.7477,662,26,Hair,Shampoo & Conditioner
Monsoon Moisture Mask,dae,4.1164,292,30,Hair,Hair Styling & Treatments
Signature Conditioner,dae,4.0974,349,26,Hair,Shampoo & Conditioner
Cactus Flower Leave In Conditioner,dae,4.205,444,28,Hair,Hair Styling & Treatments
Vegan Detangle + Style Brush,dae,4.6321,106,24,Hair,Tools
Deep Conditioning Hair Treatment,dae,4.3729,303,28,Hair,Hair Styling & Treatments
Hibiscus Wave Spray,dae,4.5336,268,28,Hair,Hair Styling & Treatments
Monsoon Moisture Milk Hydrating Shampoo,dae,4.4505,333,28,Hair,Shampoo & Conditioner
Monsoon Moisture Hydrating Conditioner,dae,4.3545,220,28,Hair,Shampoo & Conditioner
Mini Signature Shampoo,dae,3.7477,662,12,Hair,Shampoo & Conditioner
Mini Cactus Flower Leave In Conditioner,dae,4.205,444,14,Hair,Hair Styling & Treatments
Deep Conditioning Treatment Hair Mask Travel,dae,4.3729,303,14,Hair,Hair Styling & Treatments
Mini Signature Conditioner,dae,4.0974,349,12,Hair,Shampoo & Conditioner
Mini Hibiscus Wave Spray,dae,4.5336,268,14,Hair,Hair Styling & Treatments
Violet Hour Purple Shampoo,dae,4.8691,527,30,Hair,Shampoo & Conditioner
Monsoon Moisture & Cactus Fruit 3-in-1 Styling Cream Hair Set,dae,5,1,55,Hair,Value & Gift Sets
Mochi Mochi Luminous Plumping & Hydrating Moisturizer,DAMDAM,4.6687,335,48,Skincare,Moisturizers
Nomad’s Cream Purifying & Exfoliating AHA Cleanser,DAMDAM,4.7929,198,38,Skincare,Cleansers
Silk Rice Makeup-Removing Cleansing Oil,DAMDAM,4.7602,196,46,Skincare,Cleansers
Rice Drops Face Oil Hydrating Serum,DAMDAM,4.8548,186,68,Skincare,Moisturizers
Snow Mushroom Pore Cleanser with Exfoliating Glove,DAMDAM,4.7037,108,47,Skincare,Cleansers
Skin Mud Pure Vitamin C Brightening Mask,DAMDAM,4.7419,62,48,Skincare,Masks
Paradisi Hydrating Essence Mist,DAMDAM,4.5,40,48,Skincare,Moisturizers
Cleansing & Hydrating Bestseller Set Bento Box,DAMDAM,5,2,42,Skincare,Value & Gift Sets
Aer Suction Toy,Dame,4.4409,127,95,Bath & Body,Body Care
Arousal Serum,Dame,4.4141,99,30,Bath & Body,Body Care
Arc G-Spot Vibrator,Dame,4.4828,116,115,Bath & Body,Body Care
Com Wand Vibrator,Dame,4.7407,108,125,Bath & Body,Body Care
Eva Couples Vibrator,Dame,4.3893,131,135,Bath & Body,Body Care
Body Wipes- Aloe Infused,Dame,4.8252,103,12,Bath & Body,Body Care
Pom Flexible Vibrator,Dame,4.7903,124,95,Bath & Body,Body Care
Zee Bullet Vibrator,Dame,4.3158,114,30,Bath & Body,Body Care
Dip Basic Vibrator,Dame,3.6667,3,49,Bath & Body,Body Care
Fin Finger Vibrator,Dame,4.41,100,85,Bath & Body,Body Care
Desire Gummies,Dame,4,1,42,Bath & Body,Body Care
"Colorfix Eye, Cheek & Lip Cream Pigment",Danessa Myricks Beauty,4.3961,876,18,Makeup,Eye
Yummy Skin Blurring Balm Powder,Danessa Myricks Beauty,3.754,561,36,Makeup,Face
Infinite Chrome Flakes Multichrome Gel for Eyes & Face,Danessa Myricks Beauty,4.0556,288,25,Makeup,Eye
Twin Flames Liquid Eyeshadow,Danessa Myricks Beauty,4.2991,117,26,Makeup,Eye
Yummy Skin Serum Foundation,Danessa Myricks Beauty,3.9703,236,34,Makeup,Face
"Vision Flush Blush, Eyeshadow and Lip Color",Danessa Myricks Beauty,4.0435,92,20,Makeup,Cheek
Lightwork Vol. IV: Transcendence Palette - Illuminating Eye & Face Pigments,Danessa Myricks Beauty,4.7849,172,125,Makeup,Eye
Infinite Chrome Waterproof Micropencil Eyeliner,Danessa Myricks Beauty,4.1,150,22,Makeup,Eye
Yummy Skin Blurring Balm Powder Flushed - Matte Color for Cheek & Lip,Danessa Myricks Beauty,4.8751,1017,25,Makeup,Cheek
Dew Wet Hydrating and Highlighting Balm,Danessa Myricks Beauty,4.0446,112,22,Makeup,Face
Balm Contour,Danessa Myricks Beauty,4.4393,107,26,Makeup,Face
Yummy Skin Glow Serum with Hyaluronic Acid,Danessa Myricks Beauty,4.5,110,34,Makeup,Face
Vision Cream Cover Adjustable Foundation & Concealer,Danessa Myricks Beauty,4.2384,172,22,Makeup,Face
Dewy Cheek & Lip Palette,Danessa Myricks Beauty,4.2059,34,32,Makeup,Value & Gift Sets
Lightwork Highlighting Palette,Danessa Myricks Beauty,4.7917,48,42,Makeup,Makeup Palettes
Mini Lightwork Vol. III The Experience Eye & Face Palette,Danessa Myricks Beauty,4.6316,38,85,Makeup,Makeup Palettes
Infinite Chrome Holiday Kit - Eye & Face Multichrome Pigments,Danessa Myricks Beauty,4.8889,9,35,Makeup,Eye
"Colorfix Eye, Cheek & Lip Cream Pigment Rose Dream Set",Danessa Myricks Beauty,4.4138,29,30,Makeup,Value & Gift Sets
Power Bronzer Cream Bronzer,Danessa Myricks Beauty,4.3556,45,26,Makeup,Cheek
Evolution Setting Powder,Danessa Myricks Beauty,4.4118,34,24,Makeup,Face
Illuminating Veil Liquid Highlighter,Danessa Myricks Beauty,3.973,37,22,Makeup,Face
Vision Flush Glow - Hyper Radiant Liquid Highlighter,Danessa Myricks Beauty,4.7925,53,20,Makeup,Face
Beauty Oil with Gold Leaf,Danessa Myricks Beauty,4.6269,67,30,Skincare,Moisturizers
Yummy Skin Serum Foundation Refill,Danessa Myricks Beauty,3.8333,6,24,Makeup,Face
Gel Lab Pro Nail Polish,Deborah Lippmann,3.9355,217,20,Makeup,Nail
Cuticle Lab - Nail Treatment Set,Deborah Lippmann,4.3851,148,49,Makeup,Nail
Deborah Lippmann - Exfoliating Cuticle Remover Nail Treatment,Deborah Lippmann,4.6125,160,22,Makeup,Nail
Cuticle Oil - Nail Cuticle Treatment,Deborah Lippmann,3.8701,77,22,Makeup,Nail
Bed of Roses Nail Polish Set,Deborah Lippmann,4,40,39,Makeup,Nail
The Cure - Nail Cuticle Repair Cream Treatment,Deborah Lippmann,4.2805,82,25,Makeup,Nail
Deborah Lippmann Hyper Vibes - Gel Lab Pro Color,Deborah Lippmann,4.1538,13,20,Makeup,Nail
Hard Rock - Nail Strengthening Top and Base Coat,Deborah Lippmann,4.1124,89,22,Makeup,Nail
Smooth Operator - Buffer Nail File,Deborah Lippmann,3.5625,80,14,Makeup,Nail
The Stripper - Nail Polish Remover,Deborah Lippmann,3.6145,83,22,Makeup,Nail
Rich Girl - Broad Spectrum SPF 25 Hand Cream,Deborah Lippmann,4.0426,47,30,Makeup,Nail
Soul Survivor High Performance Foot File,Deborah Lippmann,3.6667,3,45,Makeup,Nail
Get Off Callus Softener Intensive Treatment,Deborah Lippmann,,,49,Bath & Body,Bath & Shower
Happier Than Ever 6 Piece Nail Polish Set,Deborah Lippmann,3,2,39,Makeup,Nail
Eco File Nail Set,Deborah Lippmann,4.2,5,12,Makeup,Nail
High & Dry Super Quick-Drying Hemp + UVA/UVB  Top Coat,Deborah Lippmann,3.8,5,22,Makeup,Nail
Discovery Set,DedCool,4.1515,33,30,Fragrance,Value & Gift Sets
"01 ""Taunt"" Eau de Parfum Travel Spray",DedCool,4.619,63,30,Fragrance,Women
Milk Eau de Parfum Travel Spray,DedCool,4.1507,73,30,Fragrance,Women
"01 ""Taunt"" Eau de Parfum",DedCool,4.619,63,90,Fragrance,Women
"Dedtergent 01 ""Taunt""",DedCool,4.5714,21,35,Fragrance,Women
Milk Eau de Parfum,DedCool,4.1507,73,90,Fragrance,Women
Red Dakota Eau de Parfum Travel Spray,DedCool,4.2609,23,30,Fragrance,Women
"01 ""Taunt"" Air Freshener",DedCool,4.1154,26,12,Fragrance,Candles & Home Scents
"03 ""Blonde"" Eau de Parfum Travel Spray",DedCool,4.4375,16,30,Fragrance,Women
Red Dakota Eau de Parfum,DedCool,4.2609,23,90,Fragrance,Women
"01 ""Taunt"" Massage Candle",DedCool,5,16,55,Fragrance,Candles & Home Scents
Madonna Lilly Eau de Parfum Travel Spray,DedCool,4.6522,23,30,Fragrance,Women
02 Eau de Parfum Travel Spray,DedCool,4.6667,12,30,Fragrance,Women
"03 ""Blonde"" Eau de Parfum",DedCool,4.4375,16,90,Fragrance,Women
Madonna Lilly Eau de Parfum,DedCool,4.6522,23,90,Fragrance,Women
02 Eau de Parfum,DedCool,4.6667,12,90,Fragrance,Women
Ellipsis,DEREK LAM 10 CROSBY,4.3261,46,85,Fragrance,Women
Hi-Fi,DEREK LAM 10 CROSBY,4.3182,22,85,Fragrance,Women
Afloat,DEREK LAM 10 CROSBY,3.5769,26,85,Fragrance,Women
DERMAPORE Ultrasonic Pore Extractor & Serum Infuser,DERMAFLASH,3.6157,281,99,Skincare,High Tech Tools
LUXE+ Advanced Sonic Dermaplaning + Peach Fuzz Removal,DERMAFLASH,3.9735,189,199,Skincare,High Tech Tools
MINI Precision Peach Fuzz Removal Device,DERMAFLASH,4.0769,26,69,Skincare,Mini Size
THE ESSENTIALS Sonic Dermaplaning Refill Kit,DERMAFLASH,4.3125,16,87,Skincare,Value & Gift Sets
Precision MINI Edges 8-Pack Refill,DERMAFLASH,,,29,Skincare,High Tech Tools
Mini Daily Microfoliant Exfoliator,Dermalogica,4.696,4598,18,Skincare,Mini Size
Daily Microfoliant Exfoliator,Dermalogica,4.696,4598,65,Skincare,Cleansers
Precleanse Cleansing Oil,Dermalogica,4.5435,1229,49,Skincare,Cleansers
Mini Precleanse Cleansing Oil,Dermalogica,4.5435,1229,15,Skincare,Mini Size
Biolumin-C Vitamin C Eye Serum,Dermalogica,4.5228,945,74,Skincare,Eye Care
Special Cleansing Gel,Dermalogica,4.5196,716,42,Skincare,Cleansers
Mini Special Cleansing Gel,Dermalogica,4.5196,716,13,Skincare,Mini Size
BioLumin-C Vitamin C Serum,Dermalogica,4.5714,616,95,Skincare,Treatments
Daily Milkfoliant Exfoliator,Dermalogica,4.7943,559,65,Skincare,Cleansers
Acne Clearing Skin Wash Cleanser,Dermalogica,4.6303,541,42,Skincare,Cleansers
Skin Smoothing Cream Moisturizer,Dermalogica,4.6055,474,74,Skincare,Moisturizers
Active Moist Moisturizer,Dermalogica,4.6028,428,74,Skincare,Moisturizers
Discover Healthy Skin Kit,Dermalogica,4.6265,415,39.5,Skincare,Value & Gift Sets
MultiVitamin Power Recovery Mask,Dermalogica,4.3667,390,65,Skincare,Masks
Invisible Physical Defense Mineral Sunscreen SPF30,Dermalogica,4.3731,386,48,Skincare,Sunscreen
Circular Hydration Serum with Hyaluronic Acid,Dermalogica,4.7688,372,64,Skincare,Treatments
Daily Glycolic Cleanser,Dermalogica,4.7843,357,37,Skincare,Cleansers
Smart Response Serum,Dermalogica,4.7825,354,145,Skincare,Treatments
Dynamic Skin Retinol Serum,Dermalogica,4.8081,344,92,Skincare,Treatments
AGE Bright Clearing Serum,Dermalogica,4.3528,343,75,Skincare,Treatments
Hydro Masque Exfoliant,Dermalogica,4.4406,320,64,Skincare,Cleansers
Multi-Active Toner,Dermalogica,4.3987,316,43,Skincare,Cleansers
Mini Multi-Active Toner,Dermalogica,4.3987,316,13,Skincare,Mini Size
Retinol Acne Clearing Oil,Dermalogica,4.3981,314,86,Skincare,Moisturizers
Daily Superfoliant Exfoliator,Dermalogica,4.5631,309,65,Skincare,Cleansers
Melting Moisture Mask,Dermalogica,4.6879,298,69,Skincare,Masks
Awaken Peptide Depuffing Eye Gel,Dermalogica,4.7033,273,59,Skincare,Eye Care
BioLumin-C Vitamin-C Gel Moisturizer,Dermalogica,4.6384,271,69,Skincare,Moisturizers
Mini Daily Milkfoliant Exfoliator,Dermalogica,4.7943,559,18,Mini Size,Skincare
Dynamic Skin Recovery SPF50 Moisturizer,Dermalogica,4.8189,265,79,Skincare,Sunscreen
Super Rich Repair Moisturizer,Dermalogica,4.6593,226,94,Skincare,Moisturizers
Calm Water Gel Moisturizer,Dermalogica,4.3562,219,55,Skincare,Moisturizers
MultiVitamin Power Firm Eye Cream,Dermalogica,4.1724,203,69,Skincare,Eye Care
Ultracalming Cleanser,Dermalogica,4.4523,199,42,Skincare,Cleansers
Phyto Nature Oxygen Cream,Dermalogica,4.8646,192,125,Skincare,Moisturizers
Sound Sleep Cocoon Night Gel-Cream,Dermalogica,4.1823,181,89,Skincare,Treatments
Ultracalming Serum Concentrate,Dermalogica,4.3077,156,66,Skincare,Treatments
Intensive Moisture Balance Moisturizer,Dermalogica,4.4667,150,47,Skincare,Moisturizers
AGE Smart Phyto-Nature Firming Serum,Dermalogica,4.3311,148,155,Skincare,Treatments
Prisma Protect SPF 30 Moisturizer,Dermalogica,4.3571,140,69,Skincare,Moisturizers
Power Cleanse Duo,Dermalogica,4.5752,113,19,Skincare,Value & Gift Sets
Skinperfect Primer SPF 30,Dermalogica,4.3226,31,58,Makeup,Face
Stress Positive Eye Lift Mask,Dermalogica,4.1667,36,74,Skincare,Eye Care
Daily Brightness Boosters Kit,Dermalogica,4.8333,30,49.5,Skincare,Value & Gift Sets
Skin Resurfacing Lactic Acid Cleanser,Dermalogica,4.1071,28,48,Skincare,Cleansers
Active Clay Prebiotic Cleanser,Dermalogica,4.6087,23,42,Skincare,Cleansers
Age Reversal Eye Complex,Dermalogica,3.7273,22,79,Skincare,Eye Care
Mini Dynamic Skin Recovery SPF50 Moisturizer,Dermalogica,4.3333,3,23.5,Mini Size,Skincare
Daily Microfoliant Exfoliator Refill Pack,Dermalogica,4.8824,17,56,Skincare,Cleansers
Intensive Moisture Cleanser,Dermalogica,4,11,42,Skincare,Cleansers
Mini MultiVitamin Power Recovery Mask,Dermalogica,5,2,16.5,Skincare,Mini Size
Dior Addict Lip Glow,Dior,4.3517,2084,40,Makeup,Lip
Lip Glow Oil,Dior,4.0795,1145,40,Makeup,Lip
Dior Addict Lip Maximizer Plumping Gloss,Dior,4.4714,1084,40,Makeup,Lip
BACKSTAGE Face & Body Foundation,Dior,4.3445,3907,40,Makeup,Face
BACKSTAGE Rosy Glow Blush,Dior,4.2244,450,40,Makeup,Cheek
BACKSTAGE Glow Face Palette,Dior,4.5317,961,45,Makeup,Makeup Palettes
BACKSTAGE Eyeshadow Palette,Dior,4.2467,377,49,Makeup,Eye
Dior Forever Skin Correct Full-Coverage Concealer,Dior,4.3953,296,40,Makeup,Face
Rouge Dior Refillable Lipstick,Dior,4.5272,2591,45,Makeup,Lip
Backstage Concealer,Dior,4.475,1341,29,Makeup,Face
Dior Forever Skin Glow Foundation SPF 15,Dior,4.3385,898,55,Makeup,Face
Rouge Dior Forever Liquid Transfer-Proof Lipstick,Dior,4.4976,1451,45,Makeup,Lip
Dior Addict Stellar Lip Gloss,Dior,4.3333,165,40,Makeup,Lip
Miss Dior Blooming Bouquet,Dior,4.3024,2437,105,Fragrance,Women
Miss Dior Eau de Parfum,Dior,4.5215,2188,160,Fragrance,Women
J'adore Eau de Parfum,Dior,4.5902,2279,160,Fragrance,Women
Dior Forever Matte Foundation SPF 15,Dior,4.3064,692,55,Makeup,Face
Rouge Dior Forever Transfer-Proof Lipstick,Dior,4.4264,856,45,Makeup,Lip
Diorshow 24h Buildable Volume Mascara,Dior,4.1817,776,29.5,Makeup,Eye
Dior Addict Refillable Shine Lipstick,Dior,4.5083,966,45,Makeup,Lip
Dreamskin Skin Perfector,Dior,4.3384,1457,130,Skincare,Moisturizers
Hypnotic Poison,Dior,4.4289,921,100,Fragrance,Women
Dior Addict Lip Tint,Dior,3.6104,77,40,Makeup,Lip
Sauvage Eau de Toilette,Dior,4.6143,892,100,Fragrance,Men
Diorshow Iconic Overcurl Mascara,Dior,4.2475,2707,29.5,Makeup,Eye
Capture Totale Super Potent Eye Serum,Dior,4.3831,1091,85,Skincare,Eye Care
5 Couleurs Couture Eyeshadow Palette,Dior,3.7922,77,62,Makeup,Eye
Dior Forever Couture Luminizer Highlighter Powder,Dior,4.3492,63,50,Makeup,Face
Diorshow Brow Styler Ultra-Fine Precision Brow Pencil,Dior,4.5911,1252,31,Makeup,Eye
BACKSTAGE Face & Body Primer,Dior,4.1186,236,36,Makeup,Face
Diorshow Waterproof Mascara,Dior,3.8403,2867,29.5,Makeup,Eye
Rouge Dior Ultra Care Liquid Lipstick,Dior,4.3235,68,38,Makeup,Lip
Miss Dior Blooming Bouquet Roller-pearl,Dior,4.3024,2437,45,Fragrance,Women
Capture Totale Super Potent Rich Cream,Dior,4.5457,678,130,Skincare,Moisturizers
Nail Glow,Dior,4.1767,566,30,Makeup,Nail
Capture Totale Firming & Wrinkle-Correcting Cream,Dior,4.5168,654,130,Skincare,Moisturizers
Sauvage Eau de Parfum,Dior,4.5798,683,120,Fragrance,Men
Cica Recover & Repair Multi-Use Balm,Dior,4.6416,611,60,Skincare,Moisturizers
Forever Natural Velvet Matte Compact Foundation,Dior,3.875,8,60,Makeup,Face
Rouge Blush,Dior,4.6618,68,45,Makeup,Cheek
La Mousse OFF/ON Foaming Face Cleanser,Dior,4.4232,560,50,Skincare,Cleansers
Dior Addict Lip Sugar Scrub,Dior,4.2837,208,40,Makeup,Lip
Miss Dior Absolutely Blooming,Dior,4.5481,208,160,Fragrance,Women
Dreamskin Fresh & Perfect Cushion Broad Spectrum SPF 50,Dior,4.1378,225,90,Makeup,Face
Poison Girl,Dior,4.1509,159,80,Fragrance,Women
Capture Totale Le Sérum Anti-Aging Serum,Dior,4.4527,497,100,Skincare,Treatments
Mini Rouge Dior Lipstick Set,Dior,3.5625,16,50,Makeup,Value & Gift Sets
Dior Forever Natural Powder Bronzer,Dior,4.1053,38,50,Makeup,Cheek
Miss Dior Hair Mist,Dior,3.9818,55,75,Fragrance,Women
Pure Poison,Dior,4.5763,295,130,Fragrance,Women
Diorshow On Stage Waterproof Liquid Eyeliner,Dior,3.432,169,32,Makeup,Eye
Diorshow Maximizer 3D Triple Volume Plumping Lash Primer,Dior,4.3092,2303,29.5,Makeup,Eye
Miss Dior Eau de Parfum Roller-Pearl,Dior,4.28,25,55,Fragrance,Women
J'adore Parfum d'Eau,Dior,4.5556,1107,160,Fragrance,Women
Lip Maximizer Serum,Dior,3.8,35,40,Makeup,Lip
Crayon Eyeliner - Waterproof,Dior,4.313,540,30,Makeup,Eye
BACKSTAGE Lash Curler,Dior,2.7647,34,28,Makeup,Accessories
Hypnotic Poison Roller-Pearl,Dior,4.4289,921,45,Fragrance,Women
Miss Dior Rose N'Roses Eau de Toilette,Dior,4.0629,1430,130,Fragrance,Women
Miss Dior Moisturizing Body Milk,Dior,4.2308,13,65,Bath & Body,Body Moisturizers
J'adore Eau de Parfum Roller-pearl,Dior,3.9412,17,55,Mini Size,Fragrance
Dior Addict Lipstick Case,Dior,3.6667,3,30,Makeup,Accessories
Dior Addict Eau Fraîche,Dior,4.3717,113,100,Fragrance,Women
Miss Dior Eau de Toilette Roller-pearl,Dior,4.3548,62,45,Fragrance,Women
JOY by Dior,Dior,3.8208,173,160,Fragrance,Women
Sauvage Deodorant Stick,Dior,4.5862,29,35,Bath & Body,Body Care
Dior Addict Eau de Parfum,Dior,4.5301,183,130,Fragrance,Women
Miss Dior Rose N'Roses Roller-pearl,Dior,4.0679,1472,45,Fragrance,Women
Diorshow Iconic Overcurl Waterproof Mascara,Dior,3.4735,283,29.5,Makeup,Eye
Dreamskin Fresh & Perfect Cushion Broad Spectrum SPF 50 Refill,Dior,4.2619,42,45,Makeup,Face
Dior Forever Loose Cushion Powder,Dior,3.6667,18,65,Makeup,Face
Poison,Dior,4.0806,62,80,Fragrance,Women
Diorshow Pump 'N' Volume Mascara,Dior,3.44,25,29.5,Makeup,Eye
Miss Dior Blooming Bouquet Lifestyle Gift Set,Dior,2.5,4,110,Makeup,Value & Gift Sets
Mini Diorshow Mascara Duo Set,Dior,4.4,5,28,Makeup,Eye
Sauvage Parfum,Dior,4.5236,487,180,Fragrance,Men
J'adore Eau Lumière Eau de Toilette,Dior,4.5263,76,55,Fragrance,Women
Sauvage Elixir,Dior,4.5178,1178,180,Fragrance,Men
Capture Youth Serum Collection,Dior,4.2434,152,110,Skincare,Treatments
J'adore Body Milk,Dior,4.1714,35,65,Bath & Body,Body Moisturizers
J'adore Soap,Dior,4.4375,32,33,Bath & Body,Bath & Shower
Miss Dior Eau de Toilette,Dior,4.0172,58,130,Fragrance,Women
J'adore Hair Mist,Dior,4.3125,16,75,Fragrance,Women
J'adore Eau Lumière Eau de Toilette Roller-pearl,Dior,4.1,10,55,Mini Size,Fragrance
Fahrenheit,Dior,4.7009,107,95,Fragrance,Men
J'adore Huile Divine - Dry Silky Body & Hair Oil,Dior,4.0833,12,75,Bath & Body,Body Moisturizers
Homme Eau de Toilette,Dior,4.481,1237,95,Fragrance,Men
Dior Forever Glow Veil Makeup Primer,Dior,4.375,8,50,Makeup,Face
Miss Dior Eau de Parfum Set,Dior,5,4,155,Fragrance,Value & Gift Sets
Forever Perfect Fix Setting Spray,Dior,4.0909,11,45,Makeup,Face
Capture Youth Age-Delay Advanced Crème,Dior,3.9219,64,110,Skincare,Moisturizers
J'adore eau de parfum infinissime,Dior,4.1905,21,170,Fragrance,Women
Miss Dior Body Oil,Dior,3.6429,14,70,Bath & Body,Body Moisturizers
Diorshow Stylo Waterproof Eyeliner,Dior,2.7742,31,34,Makeup,Eye
Sauvage Deodorant Spray,Dior,4.5806,31,40,Bath & Body,Body Care
One Essential Skin Boosting Super Serum,Dior,4.3889,54,110,Skincare,Treatments
Capture Totale Intensive Night Restorative Crème,Dior,4.4545,44,175,Skincare,Moisturizers
Dior Homme Cologne,Dior,4.359,39,105,Fragrance,Men
Diorshow OnSet Brow Gel,Dior,4.375,8,31,Makeup,Eye
Dreamskin Skin Perfector Refill,Dior,4.5714,35,102,Skincare,Treatments
J'adore eau de parfum infinissime Roller-Pearl,Dior,4.375,8,60,Fragrance,Women
Sauvage Shower Wash,Dior,4.5,4,50,Bath & Body,Bath & Shower
Hydra Life Deep Hydration Sorbet Water Essence,Dior,4.3438,32,80,Skincare,Treatments
Hydra Life Cooling Hydration Sorbet Eye Gel,Dior,3.3226,31,60,Skincare,Eye Care
Rouge Dior Lip Balm,Dior,3.4,30,45,Skincare,Lip Balms & Treatments
Capture Youth Age-Delay Advanced Eye Treatment,Dior,3.4667,30,75,Skincare,Eye Care
Dior Addict Shine Lipstick Refill,Dior,5,2,35,Makeup,Lip
Dior Forever Velvet Veil Matte Primer,Dior,3.6,5,50,Makeup,Face
One Essential Eye Serum,Dior,4.3333,27,72,Skincare,Eye Care
Rouge Dior Lipstick Refill,Dior,5,3,35,Makeup,Lip
Diorshow Pump'N'Volume Waterproof Mascara,Dior,2.9111,90,29.5,Makeup,Eye
Diorshow 10 Couleurs Eye Makeup Palette – Mitzah Limited Edition,Dior,5,8,130,Makeup,Eye
Sauvage Eau de Toilette Gift Set,Dior,,,149,Fragrance,Value & Gift Sets
Eau Sauvage,Dior,4.7403,77,120,Fragrance,Men
Capture Totale Firming & Wrinkle-Correcting Eye Cream,Dior,4.3889,18,80,Skincare,Eye Care
Rouge Dior Lip Balm Refill,Dior,,,35,Makeup,Lip
Capture Youth Glow Booster Age-Delay Illuminating Serum,Dior,4.6667,15,110,Skincare,Treatments
Hydra Life Balancing Hydration 2 in 1 Sorbet Water,Dior,3.7692,13,45,Skincare,Moisturizers
Capture Youth Plump Filler Age-Delay Plumping Serum,Dior,4,13,110,Skincare,Treatments
Sauvage Very Cool Spray,Dior,5,6,82,Fragrance,Women
Capture Totale Super Potent Cleanser,Dior,4.4545,11,65,Skincare,Cleansers
Sauvage After-Shave Lotion,Dior,4.8571,7,70,Bath & Body,Bath & Shower
Dior Homme Sport,Dior,4.4665,1076,130,Fragrance,Men
Dior Homme Sport,Dior,4.4118,17,82,Fragrance,Men
Eye and Lip Makeup Remover,Dior,2.4,5,40,Makeup,Accessories
Capture Youth Age-Delay Progressive Peeling Crème,Dior,4.4286,7,110,Skincare,Treatments
Hydra Life Fresh Sorbet Crème Moisturizer,Dior,3.5,6,85,Skincare,Moisturizers
Homme Deodorant Stick,Dior,3,3,35,Bath & Body,Body Care
Sauvage Shaving Gel,Dior,5,2,70,Bath & Body,Bath & Shower
Capture Youth Intense Rescue Age-Delay Revitalizing Oil-Serum,Dior,3.4,5,110,Skincare,Treatments
Hydra Life Intense Sorbet Crème Moisturizer,Dior,5,3,85,Skincare,Moisturizers
Capture Totale Intensive Essence Lotion,Dior,4,3,80,Skincare,Moisturizers
Sauvage After Shave Balm,Dior,,,70,Men,Shaving
Dior Addict Refillable Couture Lipstick Case,Dior,5,5,30,Makeup,Lip
Capture Dreamskin 1-Minute Mask,Dior,5,2,80,Skincare,Masks
Dior Skin Mattifying Papers,Dior,5,1,35,Skincare,Cleansers
Light Blue Eau de Toilette,Dolce&Gabbana,4.5468,3107,116,Fragrance,Women
The One,Dolce&Gabbana,4.5706,878,132,Fragrance,Women
L’IMPERATRICE Eau de Toilette,Dolce&Gabbana,4.5776,1153,89,Fragrance,Women
Light Blue Eau Intense,Dolce&Gabbana,4.4043,188,120,Fragrance,Women
Light Blue Eau de Toilette Travel Spray,Dolce&Gabbana,4.5468,3107,31,Fragrance,Women
Dolce Eau de Parfum,Dolce&Gabbana,4.3193,404,126,Fragrance,Women
Dolce Garden,Dolce&Gabbana,4.6193,218,29,Fragrance,Women
Light Blue Pour Homme Eau de Toilette,Dolce&Gabbana,4.7358,424,100,Fragrance,Men
Pour Femme,Dolce&Gabbana,4.4839,217,29,Fragrance,Women
The One For Men,Dolce&Gabbana,4.7297,370,134,Fragrance,Men
The One For Men Eau De Parfum,Dolce&Gabbana,4.5,24,143,Fragrance,Men
Light Blue Eau Intense Pour Homme,Dolce&Gabbana,4.6905,42,139,Fragrance,Men
Pour Femme Intense,Dolce&Gabbana,4.3365,104,128,Fragrance,Women
Dolce Garden Travel Spray,Dolce&Gabbana,4.3333,30,29,Fragrance,Women
K by Dolce & Gabbana,Dolce&Gabbana,4.6467,351,104,Men,
Pour Femme Rollerball,Dolce&Gabbana,4.4536,97,29,Fragrance,Women
Dolce Lily Eau De Toilette,Dolce&Gabbana,4.6351,348,82,Fragrance,Women
The One Eau de Parfum Travel Spray,Dolce&Gabbana,4.4286,7,31,Fragrance,Women
Pour Homme,Dolce&Gabbana,4.6557,122,100,Fragrance,Men
Light Blue Pour Homme Deodorant,Dolce&Gabbana,2.5556,9,29,Bath & Body,Body Care
The Essential Eye Shadow Palette,DOMINIQUE COSMETICS,4.7857,14,49,Makeup,Eye
Cashmere Mist Deodorant,Donna Karan,4.4439,971,32,Bath & Body,Bath & Shower
Cashmere Mist Eau de Parfum,Donna Karan,4.4824,255,130,Fragrance,Women
Cashmere Mist Travel Spray,Donna Karan,4.4,10,30,Fragrance,Women
Cashmere Mist Aluminum Free/Alcohol Free Deodorant,Donna Karan,3.3333,15,32,Bath & Body,Body Care
Cashmere Mist Body Creme,Donna Karan,4.6667,9,60,Bath & Body,Body Moisturizers
Apple Cider Vinegar Scalp Scrub & Hair Rinse Duo,dpHUE,4.1667,42,53,Hair,Value & Gift Sets
Hyaluronic Serum,Dr. Barbara Sturm,3.9386,879,320,Skincare,Treatments
Mini Hyaluronic Serum,Dr. Barbara Sturm,3.9386,879,110,Skincare,Mini Size
Glow Drops,Dr. Barbara Sturm,4.0601,815,150,Skincare,Treatments
Mini Glow Drops,Dr. Barbara Sturm,4.0601,815,60,Skincare,Mini Size
Face Cream,Dr. Barbara Sturm,4.2407,810,225,Skincare,Moisturizers
Mini Face Cream,Dr. Barbara Sturm,4.2407,810,75,Skincare,Moisturizers
Eye Cream,Dr. Barbara Sturm,3.8221,253,145,Skincare,Eye Care
The Body Brush,Dr. Barbara Sturm,3.5417,24,40,Bath & Body,Body Care
Cleanser,Dr. Barbara Sturm,4.2,70,75,Skincare,Cleansers
Sun Drops SPF 50,Dr. Barbara Sturm,2.7164,67,150,Skincare,Sunscreen
Enzyme Cleanser,Dr. Barbara Sturm,3.8276,58,75,Skincare,Cleansers
Face Mask,Dr. Barbara Sturm,4.5185,54,125,Skincare,Masks
Anti-Pollution Drops,Dr. Barbara Sturm,3.6327,49,150,Skincare,Treatments
Night Serum,Dr. Barbara Sturm,4.7021,47,310,Skincare,Treatments
Super Anti-Aging Serum,Dr. Barbara Sturm,3.3684,38,370,Skincare,Treatments
Mini Super Anti-Aging Serum,Dr. Barbara Sturm,3.3684,38,130,Skincare,Mini Size
The Better B Niacinamide Serum,Dr. Barbara Sturm,4.8667,30,145,Skincare,Treatments
Balancing Toner,Dr. Barbara Sturm,4.4828,29,75,Skincare,Cleansers
The Good C Vitamin C Serum,Dr. Barbara Sturm,3.5,24,145,Skincare,Treatments
Face Cream Rich,Dr. Barbara Sturm,4.3182,22,240,Skincare,Moisturizers
Clarifying Face Cream,Dr. Barbara Sturm,3.3182,22,225,Skincare,Moisturizers
Calming Serum,Dr. Barbara Sturm,3.7778,18,255,Skincare,Treatments
Clarifying Serum,Dr. Barbara Sturm,4.125,16,255,Skincare,Treatments
Clarifying Mask,Dr. Barbara Sturm,4.125,16,150,Skincare,Masks
Face Cream Light,Dr. Barbara Sturm,3.9333,15,215,Skincare,Moisturizers
Clarifying Acne Spot Treatment,Dr. Barbara Sturm,3.5,14,55,Skincare,Treatments
Anti-Aging Body Cream,Dr. Barbara Sturm,4.0909,11,125,Bath & Body,Body Moisturizers
V Wash,Dr. Barbara Sturm,4,5,75,Bath & Body,Body Care
Darker Skin Tones Hyaluronic Serum,Dr. Barbara Sturm,4.3636,11,300,Skincare,Treatments
V Drops,Dr. Barbara Sturm,4.2,5,100,Bath & Body,Body Care
Darker Skin Tones Foam Cleanser,Dr. Barbara Sturm,3.7,10,75,Skincare,Cleansers
The SturmGlow Kit,Dr. Barbara Sturm,3.1111,9,185,Skincare,Value & Gift Sets
Darker Skin Tones Enzyme Cleanser,Dr. Barbara Sturm,4.7778,9,75,Skincare,Cleansers
Brightening Serum,Dr. Barbara Sturm,3.5556,9,310,Skincare,Treatments
Darker Skin Tones Face Cream,Dr. Barbara Sturm,5,9,225,Skincare,Moisturizers
Aloe Vera Gel,Dr. Barbara Sturm,3.3333,9,75,Skincare,Moisturizers
Super Anti-Aging Face Cream,Dr. Barbara Sturm,3.2222,9,360,Skincare,Moisturizers
Clarifying Spot Treatment,Dr. Barbara Sturm,4.125,8,55,Skincare,Treatments
Brightening Face Lotion,Dr. Barbara Sturm,4.4286,7,205,Skincare,Moisturizers
Super Anti-Aging Eye Cream,Dr. Barbara Sturm,4.3333,6,210,Skincare,Eye Care
Brightening Face Cream,Dr. Barbara Sturm,5,5,240,Skincare,Moisturizers
Darker Skin Tones Face Cream Rich,Dr. Barbara Sturm,4.6667,3,240,Skincare,Moisturizers
Super Anti-Aging Night Cream,Dr. Barbara Sturm,,,395,Skincare,Moisturizers
pores no more pore refiner primer,Dr. Brandt Skincare,4.2677,3298,48,Makeup,Face
Hydro Biotic Recovery Sleeping Mask,Dr. Brandt Skincare,4.5788,1187,54,Skincare,Masks
Needles No More Wrinkle Smoothing Cream,Dr. Brandt Skincare,3.5158,506,89,Skincare,Treatments
PoreDermabrasion Pore Perfecting Exfoliator,Dr. Brandt Skincare,4.2437,316,59,Skincare,Cleansers
MAGNETIGHT Age-Defier Mask,Dr. Brandt Skincare,3.9216,306,75,Skincare,Masks
Radiance Resurfacing Foam,Dr. Brandt Skincare,4.4478,297,72,Skincare,Treatments
pores no more Vacuum Cleaner Pore Purifying Mask,Dr. Brandt Skincare,3.887,239,44,Skincare,Masks
pores no more Luminizer Primer,Dr. Brandt Skincare,3.9663,208,40,Makeup,Face
Liquid Sun Shield Daily Brightening Mineral Sunscreen SPF 50,Dr. Brandt Skincare,4.2804,189,67,Skincare,Sunscreen
C Scription Vitamin C Brightening Serum,Dr. Brandt Skincare,4.6959,148,120,Skincare,Treatments
Do Not Age with Dr. Brandt Triple Peptide Eye Cream,Dr. Brandt Skincare,4.0822,146,82,Skincare,Eye Care
Cool Biotic Prebiotic Redness Relief Cream,Dr. Brandt Skincare,4.1468,109,56,Skincare,Moisturizers
24/7 Retinol Eye Cream,Dr. Brandt Skincare,3.9159,107,58,Skincare,Eye Care
Clean Biotic pH-balanced yogurt cleanser with chlorophyll,Dr. Brandt Skincare,4.2212,104,36,Skincare,Cleansers
pores no more Mattifying Hydrator Pore Minimizing Gel,Dr. Brandt Skincare,4.2039,103,50,Skincare,Treatments
Do Not Age with Dr. Brandt Moisturizing Neck Cream,Dr. Brandt Skincare,3.7745,102,67,Skincare,Moisturizers
Do Not Age with Dr. Brandt Time Defying Cream,Dr. Brandt Skincare,4.0114,88,132,Skincare,Moisturizers
Dark Spots No More Triple Acid Spot Minimizing Concentrate,Dr. Brandt Skincare,3.9634,82,71,Skincare,Treatments
pores no more Pore Purifying Cleanser,Dr. Brandt Skincare,4.2537,67,38,Skincare,Cleansers
Microdermabrasion Renewing Age-Defying Face Exfoliator,Dr. Brandt Skincare,4.8621,58,79,Skincare,Cleansers
Do Not Age with Dr. Brandt Transforming Pearl Serum,Dr. Brandt Skincare,4.1852,54,152,Skincare,Treatments
Hyaluronic Facial Cream,Dr. Brandt Skincare,3.814,43,72,Skincare,Moisturizers
needles no more 3-D LIP PLUMPFIX,Dr. Brandt Skincare,2.8947,38,39,Skincare,Lip Balms & Treatments
needles no more Neck Sculpting Cream,Dr. Brandt Skincare,3.7742,31,95,Skincare,Moisturizers
Triple Active Retinol Gentle Overnight Renewal Cream,Dr. Brandt Skincare,3.7273,11,75,Skincare,Moisturizers
Radiance Revitalizing Foam,Dr. Brandt Skincare,5,4,65,Skincare,Treatments
Mini Microdermabrasion Renewing Age-Defying Face Exfoliator,Dr. Brandt Skincare,4.5,4,29,Mini Size,Skincare
Microdermabrasion Smoothing Lip Scrub,Dr. Brandt Skincare,4,2,30,Skincare,Lip Balms & Treatments
Drop of Strength All Day Strengthening Serum,Dr. Brandt Skincare,4.5,2,85,Skincare,Treatments
25 Years of Dr. Brandt Kit,Dr. Brandt Skincare,1,1,165,Skincare,Value & Gift Sets
Microdermbrasion Hydrating Body Exfoliator,Dr. Brandt Skincare,,,50,Bath & Body,Bath & Shower
Alpha Beta Extra Strength Daily Peel Pads,Dr. Dennis Gross Skincare,4.5455,7412,92,Skincare,Treatments
Mini Alpha Beta Extra Strength Daily Peel Pads,Dr. Dennis Gross Skincare,4.609,642,20,Mini Size,Skincare
Alpha Beta Pore Perfecting & Refining Serum,Dr. Dennis Gross Skincare,4.4672,1494,68,Skincare,Treatments
Alpha Beta Universal Daily Peel Pads,Dr. Dennis Gross Skincare,4.4899,1382,92,Skincare,Treatments
Mini Alpha Beta Universal Daily Peel Pads,Dr. Dennis Gross Skincare,4.5148,371,20,Mini Size,Skincare
Hyaluronic Marine Makeup Removing Meltaway Cleanser,Dr. Dennis Gross Skincare,4.4555,595,32,Skincare,Cleansers
Alpha Beta AHA/BHA Daily Cleansing Gel,Dr. Dennis Gross Skincare,4.3166,439,39,Skincare,Cleansers
Advanced Retinol + Ferulic Triple Correction Eye Serum,Dr. Dennis Gross Skincare,4.4967,304,71,Skincare,Eye Care
Advanced Retinol + Ferulic Texture Renewal Serum,Dr. Dennis Gross Skincare,4.4667,285,76,Skincare,Treatments
Alpha Beta Exfoliating Body Treatment Peel,Dr. Dennis Gross Skincare,4.4054,708,60,Bath & Body,Bath & Shower
Vitamin C Lactic Dewy Deep Cream,Dr. Dennis Gross Skincare,4.8008,251,75,Skincare,Moisturizers
Advanced Retinol + Ferulic Overnight Wrinkle Treatment,Dr. Dennis Gross Skincare,4.7287,247,87,Skincare,Treatments
Alpha Beta Ultra Gentle Daily Peel Pads for Sensitive Skin,Dr. Dennis Gross Skincare,4.3389,239,20,Skincare,Treatments
Vitamin C Lactic 15% Firm & Bright Serum,Dr. Dennis Gross Skincare,4.556,232,85,Skincare,Treatments
Vitamin C Lactic Firm & Bright Eye Treatment,Dr. Dennis Gross Skincare,4.7459,185,68,Skincare,Eye Care
Hyaluronic Marine Dew It Right Eye Gel,Dr. Dennis Gross Skincare,3.5442,147,55,Skincare,Eye Care
Advanced Retinol + Ferulic Overnight Texture Renewal Peel,Dr. Dennis Gross Skincare,4.7415,147,82,Skincare,Treatments
Hyaluronic Marine Oil-Free Moisture Cushion,Dr. Dennis Gross Skincare,4.0342,146,65,Skincare,Moisturizers
Advanced Retinol + Ferulic Intense Wrinkle Cream,Dr. Dennis Gross Skincare,4.695,141,77,Skincare,Moisturizers
Hyaluronic Marine Hydration Booster,Dr. Dennis Gross Skincare,4.2555,137,72,Skincare,Treatments
Pro Facial Steamer,Dr. Dennis Gross Skincare,4.1493,134,159,Skincare,High Tech Tools
Vitamin C Lactic Biocellulose Brightening Treatment Mask,Dr. Dennis Gross Skincare,4.5897,117,12,Skincare,Masks
Vitamin C Lactic Oil-Free Radiant Moisturizer,Dr. Dennis Gross Skincare,4.6577,111,72,Skincare,Moisturizers
Alpha Beta Daily Moisturizer,Dr. Dennis Gross Skincare,4.561,82,72,Skincare,Moisturizers
Hyaluronic Marine Hydrating Modeling Mask,Dr. Dennis Gross Skincare,4.0921,76,52,Skincare,Masks
Alpha Beta Daily Essentials - Universal,Dr. Dennis Gross Skincare,4.6296,27,92,Skincare,Value & Gift Sets
Alpha Beta Daily Essentials - Extra Strength,Dr. Dennis Gross Skincare,4.4615,26,92,Skincare,Treatments
Mini Alpha Beta Exfoliating Body Treatment Peel,Dr. Dennis Gross Skincare,2.8824,17,18,Skincare,Mini Size
Mini Alpha Beta AHA/BHA Daily Cleansing Gel,Dr. Dennis Gross Skincare,3.7143,14,15,Skincare,Cleansers
Mini Alpha Beta Ultra Gentle Daily Peel Pads for Sensitive Skin,Dr. Dennis Gross Skincare,3.6364,11,20,Skincare,Mini Size
Firm + Bright + Glow Vitamin C Lactic Set,Dr. Dennis Gross Skincare,3.4286,7,85,Skincare,Value & Gift Sets
DRx SpectraLite LED EyeCare Max Pro,Dr. Dennis Gross Skincare,5,5,199,Skincare,High Tech Tools
DRx SpectraLite BodyWare Pro,Dr. Dennis Gross Skincare,4.25,4,465,Skincare,High Tech Tools
Cicapair Tiger Grass Color Correcting Treatment SPF 30,Dr. Jart+,3.9904,5309,52,Skincare,Moisturizers
Mini Cicapair Tiger Grass Color Correcting Treatment SPF 30,Dr. Jart+,4.0165,5028,21,Skincare,Mini Size
Cicapair Tiger Grass Cream,Dr. Jart+,4.3233,1367,49,Skincare,Moisturizers
Cicapair Tiger Grass Serum,Dr. Jart+,4.2657,1080,52,Skincare,Treatments
Cicapair Tiger Grass Sleepair Intensive Mask,Dr. Jart+,4.5464,743,42,Skincare,Masks
Cicapair Tiger Grass Calming Gel Cream,Dr. Jart+,4.4977,645,49,Skincare,Moisturizers
Teatreement Moisturizer,Dr. Jart+,4.2435,620,35,Skincare,Moisturizers
Premium BB Tinted Moisturizer with Niacinamide and SPF 40,Dr. Jart+,4.3229,607,44,Skincare,Moisturizers
Focuspot Micro Tip Patches,Dr. Jart+,3.0381,578,20,Skincare,Treatments
Cryo Rubber Masks,Dr. Jart+,4.3149,562,15,Skincare,Masks
Cicapair Tiger Grass Calming Mist,Dr. Jart+,4.4314,554,25,Skincare,Moisturizers
Teatreement Cleansing Foam,Dr. Jart+,4.1409,504,29,Skincare,Cleansers
Every Sun Day Mineral Sunscreen SPF 50+,Dr. Jart+,4.4336,482,40,Skincare,Sunscreen
Cicapair  Tiger Grass Camo Drops Color Corrector SPF 35,Dr. Jart+,4.1395,473,48,Skincare,Treatments
Teatreement Toner,Dr. Jart+,4.2553,470,30,Skincare,Cleansers
Ceramidin  Eye Cream with Niacinamide,Dr. Jart+,4.5473,433,40,Skincare,Eye Care
Sheet Masks,Dr. Jart+,4.2176,432,7,Skincare,Masks
Pore Remedy PHA Exfoliating Serum,Dr. Jart+,4.1694,431,45,Skincare,Treatments
Ceramidin Skin Barrier Moisturizing Cream,Dr. Jart+,4.6091,417,48,Skincare,Moisturizers
Ceramidin Skin Barrier Moisturizing Mask,Dr. Jart+,4.6936,359,9,Skincare,Masks
Ceramidin Skin Barrier Serum Toner,Dr. Jart+,4.6364,341,39,Skincare,Cleansers
Ceramidin Cream-Infused Mask,Dr. Jart+,4.6324,340,15,Skincare,Masks
Every Sun Day Sun Fluid SPF 50+,Dr. Jart+,4.4215,325,42,Skincare,Sunscreen
Dermask Micro Jet Clearing Solution,Dr. Jart+,4.4472,322,9,Skincare,Masks
Pore Remedy Purifying Mud Mask,Dr. Jart+,4.1781,320,9,Skincare,Masks
Dermask Water Jet Vital Hydra Solution,Dr. Jart+,4.5507,276,7,Skincare,Masks
Cicapair Redness Rescue Kit,Dr. Jart+,4.2857,147,39,Skincare,Value & Gift Sets
Dermask Water Jet Soothing Hydra Solution,Dr. Jart+,4.0538,130,7,Skincare,Masks
Focuspot Dark Spot Micro Tip Patch,Dr. Jart+,3.6311,122,20,Skincare,Treatments
Pore Remedy 5% Multi-Acid Radiance Peel,Dr. Jart+,4.5741,108,40,Skincare,Treatments
BB Dis-A-Pore Broad Spectrum SPF 50+ Sunscreen,Dr. Jart+,3.7348,445,39,Makeup,Face
Focuspot Blemish Micro Tip Patch,Dr. Jart+,3.9684,95,20,Skincare,Treatments
Ceramidin Body Lotion,Dr. Jart+,4.2759,58,28,Bath & Body,Body Moisturizers
Dermask Micro Jet Brightening Solution,Dr. Jart+,4.0571,70,9,Skincare,Masks
Dermask Ultra Jet Peeling Solution,Dr. Jart+,4.2462,65,9,Skincare,Treatments
Dermask Intra Jet Wrinkless Solution,Dr. Jart+,3.619,63,9,Skincare,Masks
Dermask Intra Jet Firming Solution,Dr. Jart+,3.3061,49,9,Skincare,Masks
Cicapair Tiger Grass Calming Serum Mask,Dr. Jart+,4.36,25,9,Skincare,Masks
Cryo Rubber Mask with Firming Collagen,Dr. Jart+,4.8462,13,15,Skincare,Masks
Cryo Rubber Mask with Brightening Vitamin C,Dr. Jart+,3.8333,12,15,Skincare,Masks
Cryo Rubber Mask with Soothing Allantoin,Dr. Jart+,4.5556,9,15,Skincare,Masks
Cryo Rubber Mask with Moisturizing Hyaluronic Acid,Dr. Jart+,4,6,15,Skincare,Masks
Platinum Lip Plump SPF 30,Dr. Lara Devgan Scientific Beauty,4.5731,513,50,Skincare,Lip Balms & Treatments
Hyaluronic Serum,Dr. Lara Devgan Scientific Beauty,4.785,321,245,Skincare,Treatments
Vitamin C+B+E Ferulic Serum,Dr. Lara Devgan Scientific Beauty,4.8235,306,145,Skincare,Treatments
Peptide Eye Cream,Dr. Lara Devgan Scientific Beauty,4.8172,268,215,Skincare,Eye Care
Platinum Long Lash Serum,Dr. Lara Devgan Scientific Beauty,4.458,417,150,Makeup,Eye
Microdermabrasion Scrub,Dr. Lara Devgan Scientific Beauty,4.2,10,65,Skincare,Cleansers
Platinum Lip Plump,Dr. Lara Devgan Scientific Beauty,1,2,50,Makeup,Lip
Extreme Lengthening Mascara,Dr. Lara Devgan Scientific Beauty,2.375,16,40,Makeup,Eye
Retinol + Bakuchiol Serum 2.5x,Dr. Lara Devgan Scientific Beauty,3,1,300,Skincare,Treatments
Advanced Revitalizing Cleanser,Dr. Lara Devgan Scientific Beauty,,,65,Skincare,Cleansers
Peptide + Ceramide Repairing Moisturizer,Dr. Zenovia Skincare,4.6744,519,79,Skincare,Moisturizers
10% Benzoyl Peroxide Acne Cleanser,Dr. Zenovia Skincare,4.4931,434,30,Skincare,Cleansers
Aloe Vera Blemish Soothing Moisturizer,Dr. Zenovia Skincare,4.5809,377,38,Skincare,Moisturizers
Bakuchiol Hydrating Cleanser,Dr. Zenovia Skincare,4.4983,301,42,Skincare,Cleansers
Clear Complexion Acne Solutions System,Dr. Zenovia Skincare,4.5084,297,35,Skincare,Value & Gift Sets
5% Benzoyl Peroxide Acne Spot Treatment,Dr. Zenovia Skincare,4.4021,286,25,Skincare,Treatments
Advanced Retinol Night Repair Treatment,Dr. Zenovia Skincare,4.5019,267,72,Skincare,Treatments
Inflam-Aging Night Repair Treatment,Dr. Zenovia Skincare,4.4769,260,72,Skincare,Treatments
Scar Gel Treatment,Dr. Zenovia Skincare,4.3285,137,48,Skincare,Treatments
Hyaluronic Acid + Peptide Serum,Dr. Zenovia Skincare,4.5082,122,72,Skincare,Treatments
Vitamin C Brightening Toner,Dr. Zenovia Skincare,4.5981,107,38,Skincare,Cleansers
10% Glycolic Acne Control Peel Pads,Dr. Zenovia Skincare,4.4095,105,42,Skincare,Treatments
Retinol Recovery Eye Cream,Dr. Zenovia Skincare,3.8812,101,64,Skincare,Eye Care
Protini Polypeptide Firming Refillable Moisturizer,Drunk Elephant,3.962,6048,68,Skincare,Moisturizers
T.L.C. Framboos Glycolic Resurfacing Night Serum,Drunk Elephant,4.3492,3439,90,Skincare,Treatments
Beste No. 9 Jelly Cleanser,Drunk Elephant,3.9426,2702,34,Skincare,Cleansers
B-Hydra Intensive Hydration Serum with Hyaluronic Acid,Drunk Elephant,4.1863,2561,49,Skincare,Treatments
T.L.C. Sukari Babyfacial AHA + BHA Mask,Drunk Elephant,4.2909,2554,80,Skincare,Masks
D-Bronzi Anti-Pollution Bronzing Drops with Peptides,Drunk Elephant,4.433,2037,38,Skincare,Treatments
Lala Retro Whipped Refillable Moisturizer with Ceramides,Drunk Elephant,4.1535,1993,62,Skincare,Moisturizers
Lippe Balm,Drunk Elephant,3.7386,1901,18,Skincare,Lip Balms & Treatments
Virgin Marula Luxury Face Oil,Drunk Elephant,4.3107,1651,68,Skincare,Moisturizers
C-Firma Fresh Vitamin-C Day Serum,Drunk Elephant,4.1561,1602,78,Skincare,Treatments
Slaai  Makeup-Melting Butter Cleanser,Drunk Elephant,3.781,1525,36,Skincare,Cleansers
C-Tango Vitamin C Eye Cream,Drunk Elephant,3.7473,1484,64,Skincare,Eye Care
Umbra Sheer Physical Daily Defense SPF 30,Drunk Elephant,3.3076,1362,34,Skincare,Sunscreen
A-Passioni Retinol Cream,Drunk Elephant,4.2008,1265,74,Skincare,Treatments
F-Balm Electrolyte Waterfacial Mask,Drunk Elephant,4.1665,1105,54,Skincare,Masks
Shaba Complex Firming Eye Serum,Drunk Elephant,3.8963,1070,60,Skincare,Eye Care
E-Rase Milki Micellar Water,Drunk Elephant,4.2812,1017,14,Skincare,Cleansers
E-Rase Milki Micellar Water Mini,Drunk Elephant,4.2812,1017,14,Skincare,Mini Size
Umbra Tinte Physical Daily Defense SPF 30,Drunk Elephant,3.2982,845,36,Skincare,Sunscreen
Protini Powerpeptide Resurfacing Serum with Lactic Acid,Drunk Elephant,4.3619,713,82,Skincare,Treatments
Sweet Biome Fermented Sake Hydrating Spray,Drunk Elephant,3.8833,677,42,Skincare,Moisturizers
Baby Pekee Bar + Juju Bar Travel Duo,Drunk Elephant,4.34,600,16,Skincare,Value & Gift Sets
Sili Body Lotion,Drunk Elephant,3.9405,420,24,Bath & Body,Body Moisturizers
T.L.C. Happi Scalp Scrub,Drunk Elephant,3.852,1115,38,Hair,Hair Styling & Treatments
Sweet Pitti Deodorant Cream,Drunk Elephant,3.9091,902,16,Bath & Body,Body Care
T.L.C Glycolic Body Lotion,Drunk Elephant,4.3108,74,28,Bath & Body,Body Moisturizers
A-Gloei Retinol Oil,Drunk Elephant,4.5501,489,72,Skincare,Moisturizers
Pekee Cleansing Bar,Drunk Elephant,4.4633,449,28,Skincare,Cleansers
Ceramighty  AF Eye Cream with Ceramides,Drunk Elephant,4.3972,428,60,Skincare,Eye Care
Bouncy Brightfacial Brightening Mask with 10% Azelaic Acid + 1% Salicylic Acid,Drunk Elephant,4.4859,426,68,Skincare,Treatments
Cocomino Glossing Shampoo,Drunk Elephant,3.9249,1239,27,Hair,Shampoo & Conditioner
T.L.C. Sukari Babyfacial AHA + BHA Mask Mini,Drunk Elephant,3.5333,30,28,Mini Size,Skincare
Wild Marula Tangle Spray,Drunk Elephant,3.5586,290,27,Hair,Hair Styling & Treatments
JuJu Exfoliating Bar,Drunk Elephant,4.4663,386,28,Skincare,Cleansers
Kamili Cream Body Cleanser,Drunk Elephant,3.7735,234,22,Bath & Body,Bath & Shower
Sugared Koffie Almond Milk Body Scrub,Drunk Elephant,2.8786,173,32,Bath & Body,Bath & Shower
Cocomino Marula Cream Conditioner,Drunk Elephant,3.9088,1086,27,Hair,Shampoo & Conditioner
Mini Virgin Marula LuxuryFace Oil,Drunk Elephant,4.2368,266,38,Skincare,Moisturizers
Mini Protini Polypeptide Moisturizer,Drunk Elephant,3.805,159,22,Skincare,Mini Size
O-Bloos Rosi Glow Drops,Drunk Elephant,3.6943,157,38,Skincare,Treatments
Baby Bar Travel Duo with Case,Drunk Elephant,4.3955,134,22,Skincare,Value & Gift Sets
Call It A Night Glycolic Serum + Moisturizer duo,Drunk Elephant,4.3874,111,28,Skincare,Value & Gift Sets
Mini A-Passioni Retinol Cream,Drunk Elephant,4,84,28,Skincare,Mini Size
Wonderwild Miracle Butter,Drunk Elephant,4.374,377,38,Bath & Body,Body Moisturizers
Sili Whipped Body Lotion,Drunk Elephant,4.25,8,30,Bath & Body,Body Moisturizers
Scrubbi Bamboes  Body Cleanser,Drunk Elephant,2.5333,15,24,Bath & Body,Bath & Shower
Silkamino  Mega-Moisturizing Shampoo,Drunk Elephant,4.5867,75,27,Hair,Shampoo & Conditioner
Mini A-Gloei Retinol Oil,Drunk Elephant,5,1,40,Mini Size,Skincare
Mini Wonderwild Miracle Butter,Drunk Elephant,4,3,18,Mini Size,Skincare
Mini Beste No. 9 Jelly Cleanser,Drunk Elephant,4.1429,35,16,Skincare,Mini Size
Silkamino  Mega-Moisturizing Masker,Drunk Elephant,4.6667,78,30,Hair,Hair Styling & Treatments
Silkamino Conditioning Leave-In Milk,Drunk Elephant,4.5949,79,32,Hair,Hair Styling & Treatments
Day Dream Vitamin C + Hydration Serum Duo 2.0,Drunk Elephant,2.5,22,26,Skincare,Value & Gift Sets
The Littles Skincare Travel Set,Drunk Elephant,4.4444,9,74,Skincare,Value & Gift Sets
"Anytime, Anyface Lactic Acid Serum + Protini Moisturizer Duo",Drunk Elephant,5,7,28,Skincare,Value & Gift Sets
Early Bird Hydrate + Brighten Set,Drunk Elephant,5,1,54,Skincare,Value & Gift Sets
Detox Dry Shampoo,Drybar,3.8393,2731,39,Hair,Hair Styling & Treatments
Triple Sec 3-in-1 Texturizing Finishing Spray,Drybar,3.6521,1118,29,Hair,Hair Styling & Treatments
Hold Me Hair Clips,Drybar,4.4475,324,19,Hair,Tools
The Double Shot Blow-Dryer Brush,Drybar,4.2079,534,155,Hair,Tools
High Tops Self-Grip Rollers,Drybar,3.3791,182,12,Hair,Tools
Prep Rally Prime & Prep Detangler,Drybar,4.0196,561,26,Hair,Hair Styling & Treatments
Hot Toddy Heat Protectant Mist,Drybar,4.0594,219,29,Hair,Hair Styling & Treatments
Buttercup Blow-Dryer,Drybar,3.9497,576,199,Hair,Tools
Super Lemon Drop,Drybar,4.5085,293,20,Hair,Tools
The Brush Crush Heated Straightening Brush,Drybar,4.2593,270,149,Hair,Tools
Liquid Glass Miracle Smoothing Sealant,Drybar,4.1122,196,34,Hair,Hair Styling & Treatments
Blonde Ale Brightening Shampoo,Drybar,4.0773,375,29,Hair,Shampoo & Conditioner
The Tress Press Digital Styling Iron,Drybar,3.8571,329,169,Hair,Tools
Full Pint Medium Round Brush,Drybar,3.935,200,40,Hair,Tools
The Single Shot Blow-Dryer Brush,Drybar,4.155,129,155,Hair,Tools
Texas Tease Teasing Brush,Drybar,4.7045,44,18,Hair,Tools
The Mixologist Interchangeable Styling Iron,Drybar,3.8938,113,199,Hair,Tools
"The 3-Day Bender 1.25"" Digital Curling Iron",Drybar,3.4389,180,149,Hair,Tools
The Morning After Shower Cap,Drybar,3.5056,269,16,Hair,Tools
Liquid Glass Instant Glossing Rinse,Drybar,4.3,140,34,Hair,Hair Styling & Treatments
Southern Belle Volume-Boosting Mousse,Drybar,4.0303,231,29,Hair,Hair Styling & Treatments
On The Rocks Clarifying Charcoal Shampoo,Drybar,4.2426,272,26,Hair,Shampoo & Conditioner
Baby Buttercup Blow-Dryer,Drybar,3.6133,225,139,Hair,Tools
Sparkling Soda Shine Mist,Drybar,3.8231,130,29,Hair,Hair Styling & Treatments
Jump Start Quick Dry Blowout Serum,Drybar,3.5545,110,29,Hair,Hair Styling & Treatments
The Wrap Party Styling Wand,Drybar,4.1933,119,169,Hair,Tools
The Bouncer Diffuser,Drybar,3.9474,38,34,Hair,Tools
Mini Prep Rally Prime & Prep Detangler,Drybar,3.8333,60,14,Hair,Hair Styling & Treatments
The Baby Brush Crush Mini Heated Straightening Brush,Drybar,3.5568,88,59,Hair,Tools
Lil’ Lemon Drop Daily Detangler,Drybar,4.2706,85,12,Hair,Tools
Blonde Ale Brightening Conditioner,Drybar,3.4609,128,29,Hair,Shampoo & Conditioner
"The 3-Day Bender 1"" Barrel Digital Curling Iron",Drybar,3.8378,259,149,Hair,Tools
Money Maker Flexible Hold Hairspray,Drybar,3.9782,229,27,Hair,Hair Styling & Treatments
Mini Triple Sec 3-in-1,Drybar,3.7386,88,14,Mini Size,Hair
Half Pint Small Round Brush,Drybar,3.8529,68,36,Hair,Tools
Double Pint Large Round Ceramic Brush,Drybar,3.6383,47,42,Hair,Tools
Liquid Glass Smoothing Conditioner,Drybar,4.3564,101,29,Hair,Shampoo & Conditioner
Liquid Glass Moisture-Rich Miracle Smoothing Sealant,Drybar,4.675,40,34,Hair,Hair Styling & Treatments
Liquid Glass Smoothing Shampoo,Drybar,3.8557,97,29,Hair,Shampoo & Conditioner
Southern Belle Volume-Boosting Root Lifter,Drybar,3.4144,111,29,Hair,Hair Styling & Treatments
Mini Detox Dry Shampoo,Drybar,3.5769,26,14,Mini Size,Hair
Reserve 3-in-1 Interchangeable Blow-Dryer,Drybar,4.2877,73,349,Hair,Tools
On The Rocks Lightweight Conditioner,Drybar,4.1607,56,26,Hair,Shampoo & Conditioner
Flat Mate Boar Bristle Brush,Drybar,3.75,60,85,Hair,Tools
The Lemon Bar Paddle Brush,Drybar,3.5926,27,32,Hair,Tools
Detox Dry Shampoo For Brunettes,Drybar,2.3178,579,26,Hair,Hair Styling & Treatments
Mini Hot Toddy Heat Protectant Mist,Drybar,3.375,8,14,Hair,Mini Size
Detox Clear Invisible Dry Shampoo,Drybar,3.0787,89,26,Hair,Hair Styling & Treatments
The Half Shot Small Round Blow Dryer Brush,Drybar,4.8421,38,155,Hair,Tools
On the Rocks Charcoal Scalp Scrub,Drybar,3.5088,57,32,Hair,Hair Styling & Treatments
Blonde Ale Color-Enhancing Brightening Hair Mask,Drybar,4.08,25,35,Hair,Hair Styling & Treatments
The Straight Shot Blow Drying Flat Iron,Drybar,4.2,60,179,Hair,Tools
Agua Fresca Leave-In Conditioning Milk,Drybar,4.6471,34,28,Hair,Hair Styling & Treatments
Drybar Reserve Vibrating Flat Iron,Drybar,4.5965,57,190,Hair,Tools
The Tress Press Straightening Iron 1.25 Inch,Drybar,2.7857,14,169,Hair,Tools
Seashore Spritzer Wave Spray,Drybar,3.5,8,27,Hair,Hair Styling & Treatments
Gin Twist Leave-In Conditioning Styler,Drybar,5,5,28,Hair,Hair Styling & Treatments
Cure Liqueur Restorative Pre-Shampoo Treatment Oil,Drybar,4.6286,35,35,Hair,Hair Styling & Treatments
Cure Liqueur Strengthening Shampoo,Drybar,4.6905,42,32,Hair,Shampoo & Conditioner
Reserve Blow-Dryer,Drybar,4.6939,49,285,Hair,Tools
One-Two Punch Water-Activated 2-in-1 Hair Wash,Drybar,3.6667,6,23,Hair,Shampoo & Conditioner
Cure Liqueur Strengthening Conditioner,Drybar,4.8,35,32,Hair,Shampoo & Conditioner
Agua Fresca Hydrating Shampoo,Drybar,4.6667,33,29,Hair,Shampoo & Conditioner
Agua Fresca Hydrating Conditioner,Drybar,4.6857,35,29,Hair,Shampoo & Conditioner
Full Keg Boar Bristle Brush,Drybar,3,3,85,Hair,Tools
Gin Twist Edge Control Gelée,Drybar,3.125,16,26,Hair,Hair Styling & Treatments
Crown Tonic Pre-Shampoo Scalp Balancing Cleanser,Drybar,4.7843,51,36,Hair,Shampoo & Conditioner
Gin Twist Curl-Quenching Shampoo,Drybar,4.087,23,26,Hair,Shampoo & Conditioner
Gin Twist Curl-Quenching Conditioner,Drybar,4.25,4,26,Hair,Shampoo & Conditioner
Detox Gentle Dry Shampoo Sensitive Scalp,Drybar,4.5217,46,28,Hair,Hair Styling & Treatments
The Half Shot Small Round Blow Dryer Brush Value Set,Drybar,5,2,155,Hair,Value & Gift Sets
Detox Dry Shampoo,Drybar,,,39,Hair,Hair Styling & Treatments
Brush On Adhesive,DUO,4.0884,554,9,Makeup,Eye
Milk Marvel Dark Spot Serum with Niacinamide and Vitamin C,EADEM,4.4791,215,68,Skincare,Treatments
Cloud Cushion Plush Moisturizer with Ceramides + Peptides,EADEM,4.7467,150,58,Skincare,Moisturizers
Dew Dream- Hydrating Makeup Removing Cleansing Balm with Tiger Grass,EADEM,4.6881,109,30,Skincare,Cleansers
Cap D’Antibes,Eight & Bob,3.5,2,175,Fragrance,Women
MYTH Eau de Parfum,Ellis Brooklyn,4.3235,340,108,Fragrance,Women
Scent DIARY Fragrance Discovery Set,Ellis Brooklyn,4.3385,65,32,Fragrance,Value & Gift Sets
SALT Eau de Parfum,Ellis Brooklyn,3.9722,180,108,Fragrance,Women
SUN FRUIT Eau de Parfum Travel Spray,Ellis Brooklyn,4.1799,189,32,Fragrance,Women
BEE Eau de Parfum Travel Spray,Ellis Brooklyn,4.1199,367,32,Fragrance,Women
SALT Eau de Parfum Travel Spray,Ellis Brooklyn,4.0989,91,32,Mini Size,Fragrance
SUN FRUIT Eau de Parfum,Ellis Brooklyn,4.1799,189,108,Fragrance,Women
BEE Eau de Parfum,Ellis Brooklyn,4.1199,367,108,Fragrance,Women
SWEET Eau de Parfum,Ellis Brooklyn,3.9808,104,108,Fragrance,Women
VANILLA MILK Eau de Parfum Travel Spray,Ellis Brooklyn,3.3934,244,32,Fragrance,Women
VANILLA MILK Eau de Parfum,Ellis Brooklyn,3.3934,244,108,Fragrance,Women
RROSE Eau de Parfum,Ellis Brooklyn,4.3818,55,108,Fragrance,Women
SWEET Eau de Parfum Travel Spray,Ellis Brooklyn,3.8529,34,32,Mini Size,Fragrance
SUPER AMBER Eau de Parfum Travel Spray,Ellis Brooklyn,4.0155,194,32,Fragrance,Women
SALT or SWEET Perfume Gift Set,Ellis Brooklyn,4.4634,41,40,Fragrance,Women
MYTH Eau de Parfum Travel Spray,Ellis Brooklyn,4.2647,34,32,Fragrance,Women
APRÈS Eau de Parfum Travel Spray,Ellis Brooklyn,4.0704,142,32,Fragrance,Women
SCI FI Eau de Parfum,Ellis Brooklyn,4.1831,71,108,Fragrance,Women
SUPER AMBER Eau de Parfum,Ellis Brooklyn,4.0155,194,108,Fragrance,Women
WEST Eau de Parfum,Ellis Brooklyn,4.0704,71,108,Fragrance,Women
SCI FI Eau de Parfum Travel Spray,Ellis Brooklyn,3.4444,18,32,Fragrance,Women
APRÈS Eau de Parfum,Ellis Brooklyn,4.0704,142,108,Fragrance,Women
MYTH Spectacular Scented Body Oil,Ellis Brooklyn,4.7333,45,65,Bath & Body,Body Moisturizers
Marvelous CBD Massage and Body Oil,Ellis Brooklyn,4.6585,41,65,Bath & Body,Body Moisturizers
Fully Booked Rollerball Perfume Gift set,Ellis Brooklyn,4.4783,23,48,Fragrance,Value & Gift Sets
WEST Eau de Parfum Travel Spray,Ellis Brooklyn,3.3,30,32,Fragrance,Women
Ellis Brooklyn BOOKLET Perfume Discovery Set,Ellis Brooklyn,4.1667,6,21,Fragrance,Value & Gift Sets
SALT Soothing Scented Body Oil,Ellis Brooklyn,4.3,30,70,Bath & Body,Body Moisturizers
Marvelous CBD Massage & Body Oil Rollerball,Ellis Brooklyn,4.3333,12,30,Bath & Body,Body Moisturizers
APRÈS Essentials Gift Set,Ellis Brooklyn,3.2,5,105,Fragrance,Value & Gift Sets
MYTH Maker Gift Set,Ellis Brooklyn,5,4,105,Fragrance,Value & Gift Sets
RIVES Eau de Parfum,Ellis Brooklyn,4.2,25,105,Fragrance,Women
ISO GAMMA SUPER Eau de Parfum Travel Spray,Ellis Brooklyn,3.25,12,32,Fragrance,Women
ISO GAMMA SUPER Eau de Parfum,Ellis Brooklyn,3.5556,45,100,Fragrance,Women
Marvelous CBD Extra Rich Body Lotion Cream,Ellis Brooklyn,4.36,25,125,Bath & Body,Body Moisturizers
FLORIST Eau de Parfum,Ellis Brooklyn,4.7091,55,108,Fragrance,Women
FLORIST Eau de Parfum Travel Spray,Ellis Brooklyn,,,32,Fragrance,Women
RROSE Eau de Parfum Travel Spray,Ellis Brooklyn,5,3,32,Fragrance,Women
Break from the Burnout Skin Wellness Set,Erno Laszlo,5,1,75,Skincare,Value & Gift Sets
Big Break Soap Set,Erno Laszlo,5,1,50,Skincare,Value & Gift Sets
Rising Star Sleep Travel Set,Erno Laszlo,,,75,Skincare,Value & Gift Sets
Double Wear Stay-in-Place Foundation,Estée Lauder,4.3756,7035,48,Makeup,Face
Revitalizing Supreme+ Youth Power Creme Moisturizer,Estée Lauder,4.3202,2783,98,Skincare,Moisturizers
Mini Revitalizing Supreme+ Youth Power Creme Moisturizer,Estée Lauder,4.3202,2783,64,Skincare,Moisturizers
Estee Lauder Advanced Night Repair Synchronized Multi-Recovery Complex Serum,Estée Lauder,4.0456,2410,115,Skincare,Treatments
Mini Advanced Night Repair Synchronized Multi-Recovery Complex,Estée Lauder,4.0456,2410,19,Skincare,Mini Size
Advanced Night Repair Synchronized Multi-Recovery Complex Duo,Estée Lauder,4.0456,2410,195,Skincare,Treatments
Advanced Night Repair Eye Gel-Cream,Estée Lauder,4.3493,1795,72,Skincare,Eye Care
Advanced Night Repair Eye Concentrate Matrix Synchronized Multi-Recovery Complex,Estée Lauder,4.3111,1096,82,Skincare,Treatments
Futurist Hydra Rescue Moisturizing Foundation SPF 45,Estée Lauder,4.096,552,50,Makeup,Face
Double Wear Stay-In-Place Flawless Wear Concealer,Estée Lauder,4.2345,371,32,Makeup,Face
Soft Clean Infusion Hydrating Treatment Lotion,Estée Lauder,3.8333,456,42,Skincare,Moisturizers
Double Wear Sheer Long-Wear Makeup SPF 19,Estée Lauder,4.2294,449,48,Makeup,Face
Double Wear Stay-in-Place Matte Refillable Powder Foundation,Estée Lauder,4.2464,69,48,Makeup,Face
Double Wear Foundation Pump,Estée Lauder,3.3731,134,12,Makeup,Face
"DayWear Advanced Multi-Protection Anti-Oxidant Moisturizer, Normal/Combination",Estée Lauder,4.3154,298,36,Skincare,Moisturizers
Double Wear Zero-Smudge Lengthening Mascara,Estée Lauder,4.3049,246,30,Makeup,Eye
Micro Essence Treatment Lotion with Bio-Ferment,Estée Lauder,4.0556,216,130,Skincare,Moisturizers
The Mattifier Shine Control Perfecting Primer + Finisher,Estée Lauder,4.0213,47,40,Makeup,Face
Sumptuous Extreme Lash Multiplying Volume Mascara,Estée Lauder,4.2789,190,30,Makeup,Eye
Perfectly Clean Multi-Action Foam Cleanser/Purifying Mask,Estée Lauder,4.4397,116,30,Skincare,Cleansers
Perfectionist CP+R Wrinkle Lifting/Firming Serum,Estée Lauder,4.2234,94,120,Skincare,Treatments
Futurist Aqua Brilliance Watery Glow Primer,Estée Lauder,4.2569,218,44,Makeup,Face
Advanced Night Micro Cleansing Balm,Estée Lauder,4.6393,61,48,Skincare,Cleansers
DayWear Matte Oil-Control Anti-Oxidant Moisturizer Gel Creme,Estée Lauder,4.4808,52,59,Skincare,Moisturizers
NightWear Plus Anti-Oxidant Night Detox Moisturizer Creme,Estée Lauder,4.2391,46,63,Skincare,Moisturizers
Nutritious Super-Pomegranate Radiant Energy Moisturizer Creme,Estée Lauder,3.878,41,70,Skincare,Moisturizers
Advanced Night Repair Treatment Intense Reset Concentrate,Estée Lauder,4.4595,37,92,Skincare,Treatments
Perfectly Clean Multi-Action Toning Lotion/Refiner,Estée Lauder,4.2143,28,30,Skincare,Cleansers
Resilience Multi-Effect Night Tri-Peptide Face and Neck Moisturizer Creme,Estée Lauder,4.1852,27,110,Skincare,Moisturizers
Advanced Night Micro Cleansing Foam,Estée Lauder,3.9231,26,33,Skincare,Cleansers
Micro Essence Infusion Mask,Estée Lauder,4.25,24,75,Skincare,Masks
Perfectionist Pro Rapid Brightening Serum with Ferment² + Vitamin C,Estée Lauder,4.1304,23,86,Skincare,Treatments
"DayWear Advanced Multi-Protection Anti-Oxidant Creme, Dry",Estée Lauder,4.2174,23,59,Skincare,Moisturizers
Nutritious Super-Pomegranate Radiant Energy Night Moisturizer Creme/Mask,Estée Lauder,4.6,20,74,Skincare,Masks
Gentle Eye Makeup Remover,Estée Lauder,3.7241,58,24,Makeup,Accessories
Advanced Night Repair Concentrated Eye Treatment Mask,Estée Lauder,4.2143,14,42,Skincare,Eye Care
Perfectionist Pro Rapid Firm + Lift Treatment,Estée Lauder,4,13,86,Skincare,Treatments
Double Wear Stay-in-Place Matte Powder Foundation Refill,Estée Lauder,5,5,36,Makeup,Face
"Mini DayWear Advanced Multi-Protection Anti-Oxidant Creme, Normal/Combination",Estée Lauder,4.4545,11,36,Skincare,Mini Size
DayWear Eye Cooling Anti-Oxidant Moisture GelCreme,Estée Lauder,4.2727,11,46,Skincare,Eye Care
Revitalizing Supreme+ Night Intensive Restorative Crème,Estée Lauder,3.75,4,102,Skincare,Moisturizers
Revitalizing Supreme+ Youth Power Eye Balm,Estée Lauder,3.5,4,76,Skincare,Eye Care
Major Eye Impact Repair + Brighten Skincare Set,Estée Lauder,4,1,72,Skincare,Value & Gift Sets
Revitalizing Supreme+ Bright Soft Creme Moisturizer,Estée Lauder,5,1,98,Skincare,Moisturizers
Soft Clean Moisture Rich Foaming Cleanser,Estée Lauder,5,1,26,Skincare,Cleansers
Nighttime Necessities Repair + Lift + Hydrate,Estée Lauder,,,115,Skincare,Value & Gift Sets
The Mattifier Shine Control Perfecting Primer + Finisher,Estée Lauder,5,1,40,Makeup,Face
Brumisateur Natural Mineral Water Facial Spray Travel Duo,Evian,4.5632,1550,17,Skincare,Moisturizers
Brumisateur Natural Mineral Water Facial Spray,Evian,4.3932,384,14,Skincare,Moisturizers
Brumisateur Natural Mineral Water Facial Spray Travel Trio,Evian,4.6813,91,23.5,Skincare,Moisturizers
HoliRoots Pre-wash Hair Treatment Oil,Fable & Mane,4.3621,1472,36,Hair,Hair Styling & Treatments
Mini HoliRoots Pre-wash Hair Treatment Oil,Fable & Mane,4.3621,1472,16,Mini Size,Hair
HoliRoots Repairing Hair Mask,Fable & Mane,4.3683,429,34,Hair,Hair Styling & Treatments
SahaScalp Amla Soothing Serum,Fable & Mane,4.1099,355,36,Hair,Hair Styling & Treatments
HoliRoots Hydrating Shampoo,Fable & Mane,3.9875,480,30,Hair,Shampoo & Conditioner
SahaScalp Wild Ginger Purifying Scrub,Fable & Mane,4.5387,323,34,Hair,Shampoo & Conditioner
HoliRoots Hydrating Conditioner,Fable & Mane,4.1825,378,30,Hair,Shampoo & Conditioner
MahaMane Smooth & Shine Hair Oil,Fable & Mane,4.3984,251,38,Hair,Hair Styling & Treatments
HoliRoots Hibiscus Hydrating Hair Oil Mist,Fable & Mane,3.6714,70,29,Hair,Hair Styling & Treatments
HoliRoots Good Karma Hair Set,Fable & Mane,4.24,50,36,Hair,Value & Gift Sets
Scalp Massager Comb,Fable & Mane,5,19,15,Tools & Brushes,Hair Tools
SahaScalp Hydrating Cooling Scalp Mud Mask,Fable & Mane,4.402,204,34,Hair,Hair Styling & Treatments
SahaScalp Scalp Reset Kit,Fable & Mane,,,32,Hair,Value & Gift Sets
Full Face Sculpt Kit - 14-Day Challenge,FaceGym,4.4733,131,75,Skincare,High Tech Tools
Active Blast Concentrated Collagen Daily Treatment,FaceGym,4.6832,101,65,Skincare,Treatments
Multi-Sculpt High-Performance Gua Sha,FaceGym,4.8795,83,65,Skincare,High Tech Tools
Liftwear Brightening Vitamin C Gel-Cream,FaceGym,4.6753,77,60,Skincare,Moisturizers
Face Coach Lifting Squalane Face Oil,FaceGym,4.6053,76,70,Skincare,Moisturizers
Electro-Lite Enzyme Brightening Gel Cleanser,FaceGym,4.7887,71,38,Skincare,Cleansers
Hydro-Bound Hyaluronic Acid + Niacinamide Serum,FaceGym,4.6377,69,68,Skincare,Treatments
Skin Changer Succinic Acid Essence-Toner,FaceGym,4.7681,69,48,Skincare,Cleansers
Brightening Active Roller with Vitamin C,FaceGym,4.7612,67,70,Skincare,High Tech Tools
Youth Reformer Firming Vitamin C Oil Serum,FaceGym,4.9623,53,110,Skincare,Treatments
Face Ball Tension Release Tool,FaceGym,4.5208,48,35,Skincare,High Tech Tools
Youthful Active Roller with Niacinamide,FaceGym,4.6316,38,70,Skincare,High Tech Tools
Faceshot Electric Microneedling Device + Vitamin Ampoules,FaceGym,4.5405,37,275,Skincare,Value & Gift Sets
Hyaluronic Acid Roller Dissolving Microneedling Tool,FaceGym,4.6757,37,95,Skincare,High Tech Tools
Hydrating Active Roller with Hyaluronic Acid,FaceGym,4.3,30,70,Skincare,High Tech Tools
Supreme Restructure Collagen-Boosting Cermide Cream,FaceGym,4.44,25,120,Skincare,Moisturizers
Faceshot Vitamin Ampoules Refill,FaceGym,,,90,Skincare,Treatments
Acne Light Shot,FaceGym,,,90,Skincare,Treatments
Acne Light Shot Strips,FaceGym,,,17,Skincare,Treatments
Green Clean Makeup Removing Cleansing Balm,Farmacy,4.4958,6158,36,Skincare,Cleansers
Green Clean Makeup Meltaway Cleansing Balm Limited Edition Jumbo,Farmacy,4.4958,6158,60,Skincare,Cleansers
Honeymoon Glow AHA Resurfacing Night Serum,Farmacy,4.3154,1931,60,Skincare,Moisturizers
Daily Greens Oil-Free Gel Moisturizer with Moringa and Papaya,Farmacy,4.0612,1356,42,Skincare,Moisturizers
Honey Halo Ultra-Hydrating Ceramide Moisturizer,Farmacy,4.4484,1327,48,Skincare,Moisturizers
FILLING GOOD hyaluronic acid plumping serum,Farmacy,4.3191,912,48,Skincare,Treatments
10% Niacinamide Night Mask,Farmacy,4.6759,901,44,Skincare,Masks
Clean Bee Ultra Gentle Facial Cleanser,Farmacy,4.0341,881,28,Skincare,Cleansers
Honey Butter Beeswax Lip Balm,Farmacy,4.2551,839,12,Skincare,Lip Balms & Treatments
10% Waterless Vitamin C Serum,Farmacy,4.4315,825,50,Skincare,Treatments
Deep Sweep 2% BHA Pore Cleaning Toner with Moringa + Papaya,Farmacy,4.4835,819,32,Skincare,Cleansers
Mini Deep Sweep 2% BHA Pore Cleaning Toner with Moringa + Papaya,Farmacy,4.4835,819,16,Skincare,Cleansers
Mini Green Clean Makeup Meltaway Cleansing Balm,Farmacy,4.4958,6158,24,Mini Size,Skincare
Clearly Clean Makeup Removing Cleansing Balm,Farmacy,4.6494,619,36,Skincare,Cleansers
Wake Up Honey Eye Cream with Brightening Vitamin C,Farmacy,4.7118,569,45,Skincare,Eye Care
Honey Savior All-in-One Skin Repair Salve,Farmacy,4.4348,529,34,Skincare,Moisturizers
Whipped Greens Oil-Free Foaming Cleanser with Moringa and Papaya,Farmacy,4.5747,482,28,Skincare,Cleansers
1% Vitamin A Retinol Serum,Farmacy,4.766,453,60,Skincare,Treatments
Honeymoon Glow Body 12% AHA/BHA Bump-Smoothing Night Serum,Farmacy,3.8049,82,40,Bath & Body,Body Moisturizers
Honey Grail Ultra-Hydrating Face Oil,Farmacy,4.2355,310,48,Skincare,Moisturizers
Green Defense Daily Mineral Sunscreen SPF 30,Farmacy,3.9767,300,36,Skincare,Sunscreen
Honey Body Butter Ultra-Hydrating Body Cream,Farmacy,4.12,50,35,Bath & Body,Body Moisturizers
Mini Clearly Clean Makeup Removing Cleansing Balm,Farmacy,4.6494,619,24,Mini Size,Skincare
Honey Halo Moisturizer Jumbo,Farmacy,4.7273,99,74,Skincare,Moisturizers
Healthy Skin Starter Kit,Farmacy,4.7653,98,42,Skincare,Value & Gift Sets
Mini 10% Niacinamide Night Mask,Farmacy,4.6759,901,26,Mini Size,Skincare
Honey Potion Plus Ceramide Hydration Mask,Farmacy,4,70,60,Skincare,Masks
Mini Whipped Greens Oil-Free Foaming Cleanser with Moringa and Papaya,Farmacy,4.5747,482,12,Mini Size,Skincare
"Cleanse + Treat Duo Nighttime Routine for Clean, Smooth Skin",Farmacy,4.7778,9,46,Skincare,Value & Gift Sets
Brighten Up 3% TXA Dark Spot Toner with Azelaic Acid,Farmacy,,,34,Skincare,Cleansers
Iconic Lipstick,Fashion Fair,4.6557,61,28,Makeup,Lip
Crème to Powder Skin Foundation,Fashion Fair,4.5185,54,39,Makeup,Face
SkinFlex Stick Foundation,Fashion Fair,4.5714,35,39,Makeup,Face
Set It Loose Setting Powder,Fashion Fair,4.0556,18,35,Makeup,Face
Iconic Pressed Setting Powder,Fashion Fair,4.4667,15,35,Makeup,Face
Lush Blush Duo,Fashion Fair,4.65,40,39,Makeup,Cheek
Fabulous Face Priming Serum,Fashion Fair,4.6875,16,39,Makeup,Face
Lip Teasers Lip Gloss,Fashion Fair,4.6,15,27,Makeup,Lip
Luxe Highlighter Duo,Fashion Fair,4.8049,41,39,Makeup,Face
Gloss Bomb Universal Lip Luminizer,Fenty Beauty by Rihanna,4.6357,12136,21,Makeup,Lip
Pro Filt’r Soft Matte Longwear Liquid Foundation,Fenty Beauty by Rihanna,4.0356,16935,40,Makeup,Face
Stunna Lip Paint Longwear Fluid Lip Color,Fenty Beauty by Rihanna,4.2346,5227,28,Makeup,Lip
Match Stix Matte Contour Skinstick,Fenty Beauty by Rihanna,4.2944,1583,32,Makeup,Face
Killawatt Freestyle Highlighter,Fenty Beauty by Rihanna,4.624,3652,40,Makeup,Face
Eaze Drop Blurring Skin Tint,Fenty Beauty by Rihanna,3.951,1652,35,Makeup,Face
Diamond Bomb All-Over Diamond Veil,Fenty Beauty by Rihanna,4.454,1577,42,Makeup,Face
Cheeks Out Freestyle Cream Blush,Fenty Beauty by Rihanna,4.2724,1270,24,Makeup,Cheek
Pro Filt’r Instant Retouch Longwear Liquid Concealer,Fenty Beauty by Rihanna,3.8332,2032,30,Makeup,Face
Match Stix Shimmer Skinstick,Fenty Beauty by Rihanna,4.3673,1285,32,Makeup,Face
Gloss Bomb Heat Universal Lip Luminizer + Plumper,Fenty Beauty by Rihanna,4.2672,842,26,Makeup,Lip
Sun Stalk'r Instant Warmth Bronzer,Fenty Beauty by Rihanna,4.532,1062,35,Makeup,Cheek
Gloss Bomb Cream Color Drip Lip Cream,Fenty Beauty by Rihanna,4.5807,1059,22,Makeup,Lip
Snap Shadows Mix & Match Eyeshadow Palette,Fenty Beauty by Rihanna,3.7345,354,30,Makeup,Eye
Pro Filt'r Instant Retouch Setting Powder,Fenty Beauty by Rihanna,4.1925,1875,36,Makeup,Face
Pro Filt'r Hydrating Longwear Foundation,Fenty Beauty by Rihanna,3.5143,2273,36,Makeup,Face
Invisimatte Instant Setting + Blotting Powder,Fenty Beauty by Rihanna,4.6245,253,36,Makeup,Face
Body Lava Body Luminizer,Fenty Beauty by Rihanna,3.8327,819,59,Bath & Body,Body Moisturizers
Pro Filt'r Instant Retouch Primer,Fenty Beauty by Rihanna,4.1127,2050,36,Makeup,Face
Slip Shine Sheer Shiny Lipstick,Fenty Beauty by Rihanna,4.21,562,26,Makeup,Lip
Cheeks Out Freestyle Cream Bronzer,Fenty Beauty by Rihanna,4.3273,608,35,Makeup,Cheek
Mini Pro Filt’r Instant Retouch Setting Powder,Fenty Beauty by Rihanna,4.375,32,22,Makeup,Mini Size
Bright Fix Eye Brightener Concealer,Fenty Beauty by Rihanna,3.878,410,28,Makeup,Eye
Pro Kiss'r Luscious Lip Balm,Fenty Beauty by Rihanna,4.2103,794,20,Makeup,Lip
Pro Filt’r Soft Matte Longwear Powder Foundation,Fenty Beauty by Rihanna,4.4068,1062,40,Makeup,Face
Poutsicle Hydrating Lip Stain,Fenty Beauty by Rihanna,4.3919,472,27,Makeup,Lip
Killawatt Foil Freestyle Highlighter,Fenty Beauty by Rihanna,4.705,600,40,Makeup,Face
Lil' Bronze Duo,Fenty Beauty by Rihanna,4.2293,157,24,Makeup,Cheek
Flypencil Longwear Pencil Eyeliner,Fenty Beauty by Rihanna,3.366,530,23,Makeup,Eye
Flyliner Longwear Liquid Eyeliner,Fenty Beauty by Rihanna,3.5828,2915,24,Makeup,Eye
Full-Bodied Foundation Brush 110,Fenty Beauty by Rihanna,4.2303,595,34,Makeup,Brushes & Applicators
Cheek-Hugging Highlight Brush 120,Fenty Beauty by Rihanna,4.6472,394,32,Makeup,Brushes & Applicators
Precision Makeup Sponge 100,Fenty Beauty by Rihanna,4.1922,541,16,Makeup,Brushes & Applicators
Pro Filt'r Hydrating Primer,Fenty Beauty by Rihanna,4.4586,266,36,Makeup,Face
Brow MVP Ultra Fine Brow Pencil & Styler,Fenty Beauty by Rihanna,3.5842,1039,25,Makeup,Eye
Gloss Bomb Ice,Fenty Beauty by Rihanna,4.7975,321,26,Makeup,Lip
Face & Body Kabuki Brush 160,Fenty Beauty by Rihanna,4.4203,138,34,Makeup,Brushes & Applicators
Glossy Posse Volume 5.0 Lip Gloss Bomb Trio,Fenty Beauty by Rihanna,4.7143,35,38,Makeup,Lip
"Full Frontal Volume, Lift & Curl Mascara",Fenty Beauty by Rihanna,3.9101,3438,24,Makeup,Eye
Mini Pro Filt’r Instant Retouch Primer,Fenty Beauty by Rihanna,3.8604,265,20,Mini Size,Makeup
Fenty Icon The Fill Semi-Matte Refillable Lipstick,Fenty Beauty by Rihanna,4.3253,372,20,Makeup,Lip
Pro Filt'r Amplifying Eye Primer,Fenty Beauty by Rihanna,4.1025,439,22,Makeup,Eye
Fairy Bomb Shimmer Powder,Fenty Beauty by Rihanna,4.602,98,28,Makeup,Face
Invisimatte Blotting Paper,Fenty Beauty by Rihanna,3.7157,197,16,Makeup,Accessories
Fly Baby Mini Eye Primer and Liner Set,Fenty Beauty by Rihanna,3.398,98,24,Makeup,Eye
Pro Filt'r Mattifying Primer,Fenty Beauty by Rihanna,3.7479,242,36,Makeup,Face
Cheek Hugging Bronzer Brush 190,Fenty Beauty by Rihanna,4.5566,106,36,Makeup,Brushes & Applicators
Fenty Icon Velvet Liquid Lipstick,Fenty Beauty by Rihanna,3.6311,103,29,Makeup,Lip
Powder Puff Setting Brush 170,Fenty Beauty by Rihanna,4.6081,74,34,Makeup,Brushes & Applicators
Fenty Eau de Parfum,Fenty Beauty by Rihanna,3.4339,242,140,Fragrance,Women
Portable Touchup Brush 130,Fenty Beauty by Rihanna,3.0828,169,24,Makeup,Brushes & Applicators
Pro Kiss’r Lip-Loving Scrubstick,Fenty Beauty by Rihanna,3.9164,275,16,Makeup,Lip
Mini Pro Filt'r Soft Matte Foundation,Fenty Beauty by Rihanna,3.2,10,15,Mini Size,Makeup
Brow MVP Sculpting Wax Pencil & Styler,Fenty Beauty by Rihanna,3.1572,159,20,Makeup,Eye
Baby ’Buki Brush 165,Fenty Beauty by Rihanna,3,72,20,Makeup,Brushes & Applicators
Tapered Blending Brush 210,Fenty Beauty by Rihanna,4.7931,58,24,Makeup,Brushes & Applicators
Mini Pro Filt'r Hydrating Primer,Fenty Beauty by Rihanna,4.1176,68,20,Mini Size,Makeup
Gloss Bomb Dip Clip-On Luminizer,Fenty Beauty by Rihanna,3.6944,72,19,Makeup,Lip
"Mini Full Frontal Volume, Lift & Curl Mascara",Fenty Beauty by Rihanna,2.9749,199,13,Makeup,Eye
Face Shaping Brush 125,Fenty Beauty by Rihanna,4.7091,55,34,Makeup,Brushes & Applicators
What it Dew Makeup Refreshing Spray,Fenty Beauty by Rihanna,3.5698,86,30,Makeup,Face
Body Sauce Body Luminizing Tint,Fenty Beauty by Rihanna,3.907,86,52,Bath & Body,Body Moisturizers
Liquid Killawatt Fluid Freestyle Highlighter,Fenty Beauty by Rihanna,3.3455,55,32,Makeup,Face
Precision Concealer Brush 180,Fenty Beauty by Rihanna,4.1429,35,26,Makeup,Brushes & Applicators
Eaze Drop'lit All-Over Glow Enhancer,Fenty Beauty by Rihanna,4.1565,230,34,Makeup,Face
Sculpting Bronzer Brush 195,Fenty Beauty by Rihanna,4.4545,22,34,Makeup,Brushes & Applicators
Match Stix Glow Skinstick,Fenty Beauty by Rihanna,3.0345,87,32,Makeup,Face
Lil Precision Makeup Sponge Duo 105,Fenty Beauty by Rihanna,3.7917,48,18,Makeup,Brushes & Applicators
Kabuki-Buff Foundation Brush 115,Fenty Beauty by Rihanna,3.9533,107,36,Makeup,Brushes & Applicators
Fenty Icon The Case Semi-Matte Refillable Lipstick,Fenty Beauty by Rihanna,3.338,71,12,Makeup,Lip
Mini Baby Watts Fluid Freestyle Highlighter Duo,Fenty Beauty by Rihanna,3.75,4,22,Mini Size,Makeup
Mini Pro Filt'r Mattifying Primer,Fenty Beauty by Rihanna,3.3673,49,20,Mini Size,Makeup
Double Cheek'd Up: Freestyle Cream Blush Duo,Fenty Beauty by Rihanna,4.1111,9,34,Makeup,Cheek
Invisimatte Blotting Paper Refill,Fenty Beauty by Rihanna,4.3182,22,10,Makeup,Accessories
Precise Definition Eyeshadow Brush 220,Fenty Beauty by Rihanna,4.4444,9,24,Makeup,Brushes & Applicators
Match Stix Corrector Skinstick,Fenty Beauty by Rihanna,3.36,25,32,Makeup,Face
Plush Eyeshadow Brush 240,Fenty Beauty by Rihanna,4.75,4,24,Makeup,Brushes & Applicators
Precision Blending Eyeshadow Brush 230,Fenty Beauty by Rihanna,4.3333,6,24,Makeup,Brushes & Applicators
"The Navy Collection: 5-Piece Lip, Eye + Accessories Set",Fenty Beauty by Rihanna,4,1,58,Makeup,Value & Gift Sets
Football Sponge,Fenty Beauty by Rihanna,3.2857,7,16,Makeup,Brushes & Applicators
Invisimatte Refill Instant Setting + Blotting Powder,Fenty Beauty by Rihanna,3.5,4,26,Makeup,Face
Custom Match Stix Trio,Fenty Beauty by Rihanna,,,32,Makeup,Face
Butta Drop Whipped Oil Body Cream with Tropical Oils + Butters,Fenty Skin,4.5174,460,23,Bath & Body,Body Moisturizers
Hydra Vizor Invisible Moisturizer Broad Spectrum SPF 30 Sunscreen with Niacinamide + Kalahari Melon,Fenty Skin,4.0128,781,39,Skincare,Moisturizers
Cherry Treat Conditioning + Strengthening Lip Oil,Fenty Skin,4.4484,533,24,Skincare,Lip Balms & Treatments
Fat Water Niacinamide Pore-Refining Toner Serum with Barbados Cherry,Fenty Skin,4.1052,485,34,Skincare,Cleansers
Total Cleans'r Makeup-Removing Cleanser with Barbados Cherry,Fenty Skin,4.103,427,28,Skincare,Cleansers
Cookies N Clean Whipped Clay Pore Detox Face Mask with Salicylic Acid + Charcoal,Fenty Skin,4.6897,390,35,Skincare,Masks
Plush Puddin’ Intensive Recovery Lip Mask With Pomegranate Sterols + Vitamin E,Fenty Skin,4.1144,376,22,Skincare,Lip Balms & Treatments
Hydra'Reset Intensive Recovery Glycerin Hand Mask,Fenty Skin,4.2345,145,25,Bath & Body,Body Moisturizers
Butta Drop Whipped Oil Hydrating Body Cream Mini,Fenty Skin,4.1552,58,23,Bath & Body,Body Moisturizers
Buff Ryder Exfoliating Body Scrub With Superfine Sand + Fruit Enzymes,Fenty Skin,3.625,72,34,Bath & Body,Bath & Shower
Cocoa Cleans'r Soothing All-Over Cleansing Bar,Fenty Skin,4.1739,299,14,Skincare,Cleansers
Fat Water Hydrating Milky Toner Essence with Hyaluronic Acid + Tamarind,Fenty Skin,4.6554,296,34,Skincare,Moisturizers
Fenty Skin Travel Size Start'r Set,Fenty Skin,4.0647,278,45,Skincare,Value & Gift Sets
Watch Ya Tone 5% Niacinamide Dark Spot Serum with Vitamin C,Fenty Skin,4.5829,199,42,Skincare,Treatments
Pre-Show Glow Instant Retexturizing 10% AHA Treatment + Reusable Applicator,Fenty Skin,4.4348,184,42,Skincare,Treatments
Instant Reset Brightening Overnight Recovery Gel-Cream With Niacinamide + Kalahari Melon Oil,Fenty Skin,4.1988,166,45,Skincare,Moisturizers
The Body Duo Mini Body Scrub + Moisturizer Essentials,Fenty Skin,4.2,5,32,Bath & Body,Value & Gift Sets
Mini Instant Reset Brightening Overnight Recovery Gel-Cream With Niacinamide + Kalahari Melon Oil,Fenty Skin,4.1988,166,26,Skincare,Moisturizers
Flash Nap Instant Revival Priming Eye Gel-Cream With Green Tea + Persian Silk Tree,Fenty Skin,3.5143,70,36,Skincare,Eye Care
Hydra Vizor Invisible Moisturizer Broad Spectrum SPF 30 Sunscreen with Niacinamide Refill,Fenty Skin,4.4865,37,35,Skincare,Moisturizers
The Fenty Skin Soap Dish,Fenty Skin,3,6,10,Tools & Brushes,Beauty Accessories
Mini Hydra'Reset Intensive Recovery Glycerin Hand Mask,Fenty Skin,4.2345,145,14,Bath & Body,Body Moisturizers
Mini Total Cleans'r Makeup Removing Cleanser,Fenty Skin,3.7727,22,15,Skincare,Mini Size
Butta Drop Whipped Oil Hydrating Body Cream,Fenty Skin,4.6522,23,39,Bath & Body,Body Moisturizers
Mini Hydra Vizor Invisible Moisturizer Broad Spectrum SPF 30 Sunscreen with Niacinamide,Fenty Skin,3.7857,14,25,Skincare,Moisturizers
Melt Awf Jelly Oil Makeup-Melting Cleanser,Fenty Skin,4.0909,11,34,Skincare,Cleansers
Instant Reset Brightening Overnight Recovery Gel-Cream with Niacinamide Refill,Fenty Skin,5,8,40,Skincare,Moisturizers
The Glow Around 4-Piece Travel Skincare Essentials Set,Fenty Skin,5,1,59,Skincare,Value & Gift Sets
Mini Cleansing Bar Duo + Case,Fenty Skin,,,19,Skincare,Value & Gift Sets
Renew + Recover Face + Eye Hydration Essentials,Fenty Skin,,,45,Skincare,Value & Gift Sets
Ultra Repair Cream Intense Hydration,First Aid Beauty,4.52,7539,38,Skincare,Moisturizers
Pure Skin Face Cleanser,First Aid Beauty,4.3738,4727,24,Skincare,Cleansers
KP Bump Eraser Body Scrub with 10% AHA,First Aid Beauty,4.4216,1466,30,Bath & Body,Bath & Shower
Facial Radiance Pads,First Aid Beauty,4.2781,2571,36,Skincare,Treatments
Hello FAB Coconut Skin Smoothie Priming Moisturizer,First Aid Beauty,4.1988,1826,32,Skincare,Moisturizers
Mini Ultra Repair Cream Intense Hydration,First Aid Beauty,4.4573,750,18,Mini Size,Skincare
Mini KP Bump Eraser Body Scrub with 10% AHA,First Aid Beauty,3.9462,316,12,Bath & Body,Mini Size
Ingrown Hair Pads with BHA & AHA,First Aid Beauty,4.5565,239,20,Bath & Body,Bath & Shower
Hello FAB Coconut Water Cream,First Aid Beauty,4.0009,1072,36,Skincare,Moisturizers
Deep Cleanser with Red Clay,First Aid Beauty,4.2608,1062,24,Skincare,Cleansers
Ultra Repair Face Moisturizer,First Aid Beauty,4.1964,988,28,Skincare,Moisturizers
Ultra Repair Lip Therapy,First Aid Beauty,3.978,1046,12,Makeup,Lip
Mini Pure Skin Face Cleanser,First Aid Beauty,4.3046,417,12,Mini Size,Skincare
Ultra Repair Hydra-Firm Night Cream,First Aid Beauty,4.3114,562,44,Skincare,Moisturizers
Ultra Repair Firming Collagen Cream with Peptides and Niacinamide,First Aid Beauty,4.5356,534,44,Skincare,Moisturizers
Ultra Repair Wild Oat Hydrating Toner,First Aid Beauty,4.4746,531,24,Skincare,Cleansers
Hello FAB Bendy Avocado Concealer,First Aid Beauty,4.2075,453,22,Makeup,Face
Ultra Repair Oat & Hemp Seed Dry Oil,First Aid Beauty,4.3545,440,36,Skincare,Moisturizers
Eye Duty Niacinamide Brightening Eye Cream,First Aid Beauty,3.6735,392,36,Skincare,Eye Care
10% Vitamin C Brightening Serum,First Aid Beauty,4.6781,351,50,Skincare,Treatments
Ultra Repair Oil-Control Moisturizer,First Aid Beauty,4.2388,289,36,Skincare,Moisturizers
KP Smoothing Body Lotion with 10% AHA,First Aid Beauty,3.5682,44,28,Bath & Body,Body Moisturizers
Mineral Sunscreen Zinc Oxide Broad Spectrum SPF 30,First Aid Beauty,4.4878,246,28,Skincare,Sunscreen
Facial Radiance Niacinamide Dark Spot Serum,First Aid Beauty,3.6559,186,42,Skincare,Treatments
FAB Skin Lab Retinol Eye Cream with Triple Hyaluronic Acid,First Aid Beauty,3.7222,162,44,Skincare,Eye Care
FAB Skin Lab Retinol Serum 0.25% Pure Concentrate,First Aid Beauty,3.9811,159,58,Skincare,Treatments
Anti-Dandruff Scalp Serum with 2% Salicylic Acid,First Aid Beauty,3.9655,29,32,Hair,Hair Styling & Treatments
Hydrating Serum with Hyaluronic Acid,First Aid Beauty,4.5727,110,40,Skincare,Treatments
Sculpting Body Lotion,First Aid Beauty,3.9697,33,34,Bath & Body,Body Moisturizers
Bounce-Boosting Serum with Collagen + Peptides,First Aid Beauty,4.7273,88,44,Skincare,Treatments
Fab Faves To Go Kit,First Aid Beauty,4.5854,82,30,Skincare,Value & Gift Sets
Anti-Dandruff Shampoo with 1% Pyrithione Zinc (ZPT),First Aid Beauty,3.9206,63,30,Hair,Shampoo & Conditioner
FAB Pharma BHA Acne Spot Treatment Gel 2% Salicylic Acid,First Aid Beauty,4.2857,77,26,Skincare,Treatments
2-in-1 Cleansing Oil + Makeup Remover,First Aid Beauty,3.6081,74,26,Skincare,Cleansers
Hydrating Eye Cream with Hyaluronic Acid,First Aid Beauty,3.8429,70,30,Skincare,Eye Care
FAB Pharma White Clay Acne Treatment Pads 2% Salicylic Acid,First Aid Beauty,4.5692,65,30,Skincare,Treatments
FAB Pharma Calamine Pore Purging Mask,First Aid Beauty,4.5366,41,30,Skincare,Masks
Anti-Chafe Stick with Shea Butter + Colloidal Oatmeal,First Aid Beauty,4.5614,114,20,Bath & Body,Body Moisturizers
Hydrating Ultra Repair Cream Duo,First Aid Beauty,4.6154,13,46,Skincare,Value & Gift Sets
FAB Faves Trio,First Aid Beauty,4,4,30,Skincare,Value & Gift Sets
Smooth + FAB Travel Size Duo,First Aid Beauty,5,1,20,Skincare,Value & Gift Sets
Bye Bye Bumps - Best of Body Kit,First Aid Beauty,5,1,30,Skincare,Value & Gift Sets
Age Adapting CBD Serum,Flora + Bast,4.6158,177,77,Skincare,Treatments
APHRODISIA Intimate Arousal Cannabis Oil,Flora + Bast,4.4737,19,77,Skincare,Wellness
Soothe + Hydrate Barrier Building Hydrosol Mist,Flora + Bast,5,3,44,Skincare,Moisturizers
Mini Age Adapting CBD Serum,Flora + Bast,,,38.5,Skincare,Mini Size
Wonderland Peony Eau De Parfum,Floral Street,4.3732,544,34,Fragrance,Women
Perfume Discovery Set,Floral Street,3.5405,37,24,Fragrance,Value & Gift Sets
Wonderland Peony Eau De Parfum Travel Spray,Floral Street,4.3732,544,34,Fragrance,Women
Wild Vanilla Orchid Eau De Parfum,Floral Street,4.2066,542,89,Fragrance,Women
Sunflower Pop Eau De Parfum,Floral Street,4.5802,262,89,Fragrance,Women
Wild Vanilla Orchid Eau De Parfum  Travel Spray,Floral Street,4.2066,542,34,Fragrance,Women
Sunflower Pop Eau De Parfum Travel Spray,Floral Street,4.5802,262,34,Fragrance,Women
Arizona Bloom Eau de Parfum Travel Spray,Floral Street,4.175,120,34,Fragrance,Women
Neon Rose Eau De Parfum,Floral Street,4.1628,43,89,Fragrance,Women
Arizona Bloom Eau de Parfum,Floral Street,4.175,120,34,Fragrance,Women
Black Lotus Eau De Parfum,Floral Street,3.3,20,34,Fragrance,Women
Black Lotus Eau De Parfum Travel Spray,Floral Street,3.3,20,34,Fragrance,Women
Ylang Ylang Espresso Eau De Parfum,Floral Street,3.0414,411,89,Fragrance,Women
Mini Candle Set,Floral Street,2,1,24,Fragrance,Candles & Home Scents
Wonderland Bloom Candle,Floral Street,4.9167,24,52,Fragrance,Candles & Home Scents
Fireplace Candle,Floral Street,3,2,52,Fragrance,Candles & Home Scents
Wonderland Bloom Scent Diffuser,Floral Street,3,1,56,Fragrance,Candles & Home Scents
Lipstick Candle,Floral Street,2.3333,3,52,Fragrance,Candles & Home Scents
Santal Mysore Candle,Floral Street,3,2,52,Fragrance,Candles & Home Scents
Spring Bouquet Candle,Floral Street,,,52,Fragrance,Candles & Home Scents
LUNA fofo,FOREO,2.888,241,89,Skincare,High Tech Tools
BEAR Facial Toning Device,FOREO,4.4236,229,329,Skincare,High Tech Tools
ESPADA Blue Light Acne Treatment,FOREO,3.8873,142,159,Skincare,Treatments
BEAR mini Facial Toning Device,FOREO,4.1228,114,219,Skincare,High Tech Tools
LUNA Mini 3,FOREO,3.8785,107,179,Skincare,High Tech Tools
IRIS Illuminating Eye Massager,FOREO,3.5,60,149,Skincare,Eye Care
LUNA 4 go Facial Cleansing & Massaging Device,FOREO,4.8113,53,129,Skincare,High Tech Tools
UFO 2,FOREO,4.3947,38,299,Skincare,High Tech Tools
Call It A Night Activated Mask,FOREO,4.5909,22,10.99,Skincare,Masks
LUNA play plus 2,FOREO,3.55,20,69,Skincare,High Tech Tools
Youth Junkie Activated Mask,FOREO,4.6316,19,21.99,Skincare,Masks
Make My Day Activated Mask,FOREO,4.1667,18,10.99,Skincare,Masks
LUNA 4 Facial Cleansing & Firming Massage for Balanced Skin,FOREO,5,16,279,Skincare,High Tech Tools
LUNA 4 Facial Cleansing & Firming Massage for Sensitive Skin,FOREO,4.8,15,279,Skincare,High Tech Tools
ISSA 2,FOREO,2.3,20,169,Tools & Brushes,Beauty Tools
Serum Serum Serum,FOREO,1.8462,13,59,Skincare,Treatments
LUNA 4 Facial Cleansing & Firming Massage for Combination Skin,FOREO,4.9231,13,279,Skincare,High Tech Tools
H2Overdose Activated Mask,FOREO,3.8182,11,20,Skincare,Masks
Glow Addict Activated Mask,FOREO,4.5,10,21.99,Skincare,Masks
Mini Candle Gift Set- Time to Get Lit,FORVR Mood,3.0857,35,50,Fragrance,Candles & Home Scents
Left On Read Candle,FORVR Mood,3.86,50,38,Fragrance,Candles & Home Scents
Cuffing Season Candle,FORVR Mood,3.463,54,38,Fragrance,Candles & Home Scents
Holiday Candle Advent Calendar,FORVR Mood,1.7727,22,75,Fragrance,Candles & Home Scents
Candle Duo Set,FORVR Mood,4,22,72,Fragrance,Candles & Home Scents
Mini Candle Gift Set- Your Sign To Shine,FORVR Mood,3.15,20,50,Fragrance,Candles & Home Scents
Grown Folks Business Candle,FORVR Mood,3.84,25,38,Fragrance,Candles & Home Scents
Apres Ski Holiday Mini Candle Gift Set,FORVR Mood,4,3,50,Fragrance,Value & Gift Sets
Mini Candle Gift Set- Tropic Like It’s Hot,FORVR Mood,3,6,50,Fragrance,Value & Gift Sets
Chasing Waterfalls Candle,FORVR Mood,3.5556,9,38,Fragrance,Candles & Home Scents
Thirst Trapping Candle,FORVR Mood,4.375,8,38,Fragrance,Candles & Home Scents
Mallow Dramatic Candle,FORVR Mood,3.5,8,38,Fragrance,Candles & Home Scents
Burning Bridges Candle,FORVR Mood,4.5,6,38,Fragrance,Candles & Home Scents
Sun Kiss & Tell Candle,FORVR Mood,3.6667,6,38,Fragrance,Candles & Home Scents
NOT Down To Earth Candle,FORVR Mood,3.8,5,38,Fragrance,Candles & Home Scents
Musta Been The Wind Candle,FORVR Mood,4.3333,3,38,Fragrance,Candles & Home Scents
Spice of Life Candle,FORVR Mood,3.7143,7,38,Fragrance,Candles & Home Scents
Holly Berry Candle,FORVR Mood,5,2,38,Fragrance,Candles & Home Scents
Burr Candle,FORVR Mood,3.3,10,38,Fragrance,Candles & Home Scents
State of Pine Candle,FORVR Mood,5,1,38,Fragrance,Candles & Home Scents
Leaf Me Be Candle,FORVR Mood,4.3333,3,38,Fragrance,Candles & Home Scents
Sweet Wave Candle,FORVR Mood,2.1667,6,38,Fragrance,Candles & Home Scents
No Wahala Candle,FORVR Mood,1.3333,3,38,Fragrance,Candles & Home Scents
Freck The Original Freckle,Freck Beauty,3.9218,371,28,Makeup,Face
Cheekslime Blush + Lip Tint with Plant Collagen,Freck Beauty,4.318,283,26,Makeup,Cheek
MAKEOUT CLUB Soft Blur Lipstick,Freck Beauty,4.69,229,24,Makeup,Lip
Rich Bitch Cactus + Vitamin C Moisturizer,Freck Beauty,4.3784,222,34,Skincare,Moisturizers
Cactus Water Cleansing Lactic Acid Toner,Freck Beauty,4.5311,209,32,Skincare,Cleansers
Rich Bitch Nourishing Plant and Peptide Lip Balm,Freck Beauty,4.127,189,20,Makeup,Lip
SLIMELIGHT Highlighter,Freck Beauty,4.7219,151,28,Makeup,Face
LASHROCKET MASCARA with Lash Enhancing Peptides,Freck Beauty,4.2732,355,26,Makeup,Eye
Best of Freck Holiday Set,Freck Beauty,3.5,8,25,Makeup,Value & Gift Sets
Lashrocket Liquid Liner with Lash Enhancing Peptides,Freck Beauty,4.4556,518,24,Makeup,Eye
RICH BITCH Hydrating Face Primer Serum,Freck Beauty,4.7634,262,38,Makeup,Face
Soy Hydrating Gentle Face Cleanser,fresh,4.3628,8733,39,Skincare,Cleansers
Sugar Advanced Lip Balm Intense Hydration Treatment,fresh,4.2837,2957,28,Skincare,Lip Balms & Treatments
Rose Face Mask,fresh,4.1887,2411,64,Skincare,Masks
Sugar Hydrating Lip Balm,fresh,4.1991,2200,19,Skincare,Lip Balms & Treatments
Tea Elixir Niacinamide & Hyaluronic Acid Anti-Aging Serum,fresh,4.7724,1872,80,Skincare,Treatments
Rose & Hyaluronic Acid Deep Hydration Moisturizer,fresh,4.5877,1807,46,Skincare,Moisturizers
Sugar Lip Polish Exfoliator,fresh,4.2199,1833,19,Makeup,Lip
Lotus Anti-Aging Night Moisturizer,fresh,4.4843,1687,56,Skincare,Moisturizers
Black Tea Anti-Aging Moisturizer with Retinol-Alternative BT Matrix,fresh,4.8434,1386,95,Skincare,Moisturizers
Rose & Hyaluronic Acid Deep Hydration Toner,fresh,4.1636,1351,46,Skincare,Cleansers
Sugar Strawberry Exfoliating Face Wash,fresh,4.1597,1259,33,Skincare,Cleansers
Rose Deep Hydration Sleeping Mask,fresh,4.4586,1232,29,Skincare,Masks
Mini Soy pH-Balanced Hydrating Face Wash,fresh,4.3628,8720,15,Mini Size,Skincare
Sugar Lip Balm Hydrating Treatment,fresh,4.5244,1148,25,Skincare,Lip Balms & Treatments
Floral Recovery Overnight Mask with Squalane,fresh,4.797,1128,69,Skincare,Masks
Sugar Face Polish Exfoliator,fresh,4.5196,1070,64,Skincare,Cleansers
Lotus Anti- Aging Daily Moisturizer,fresh,4.3963,1070,54,Skincare,Moisturizers
Rose & Squalane Deep Hydration Oil-Infused Serum,fresh,4.5838,978,60,Skincare,Treatments
Rose Floral Toner,fresh,4.1067,937,15,Skincare,Cleansers
Black Tea Instant Perfecting Mask,fresh,4.2919,908,96,Skincare,Masks
Brown Sugar Body Polish Exfoliator,fresh,4.3914,856,67,Bath & Body,Bath & Shower
Lotus Youth Preserve Eye Cream,fresh,4.4037,763,45,Skincare,Eye Care
Kombucha 2-in-1 No-Rinse Cleanser & Prebiotic Treatment,fresh,4.426,716,44,Skincare,Cleansers
Rose Petal-Soft Deep Hydration Lip Balm,fresh,4.3891,699,25,Skincare,Lip Balms & Treatments
Black Tea Firming and De-Puffing Eye Cream,fresh,3.8768,609,68,Skincare,Eye Care
Sugar Recovery Lip Mask Advanced Therapy,fresh,4.6973,598,28,Skincare,Lip Balms & Treatments
Sugar Mint Rush Freshening Lip Treatment,fresh,4.0833,528,25,Skincare,Lip Balms & Treatments
Lotus Youth Preserve Rescue Mask,fresh,4.351,490,69,Skincare,Masks
Black Tea Firming Overnight Mask,fresh,4.1369,482,96,Skincare,Masks
Vitamin C Glow Moisturizer,fresh,4.2411,419,48,Skincare,Moisturizers
Mini Rose & Hyaluronic Acid Deep Hydration Toner,fresh,4.125,336,26,Skincare,Mini Size
Rice Sake Bath,fresh,4.3054,167,82,Bath & Body,Bath & Shower
Sugar Lemon Body Lotion,fresh,4.2964,280,28,Bath & Body,Body Moisturizers
Sugar Lychee Body Lotion,fresh,4.0903,144,28,Bath & Body,Body Moisturizers
Mini Sugar Strawberry Exfoliating Face Wash,fresh,3.8956,182,15,Skincare,Mini Size
Milk Body Cleanser,fresh,4.7306,720,32,Bath & Body,Bath & Shower
Milk Body Lotion,fresh,4.7869,704,42,Bath & Body,Body Moisturizers
Mini Lotus Anti-Aging Night Moisturizer,fresh,3.9935,154,22,Skincare,Mini Size
Black Tea Corset Cream Firming Moisturizer,fresh,4.0065,153,95,Skincare,Moisturizers
Citron de Vigne Body Lotion,fresh,4.3333,81,28,Bath & Body,Body Moisturizers
Mini Vitamin Nectar Glow Juice Antioxidant Face Serum,fresh,3.9926,136,28,Skincare,Mini Size
Black Tea Corset Firming Serum,fresh,3.901,101,75,Skincare,Treatments
Milk Hydrating Hand Cream,fresh,4.7846,492,20,Bath & Body,Body Moisturizers
Mini Rose Face Mask,fresh,4.1698,53,26,Mini Size,Skincare
Mini Sugar Face Polish Exfoliato,fresh,3.6071,28,26,Mini Size,Skincare
Mini Lotus Youth Preserve Moisturizer,fresh,3.7733,75,21,Skincare,Mini Size
Vitamin Nectar Glow Juice Antioxidant Face Serum,fresh,3.9714,70,28,Skincare,Treatments
Hesperides Grapefruit Body Lotion,fresh,4.1667,24,28,Bath & Body,Body Moisturizers
Black Tea Firming Eye Serum,fresh,3.7619,63,72,Skincare,Eye Care
Mini Rose & Hyaluronic Acid Deep Hydration Moisturizer,fresh,3.9808,52,18,Skincare,Moisturizers
Fresh Life Body Lotion,fresh,3.76,25,28,Bath & Body,Body Moisturizers
Freesia Oval Soap,fresh,4.5135,37,15,Bath & Body,Bath & Shower
Mini Black Tea Instant Perfecting Mask,fresh,4.3571,28,40,Skincare,Mini Size
Rose Hydration Pore-Minimizing Mist,fresh,4.4706,17,24,Skincare,Moisturizers
Verbena Oval Soap,fresh,4.2,20,15,Bath & Body,Bath & Shower
Lotus Youth Preseve Rescue Mask Mini,fresh,4.2667,15,28,Skincare,Shop by Concern
Mini Rose Floral Toner,fresh,3.7,10,15,Skincare,Mini Size
Hydrating Skincare Gift Set,fresh,3.2857,7,59,Skincare,Value & Gift Sets
Sugar Triple-Action Lip Serum Advanced Therapy,fresh,3.8571,7,36,Skincare,Lip Balms & Treatments
Treat & Tint Mini Lip Care Gift Set,fresh,4,5,35,Skincare,Value & Gift Sets
Umbrian Clay Pore Purifying Face Mask,fresh,4.5,4,58,Skincare,Masks
Mini Black Tea Firming Overnight Mask,fresh,4,3,40,Skincare,Mini Size
Prep & Treat Lip Care Gift Set,fresh,3.5,2,28,Skincare,Value & Gift Sets
Mini Floral Recovery Overnight Mask with Squalane,fresh,5,1,28,Skincare,Masks
Mini Umbrian Clay Pore Purifying Face Mask,fresh,,,25,Mini Size,Skincare
Mini Kombucha Antioxidant Facial Treatment Essence,fresh,,,39,Skincare,Moisturizers
Kombucha Antioxidant Facial Treatment Essence,fresh,,,82,Skincare,Moisturizers
"Platinum+ Styler - 1"" Flat Iron",ghd,3.9463,428,279,Hair,Tools
Unplugged Styler - Cordless Flat Iron,ghd,4.3214,196,299,Hair,Tools
"Soft Curl - 1.25"" Curling Iron",ghd,3.4923,65,205,Hair,Tools
Creative Curl - Tapered Curling Wand,ghd,4.4583,72,205,Hair,Tools
Bodyguard - Heat Protect Spray,ghd,3.8675,83,28,Hair,Hair Styling & Treatments
Glide Smoothing Hot Brush,ghd,4.3981,103,169,Hair,Tools
Rise Volumizing Hot Brush,ghd,3.6129,31,189,Hair,Tools
Helios 1875W Advanced Professional Hair Dryer,ghd,4.7268,377,279,Hair,Tools
"Max Styler - 2"" Wide Plate Flat Iron",ghd,4.6497,197,249,Tools & Brushes,Hair Tools
"Classic Curl - 1"" Curling Iron",ghd,4.2444,45,205,Hair,Tools
"Original Styler - 1"" Flat Iron",ghd,4.6817,289,179,Hair,Tools
Air 1600W Professional Hair Dryer,ghd,4.2102,176,199,Hair,Tools
Classic Wave - Oval Curling Wand,ghd,3.7895,19,205,Hair,Tools
Paddle Brush,ghd,3.7442,43,35,Hair,Tools
Duet Style 2-in-1 Hot Air Styler,ghd,4.4923,323,399,Hair,Tools
Curl Thin Wand,ghd,4.9583,24,205,Hair,Tools
"Gold Styler - 1"" Flat Iron",ghd,4,40,239,Hair,Tools
Professional Hair Dryer Diffuser,ghd,2.6667,3,30,Hair,Tools
Sleek Talker Wet to Sleek Styling Oil,ghd,,,45,Hair,Hair Styling & Treatments
Mini Honey Infused Hair Oil,Gisou,4.2976,1912,25,Hair,Hair Styling & Treatments
Honey Infused Hair Oil,Gisou,4.2976,1912,46,Hair,Hair Styling & Treatments
Mini Honey Infused Hair Perfume,Gisou,4.0824,425,44,Hair,Hair Styling & Treatments
Honey Infused Leave-In Conditioner,Gisou,4.5232,625,34,Hair,Hair Styling & Treatments
Honey Infused Hair Mask,Gisou,4.6058,685,25,Hair,Hair Styling & Treatments
Honey Infused Scalp Treatment Serum,Gisou,4.7291,203,48,Hair,Hair Styling & Treatments
Mini Honey Infused Hair Mask,Gisou,4.6058,685,25,Hair,Hair Styling & Treatments
Honey Infused Hair Wash Shampoo,Gisou,3.8939,66,37,Hair,Shampoo & Conditioner
Propolis Infused Heat Protecting Spray,Gisou,4.5678,273,41,Hair,Hair Styling & Treatments
Honey Infused Hair Perfume Floral Edition,Gisou,4.5802,81,44,Hair,Hair Styling & Treatments
Honey Infused Hair Perfume,Gisou,4.0824,425,83,Hair,Hair Styling & Treatments
Honey Infused Conditioner,Gisou,4.1107,253,34,Hair,Shampoo & Conditioner
Propolis Infused Polishing Primer,Gisou,4.6307,241,34,Hair,Hair Styling & Treatments
Propolis Infused Texturizing Wave Spray,Gisou,4.498,247,39,Hair,Hair Styling & Treatments
Mini Honey Infused Conditioner,Gisou,4.1107,253,13,Hair,Shampoo & Conditioner
Curling Tool,Gisou,4.0476,21,129,Hair,Tools
Honey Infused Cleanse & Care Routine Hair Set,Gisou,4.7391,23,51,Hair,Value & Gift Sets
Honey Infused Lip Oil,Gisou,4.9474,19,32,Skincare,Lip Balms & Treatments
Mini Honey Infused Hair Wash Shampoo,Gisou,,,13,Mini Size,Hair
Prisme Libre Loose Setting and Finishing Powder,Givenchy,4.502,2229,59,Makeup,Face
Rouge Interdit Intense Silk Satin Matte Lipstick,Givenchy,4.6199,221,40,Makeup,Lip
Rose Perfecto Tinted Liquid Balm,Givenchy,4.3079,367,38,Makeup,Lip
Rouge Interdit Vinyl Color Enhancing Lipstick,Givenchy,4.3695,249,34,Makeup,Lip
Le Rouge Sheer Velvet Matte Lipstick,Givenchy,4.507,215,40,Makeup,Lip
Rose Perfecto Lip Balm 24H Hydration,Givenchy,4.431,935,38,Makeup,Lip
Le Rouge Deep Velvet Matte Lipstick,Givenchy,4.5346,217,40,Makeup,Lip
Prisme Libre Skin-Caring Glow Foundation,Givenchy,4.4733,1312,52,Makeup,Face
Irresistible Eau de Parfum,Givenchy,4.513,616,110,Fragrance,Women
L'Interdit Eau de Parfum,Givenchy,4.3345,586,110,Fragrance,Women
L’Interdit Rouge Eau De Parfum,Givenchy,4.1554,296,113,Fragrance,Women
Mini Prisme Libre Loose Powder,Givenchy,4.125,40,40,Makeup,Face
Hot Couture Eau de Toilette,Givenchy,4.7067,416,120,Fragrance,Women
Prisme Libre Skin-Caring Matte Foundation,Givenchy,4.4644,900,52,Makeup,Face
Lip Liner,Givenchy,4.4754,122,30,Makeup,Lip
Ange ou Demon Le Secret Eau de Parfum,Givenchy,4.5028,354,108,Fragrance,Women
Very Irrésistible Eau de Toilette,Givenchy,4.473,389,110,Fragrance,Women
L'Interdit Eau de Parfum Rollerball,Givenchy,4.3345,586,40,Fragrance,Women
Irresistible Eau de Parfum Rollerball,Givenchy,4.513,616,40,Fragrance,Women
Le Rouge Universal 24H Hydration Lip Balm,Givenchy,4.2474,291,39,Makeup,Lip
Prisme Libre Skin-Caring 24H Hydrating + Radiant + Correcting Creamy Concealer,Givenchy,4.6288,722,37,Makeup,Face
Pi Eau de Toilette,Givenchy,4.6642,137,108,Fragrance,Men
Mister Brow Groom Universal Brow Setter,Givenchy,4.4634,82,31,Makeup,Eye
Gentleman Eau de Parfum Réserve Privée,Givenchy,4.6023,259,124,Fragrance,Men
Volume Disturbia Mascara,Givenchy,4.1452,778,28,Makeup,Eye
Rouge Interdit Intense Silk Satin Matte Lipstick Refills,Givenchy,4.6,20,31,Makeup,Lip
Gentleman Eau de Toilette,Givenchy,4.5652,23,108,Fragrance,Men
Pink Collection Le Rouge Sheer Velvet Matte Lipstick,Givenchy,4.5132,189,43,Makeup,Lip
Gentleman Boisee Eau de Parfum,Givenchy,4.6369,504,124,Fragrance,Men
Gentleman Eau de Parfum,Givenchy,4.7407,27,124,Fragrance,Men
Irresistible Eau de Parfum Rose Velvet,Givenchy,4.6783,230,135,Fragrance,Women
Le Rouge Sheer Velvet Matte Lipstick Customized Refills,Givenchy,2.5,2,31,Makeup,Lip
Irresistible Eau de Toilette Fraiche,Givenchy,4.4136,191,111,Fragrance,Women
Liner Disturbia Felt Tip Eyeliner,Givenchy,3.8065,31,28,Makeup,Eye
L'Interdit Eau de Toilette,Givenchy,4.2216,185,111,Fragrance,Women
Prisme Libre Skin-Caring Corrector,Givenchy,4.5,6,37,Makeup,Face
Rouge Interdit Vinyl Color Enhancing Lipstick - 16 Noir Revelateur,Givenchy,4.2557,176,34,Makeup,Lip
Irresistible Eau De Toilette Fraiche,Givenchy,,,111,Fragrance,Women
Press-On Nail Kit,Glamnetic,3.8686,137,15,Makeup,Nail
Magnetic False Lashes,Glamnetic,3.9167,72,30,Makeup,Eye
Soo Future! Magnetic Eyeliner Pen,Glamnetic,2.8036,56,43,Makeup,Eye
Magnetic Half Lashes,Glamnetic,2.75,4,25,Makeup,Eye
Brush On Nail Glue,Glamnetic,5,5,7,Makeup,Nail
Magnetic False Lashes - Brown,Glamnetic,,,30,Makeup,Eye
Lash Extension Kit,Glamnetic,3.9412,17,45,Makeup,Eye
GLO Brilliant White Smile - At Home Teeth Whitening Device,GLO Science,3.9987,779,159,Skincare,Value & Gift Sets
GLO Lit Teeth Whitening Vials 3 Pack,GLO Science,4.1409,149,24,Skincare,High Tech Tools
GLO Brilliant Teeth Whitening GLO Vials 10 Pack plus Lip Care,GLO Science,4.4211,133,65,Skincare,High Tech Tools
GLO Lit Teeth Whitening Vials 7 Pack + Lip Care,GLO Science,4.3917,120,49,Skincare,High Tech Tools
GLO to Go Teeth Whitening Pen,GLO Science,4.4889,90,25,Skincare,High Tech Tools
Teeth Whitening GLO Vials,GLO Science,4.8676,68,35,Tools & Brushes,Beauty Tools
Balm Dotcom Lip Balm and Skin Salve,Glossier,2.9385,683,14,Makeup,Lip
Cloud Paint Gel Cream Blush,Glossier,4.2067,179,20,Makeup,Cheek
Ultralip High Shine Lipstick with Hyaluronic Acid,Glossier,4.3548,93,18,Makeup,Lip
Glossier You Eau de Parfum,Glossier,3.7574,235,64,Fragrance,Women
Boy Brow Volumizing Eyebrow Gel-Pomade,Glossier,4.3133,83,17,Makeup,Eye
Perfecting Skin Tint for Dewy Sheer Coverage,Glossier,4.0541,74,26,Makeup,Face
Glassy High-Shine Lip Gloss,Glossier,3.4521,73,15,Makeup,Lip
Generation G Sheer Matte Lipstick,Glossier,4.2958,71,18,Makeup,Lip
Stretch Concealer for Dewy Buildable Coverage,Glossier,4.28,75,20,Makeup,Face
Lash Slick Lift and Lengthening Mascara,Glossier,3.8932,103,18,Makeup,Eye
Glossier You Solid Perfume,Glossier,3.6984,63,30,Fragrance,Women
Monochromes Essential Eyeshadow Trio Palette,Glossier,3.7,20,22,Makeup,Eye
Haloscope Balm Dewy Highlighter Stick,Glossier,3.2222,36,22,Makeup,Face
Lidstar Long-Wearing Shimmer Cream Eyeshadow,Glossier,3.9189,37,18,Makeup,Eye
No 1. Pencil Creamy Long-Wearing Eyeliner,Glossier,3.2353,17,16,Makeup,Eye
Solar Paint Luminious Gel-Cream Bronzer,Glossier,2.9608,51,20,Makeup,Cheek
Brow Flick Microfine Detailing Eyebrow Pen,Glossier,3.5294,34,18,Makeup,Eye
Skywash Liquid-to-Powder Sheer Matte Eyeshadow Tint,Glossier,2.9143,35,18,Makeup,Eye
Futuredew Facial Oil-Serum Hybrid,Glossier,3.9651,86,26,Skincare,Moisturizers
Milky Jelly Gentle Gel Face Cleanser,Glossier,4.0877,57,19,Skincare,Cleansers
Pro Tip Long-Wearing Liquid Eyeliner Pen,Glossier,4.7188,32,18,Makeup,Eye
After Baume Moisture Barrier Recovery Cream,Glossier,4.1429,42,28,Skincare,Moisturizers
Solution Skin-Perfecting Daily Chemical Exfoliator,Glossier,3.7143,21,26,Skincare,Cleansers
Priming Moisturizer Rich Face Cream with Ceramides,Glossier,4.05,20,35,Skincare,Moisturizers
Super Pure Clarifying Face Serum with Niacinamide + Zinc,Glossier,4.5882,17,29,Skincare,Treatments
Super Bounce Hyaluronic Acid + Vitamin B5 Hydrating Face Serum,Glossier,4.7333,15,29,Skincare,Treatments
Milky Oil Dual-Phase Waterproof Makeup Remover,Glossier,4.2667,15,14,Skincare,Cleansers
Priming Moisturizer Lightweight Buildable Face Cream,Glossier,4.2143,14,24,Skincare,Moisturizers
Invisible Shield Water-Gel Transparent Sunscreen SPF 35,Glossier,4.1818,11,25,Skincare,Sunscreen
Super Glow Vitamin C Brightening Face Serum,Glossier,2.7778,9,29,Skincare,Treatments
Priming Moisturizer Balance Oil-Control Gel-Cream,Glossier,4.6667,9,25,Skincare,Moisturizers
Universal Pro-Retinol Overnight Renewing Treatment,Glossier,3.7778,9,35,Skincare,Treatments
Cleanser Concentrate AHA Clarifying and Exfoliating Face Wash,Glossier,3.625,8,21,Skincare,Cleansers
Watermelon Glow PHA + BHA Pore-Tight Toner,Glow Recipe,4.3728,3305,34,Skincare,Cleansers
Mini Watermelon Glow PHA + BHA Pore-Tight Toner,Glow Recipe,4.3728,3305,15,Skincare,Mini Size
Watermelon Glow Niacinamide Dew Drops,Glow Recipe,4.3975,2136,35,Skincare,Treatments
Watermelon Pink Juice Oil-Free Moisturizer,Glow Recipe,3.9995,1927,39,Skincare,Moisturizers
Plum Plump Hyaluronic Acid Serum,Glow Recipe,4.4249,1918,45,Skincare,Treatments
Avocado Fine Line Eye Cream with Retinol,Glow Recipe,4.1087,1886,42,Skincare,Eye Care
Watermelon Glow AHA Pink Dream Body Cream,Glow Recipe,4.4323,1698,29,Bath & Body,Body Moisturizers
Plum Plump Hyaluronic Acid Moisturizer,Glow Recipe,4.4624,1449,39,Skincare,Moisturizers
Mini Plum Plump Hyaluronic Acid Moisturizer,Glow Recipe,4.4624,1449,21,Skincare,Mini Size
Papaya Sorbet Smoothing Enzyme Cleansing Balm & Makeup Remover,Glow Recipe,4.1989,1428,32,Skincare,Cleansers
Avocado Soothing Skin Barrier Serum with Ceramides,Glow Recipe,4.471,1412,45,Skincare,Treatments
Watermelon Glow Niacinamide Sunscreen SPF 50,Glow Recipe,3.761,1293,35,Skincare,Sunscreen
Blueberry Bounce Gentle Cleanser,Glow Recipe,3.8103,1065,34,Skincare,Cleansers
Glow Lip Pop Lip Balm,Glow Recipe,4.5778,1047,22,Skincare,Lip Balms & Treatments
Strawberry Smooth BHA + AHA Salicylic Acid Serum,Glow Recipe,4.5439,1024,42,Skincare,Treatments
Watermelon Glow Ultra-Fine Mist,Glow Recipe,4.1552,992,29,Skincare,Moisturizers
Watermelon Glow Hyaluronic Clay Pore-Tight Facial Mask,Glow Recipe,4.5912,981,40,Skincare,Masks
Guava Vitamin C Bright-Eye Gel Cream,Glow Recipe,4.5109,914,38,Skincare,Eye Care
Guava Vitamin C Dark Spot Treatment Serum,Glow Recipe,4.2613,750,45,Skincare,Treatments
Watermelon Glow AHA Night Treatment,Glow Recipe,4.6795,730,40,Skincare,Treatments
Avocado Ceramide Moisture Barrier Cleanser,Glow Recipe,4.4387,620,28,Skincare,Cleansers
Strawberry BHA Pore-Smooth Blur Drops,Glow Recipe,4.686,535,32,Skincare,Treatments
Mini Watermelon Glow AHA Night Treatment,Glow Recipe,4.6795,730,21,Mini Size,Skincare
Mini Watermelon Pink Juice Oil-Free Moisturizer,Glow Recipe,3.7555,409,21,Skincare,Mini Size
Mini Blueberry Bounce Gentle Cleanser,Glow Recipe,3.7057,316,10,Skincare,Mini Size
Fruit Babies Bestsellers Kit,Glow Recipe,4.6339,183,34,Skincare,Value & Gift Sets
Glowy Skin Prep Besties Set,Glow Recipe,4.875,112,52,Skincare,Value & Gift Sets
Plumping Power Duo,Glow Recipe,4.8454,97,54,Skincare,Value & Gift Sets
Mini Watermelon Glow Niacinamide Dew Drops,Glow Recipe,4,13,20,Skincare,Treatments
Semi-Permanent Hair Color,Good Dye Young,3.3188,276,18,Hair,Shop by Concern
Poser Paste Temporary Hair Makeup,Good Dye Young,2.8053,113,18,Hair,Hair Styling & Treatments
Google Nest Hub,Google,4.6087,23,129,Tools & Brushes,Beauty Tools
GOOPGLOW Microderm Instant Glow Exfoliator,goop,4.4821,2128,125,Skincare,Cleansers
Mini GOOPGLOW Microderm Instant Glow Exfoliator,goop,4.4821,2128,42,Skincare,Mini Size
GOOPGLOW 15% Glycolic Acid Overnight Glow Peel,goop,4.255,1196,125,Skincare,Treatments
Mini GOOPGLOW 15% Glycolic Acid Overnight Glow Peel,goop,4.255,1196,45,Skincare,Mini Size
GOOPGLOW Morning Skin Superpowder,goop,3.991,1110,60,Skincare,Wellness
Mini GOOPGLOW Morning Skin Superpowder,goop,3.991,1110,12,Skincare,Mini Size
GOOPGLOW Glow Lotion,goop,4.0638,815,58,Skincare,Moisturizers
GOOPGENES All-In-One Nourishing Face Cream,goop,4.2846,738,98,Skincare,Moisturizers
GOOPGENES All-In-One Nourishing Eye Cream,goop,4.2026,627,55,Skincare,Eye Care
goopglow Cloudberry Exfoliating Jelly Cleanser,goop,4.0194,413,35,Skincare,Cleansers
GOOPGLOW Exfoliating Dark Spot Sleep Serum,goop,4.0598,251,98,Skincare,Treatments
G.Tox Himalayan Salt Scalp Scrub Shampoo,goop,4.2212,904,55,Hair,Shampoo & Conditioner
G.Tox Ultimate Dry Brush,goop,3.9815,54,25,Skincare,High Tech Tools
"""The Martini"" Emotional Detox Bath Soak",goop,3.12,25,40,Bath & Body,Bath & Shower
GOOPGENES All-In-One Super Nutrient Face Oil,goop,3.5676,37,98,Skincare,Moisturizers
Mini G.Tox Himalayan Salt Scalp Scrub Shampoo,goop,4.2212,904,15,Hair,Mini Size
GOOPGLOW 20% Vitamin C and Hyaluronic Glow Serum,goop,3.5357,28,125,Skincare,Treatments
GOOPGENES Clean Nourishing Lip Balm Trio,goop,3.5556,27,48,Skincare,Value & Gift Sets
GOOPGLOW Vita-C Brightening Eye Cream,goop,4.2308,26,58,Skincare,Eye Care
GOOPGENES Nourishing Repair Body Butter,goop,3.8261,23,65,Skincare,Moisturizers
Knock Me Out Sleep Chews,goop,3.2381,21,30,Skincare,Wellness
G.Tox Malachite and Fruit Acid Pore Purifying Cleanser,goop,4.3889,18,48,Skincare,Cleansers
G.Tox Malachite and AHA Pore Refining Tonic,goop,3.9333,15,75,Skincare,Cleansers
GOOPGLOW Restore + Shine Hair Treatment,goop,4.1136,766,55,Hair,Hair Styling & Treatments
Double-Sided Wand Vibrator,goop,4.069,29,98,Bath & Body,Body Care
GOOPGLOW Flower Acids Resurfacing Toner,goop,4.6667,6,45,Skincare,Cleansers
G.Tox Detoxifying Superpowder,goop,1.8,5,12,Skincare,Wellness
GOOPGLOW Microderm Instant Glow Body Polish,goop,4,1,48,Bath & Body,Bath & Shower
Viva la Vulva Vibrator,goop,3.2143,28,98,Bath & Body,Body Care
GOOPGLOW Afterglow Body Oil,goop,3,3,48,Bath & Body,Body Moisturizers
GOOPGENES All-in-One Nourishing Skincare Kit,goop,4.5,2,85,Skincare,Value & Gift Sets
Mini GOOPGLOW Glow Lotion,goop,,,25,Mini Size,Skincare
Adjustable Slap Satin-Lined Cap,Grace Eleyae,4.7672,116,20,Hair,Tools
The Original Slap | Satin Lined Cap,Grace Eleyae,4.4483,87,13,Hair,Tools
Satin-Lined Knot Turban,Grace Eleyae,4.8025,81,30,Hair,Tools
The Original Slap | Satin Lined Cap - 2 pack,Grace Eleyae,4.6667,57,22,Hair,Tools
All Silk Turban,Grace Eleyae,4.5333,90,77,Hair,Tools
Detangling Brush,Grace Eleyae,4.6129,31,15,Hair,Tools
Edge Brush Tamer,Grace Eleyae,5,13,9,Hair,Tools
All Purpose Curved Comb,Grace Eleyae,5,19,9,Hair,Tools
Adjustable Slap Satin-Lined Cap 2 Pack,Grace Eleyae,4,2,35,Hair,Tools
Nala Print Turban,Grace Eleyae,,,39.99,Hair,Tools
GrandeLIPS Hydrating Lip Plumper Gloss,Grande Cosmetics,3.7782,1443,27,Makeup,Lip
GrandeLASH-LIFT Heated Lash Curler,Grande Cosmetics,3.3798,258,39,Makeup,Accessories
GrandeREPAIR Leave-in Lash Conditioner,Grande Cosmetics,4.14,150,25,Makeup,Eye
GrandeMASCARA Conditioning Peptide Mascara,Grande Cosmetics,4.1182,550,25,Makeup,Eye
GrandePOUT Plumping Lip Mask,Grande Cosmetics,3.9367,158,24,Makeup,Lip
GrandePRIMER Pre-Mascara Lengthener & Thickener,Grande Cosmetics,4.3645,502,25,Makeup,Eye
GrandeDRAMA Intense Thickening Mascara,Grande Cosmetics,3.6458,192,25,Makeup,Eye
Velvet Matte Lipstick,Gucci,4.231,277,45,Makeup,Lip
Rouge à Lèvres Voile Sheer Lipstick,Gucci,4.4332,247,45,Makeup,Lip
Flora Gorgeous Gardenia Eau de Parfum,Gucci,4.1944,854,155,Fragrance,Women
Éclat Soleil Luminous Bronzer,Gucci,4.5969,320,64,Makeup,Cheek
Bloom Eau de Parfum For Her,Gucci,4.1913,1317,123,Fragrance,Women
Long Lasting Satin Lipstick,Gucci,4.4218,358,45,Makeup,Lip
Glow & Care Shine Lipstick,Gucci,4.2302,430,45,Makeup,Lip
Luminous Matte Beauty Blush,Gucci,4.681,232,49,Makeup,Cheek
Guilty Pour Femme Eau de Toilette,Gucci,4.2503,1794,101,Fragrance,Women
Glossy Nail Polish,Gucci,3.5806,62,33,Makeup,Nail
Flora Gorgeous Gardenia Eau de Parfum Rollerball,Gucci,4.1944,854,38,Fragrance,Women
Bloom Eau de Parfum For Her Rollerball,Gucci,4.1913,1317,38,Fragrance,Women
Matte Beauty Powder,Gucci,3.9779,136,64,Makeup,Face
L'Obscur Lengthening Mascara,Gucci,4.1509,868,36,Makeup,Eye
Hydrating Lip Balm,Gucci,4.1447,159,45,Makeup,Lip
Mini Coffret Set,Gucci,4.4,5,65,Fragrance,Value & Gift Sets
Éternité De Beauté 24 Hour Full Coverage Luminous Matte Finish Foundation,Gucci,4.5096,363,69,Makeup,Face
Bamboo Eau de Parfum,Gucci,4.4101,217,87,Fragrance,Women
Brume de Beauté Beauty Mist,Gucci,4.6652,451,78,Skincare,Moisturizers
Luminous Face & Lip Gloss,Gucci,3.8529,68,34,Makeup,Lip
Flora Gorgeous Gardenia Eau de Parfum Mini Perfume Set,Gucci,4.1176,17,36,Fragrance,Value & Gift Sets
Transfer-proof Matte Liquid lipstick,Gucci,4.2819,149,45,Makeup,Lip
Flora Gorgeous Jasmine Eau de Parfum,Gucci,3.8995,408,155,Fragrance,Women
Flora Gorgeous Gardenia Eau de Parfum Rollerball & Mascara Set,Gucci,4.6364,11,50,Fragrance,Value & Gift Sets
Mini Flora Gorgeous Jasmine Perfume Set,Gucci,4.1429,7,39,Fragrance,Value & Gift Sets
Guilty Pour Homme,Gucci,4.4893,748,154,Fragrance,Men
Flora Gorgeous Gardenia Eau de Parfum Gift Set,Gucci,2.75,16,92,Fragrance,Value & Gift Sets
Guilty Pour Femme Eau de Parfum,Gucci,3.9018,285,123,Fragrance,Women
Long Lasting Bold Lip Liner,Gucci,4.1961,51,34,Makeup,Lip
Flora Gorgeous Jasmine Eau de Parfum Pen Spray,Gucci,4.0667,15,38,Fragrance,Women
Multipurpose Hydrating and Nourishing Balm,Gucci,3.888,125,50,Makeup,Lip
Guilty Pour Femme Eau de Toilette Rollerball,Gucci,4.2503,1794,38,Fragrance,Women
Guilty Pour Femme Eau de Parfum Rollerball,Gucci,3.9018,285,38,Fragrance,Women
Hydrating Silk Priming Serum,Gucci,4.2423,293,58,Makeup,Face
Long Wearing Eyebrow Pencil,Gucci,4.625,64,33,Makeup,Eye
Bloom Profumo di Fiori Eau de Parfum,Gucci,4.0507,671,123,Fragrance,Women
Bloom Eau De Toilette,Gucci,3.8849,391,101,Fragrance,Women
Gucci Bloom Ambrosia di Fiori Eau de Parfum Intense For Her,Gucci,3.9475,343,131,Fragrance,Women
Stylo Contour Des Yeux Khol Eyeliner,Gucci,4.1746,63,37,Makeup,Eye
Bloom Profumo di Fiori Eau de Parfum Rollerball,Gucci,4.0507,671,38,Fragrance,Women
Gorgeous Flora Eyeshadow Palette,Gucci,4.2308,13,152,Makeup,Eye
Guilty Black Pour Homme,Gucci,4.3404,235,119,Fragrance,Men
Guilty Eau de Parfum Pour Homme,Gucci,4.4601,426,143,Fragrance,Men
Bloom Eau De Toilette Travel Spray,Gucci,3.8849,391,38,Fragrance,Women
Gucci Bloom Ambrosia di Fiori Eau de Parfum Intense For Her Rollerball,Gucci,3.9475,343,38,Fragrance,Women
Guilty Pour Femme Eau de Parfum Intense,Gucci,3.9467,169,165,Fragrance,Women
Gucci Matte Primer,Gucci,4.4026,77,60,Makeup,Face
Mini Flora Gorgeous Gardenia Eau de Parfum Perfume Set,Gucci,,,96,Fragrance,Value & Gift Sets
Bamboo Eau de Toilette,Gucci,3.8667,30,91,Fragrance,Women
Nail Art Stickers,Gucci,1.9355,31,20,Makeup,Nail
Gucci By Gucci Pour Homme,Gucci,4.7192,146,74,Fragrance,Men
Flora Gorgeous Jasmine Perfume Gift Set,Gucci,5,2,96,Fragrance,Value & Gift Sets
L'Obscur Long Wearing Eyeliner Pen,Gucci,4.4,125,39,Makeup,Eye
Bloom Perfume Gift Set,Gucci,,,96,Fragrance,Value & Gift Sets
Guilty Pour Homme Parfum,Gucci,4.4,255,175,Fragrance,Men
Bloom Eau de Parfum Intense,Gucci,4.2628,156,165,Fragrance,Women
Guilty Absolute Pour Homme,Gucci,3.6552,29,87,Fragrance,Men
Gorgeous Flora Glow & Care Shine Lipstick,Gucci,4.6667,6,45,Makeup,Lip
Rouge G Refillable Lipstick,GUERLAIN,4.5,224,36,Makeup,Lip
Abeille Royale Advanced Youth Watery Oil,GUERLAIN,4.3465,1215,145,Skincare,Moisturizers
Mini Abeille Royale Advanced Youth Watery Oil,GUERLAIN,4.3465,1215,55,Skincare,Mini Size
Météorites Illuminating Powder Pearls,GUERLAIN,4.1803,721,68,Makeup,Face
Parure Gold 24K Radiance Primer,GUERLAIN,4.1494,462,85,Makeup,Face
Mon Guerlain Eau de Parfum,GUERLAIN,4.3918,439,155,Fragrance,Women
Rouge G Refillable Lipstick Case,GUERLAIN,4.6783,115,38,Makeup,Lip
Abeille Royale Anti-Aging Fortifying Lotion Toner,GUERLAIN,4.2566,834,85,Skincare,Cleansers
Terracotta Sunkissed Natural Bronzer,GUERLAIN,4.5287,348,59,Makeup,Cheek
Abeille Royale Anti-Aging Double R Advanced Serum,GUERLAIN,4.6196,418,240,Skincare,Treatments
Météorites Primer Perfecting Pearls,GUERLAIN,4.1864,118,80,Makeup,Face
Terracotta Light Healthy Glow Bronzer,GUERLAIN,4.2647,34,59,Makeup,Cheek
KissKiss Bee Glow Lipstick Balm,GUERLAIN,4.1429,28,40,Makeup,Lip
KissKiss Shine Bloom Lipstick Balm,GUERLAIN,4.3125,16,42,Makeup,Lip
KissKiss Liplift Lipstick Primer,GUERLAIN,3.9039,333,40,Makeup,Lip
Shalimar Eau de Parfum,GUERLAIN,4.3939,66,125,Fragrance,Women
Mon Guerlain Eau de Parfum Intense,GUERLAIN,4.4783,23,165,Fragrance,Women
Terracotta Matte Bronzer,GUERLAIN,3.9333,15,59,Makeup,Face
Midnight Secret Late Night Recovery Treatment Anti-Fatigue Serum,GUERLAIN,4.102,49,32,Skincare,Treatments
Aqua Allegoria Pera Granita Eau de Toilette,GUERLAIN,4.4667,75,110,Fragrance,Women
Aqua Allegoria Mandarine Basilic Eau de Toilette,GUERLAIN,4.4904,104,110,Fragrance,Women
Ombres G Quad Eyeshadow Palette,GUERLAIN,4.75,4,85,Makeup,Eye
Aqua Allegoria Flora Salvaggia Eau de Toilette,GUERLAIN,4.7273,22,110,Fragrance,Women
Météorites Powder Brush,GUERLAIN,3.4286,21,45,Makeup,Brushes & Applicators
Aqua Allegoria Flora Cherrysia Eau de Toilette,GUERLAIN,4.5926,27,110,Fragrance,Women
Abeille Royale Anti-Aging Eye Lifting Serum,GUERLAIN,3.7333,15,130,Skincare,Eye Care
Abeille Royale Anti-Aging Eye Cream,GUERLAIN,3.7857,14,110,Skincare,Eye Care
Abeille Royale Day Cream,GUERLAIN,4.2857,14,170,Skincare,Moisturizers
Mad Eyes Mascara Long-Wearing & Volumizing,GUERLAIN,2.8667,15,36,Makeup,Eye
Aqua Allegoria Bergamote Calabria Eau de Toilette,GUERLAIN,4.7188,32,110,Fragrance,Women
Aqua Allegoria Rosa Rossa Eau de Toilette,GUERLAIN,4.5532,94,110,Fragrance,Women
Mad Eyes Felt Matte Waterproof Eyeliner Pen,GUERLAIN,4.25,12,36,Makeup,Eye
Aqua Allegoria Nerolia Vetiver Eau de Toilette,GUERLAIN,4.0976,123,110,Fragrance,Women
Aqua Allegoria Orange Soleia Eau de Toilette,GUERLAIN,4.3571,28,110,Fragrance,Women
Abeille Royale Scalp & Hair Youth Oil in Serum,GUERLAIN,3.5,4,140,Hair,Hair Styling & Treatments
Noir G Volumizing & Curling Mascara,GUERLAIN,4.1667,6,40,Makeup,Eye
Abeille Royale Night Cream,GUERLAIN,3.6667,3,200,Skincare,Moisturizers
Aqua Allegoria Pamplelune Eau de Toilette,GUERLAIN,3.4615,26,110,Fragrance,Women
Abeille Royale Bestsellers Travel Set,GUERLAIN,2,2,195,Skincare,Value & Gift Sets
Abeille Royale Intense Repair Youth Oil in Balm,GUERLAIN,3,1,235,Skincare,Masks
Terracotta Le Teint Healthy Glow Foundation,GUERLAIN,3.8,5,62,Makeup,Face
Eye See in Color Clean Multidimensional Eyeshadow Palette,GXVE BY GWEN STEFANI,3.6818,154,28,Makeup,Eye
I’m Still Here Longwear Clean Matte Liquid Lipstick,GXVE BY GWEN STEFANI,4.3096,323,24,Makeup,Lip
Bubble Pop Electric High-Performance Clean Lip Gloss,GXVE BY GWEN STEFANI,4.3043,161,20,Makeup,Lip
Original Me Clean High-Performance Matte Lipstick,GXVE BY GWEN STEFANI,4.6713,289,26,Makeup,Lip
Can't Stop Staring Clean Lengthening & Lifting Mascara,GXVE BY GWEN STEFANI,4.3333,306,20,Makeup,Eye
Line It Up Clean 24-Hr Gel Pencil Waterproof Eyeliner,GXVE BY GWEN STEFANI,4.2624,221,20,Makeup,Eye
Eye See In Sparkle Clean Multi-Dimensional Glitter Eyeshadow,GXVE BY GWEN STEFANI,4.551,49,24,Makeup,Eye
Anaheim Shine Clean High-Performance Satin Lipstick,GXVE BY GWEN STEFANI,4.6667,240,26,Makeup,Lip
Hella On Point Clean Ultra-Fine Brow Pencil,GXVE BY GWEN STEFANI,4.57,200,24,Makeup,Eye
Most Def Clean Instant Definition Sculpting Eyebrow Pencil,GXVE BY GWEN STEFANI,4.6073,191,24,Makeup,Eye
Pout to Get Real Clean Overlining Lip Liner,GXVE BY GWEN STEFANI,4.1646,79,22,Makeup,Lip
All Time Prime Clean Hydrating Prep & Smooth Face Oil,GXVE BY GWEN STEFANI,4.6,130,48,Makeup,Face
Xtra Sauce Longwear Vinyl Liquid Lipstick,GXVE BY GWEN STEFANI,4.1811,127,24,Makeup,Lip
Anaheim Line Clean Waterproof Lip Liner,GXVE BY GWEN STEFANI,4.7222,36,20,Makeup,Lip
Double Dippin' 2-in-1 Lip Color Remover & Hydrating Lip Mask,GXVE BY GWEN STEFANI,4.5769,26,24,Makeup,Lip
Paint It Up Clean 24-Hr Cream Eyeshadow,GXVE BY GWEN STEFANI,4.7027,37,20,Makeup,Eye
N°41 Facial Sunscreen Mist with SPF 41,HABIT,4.4904,208,30,Skincare,Sunscreen
N°39 Facial Sunscreen Mist with SPF 39,HABIT,4.708,137,30,Skincare,Sunscreen
N°38 Facial Sunscreen Mist with SPF 38,HABIT,4.3578,109,30,Skincare,Sunscreen
Shave Starter Set,Hanni,4.55,180,68,Skincare,Value & Gift Sets
The Weighted Razor Kit,Hanni,4.6452,155,42,Skincare,High Tech Tools
Shave Pillow Moisturizing Body Gel,Hanni,4.6954,151,24,Skincare,Moisturizers
Water Balm Custom Hydration Body Moisturizer Mist,Hanni,4.7976,168,34,Bath & Body,Body Moisturizers
Splash Salve In-Shower Body Moisture Treatment,Hanni,4.9623,53,34,Bath & Body,Body Moisturizers
Blades,Hanni,3.6667,3,6,Skincare,High Tech Tools
Shower Holder,Hanni,5,2,12,Skincare,High Tech Tools
Blade Bin,Hanni,5,1,10,Men,Shaving
Triclone Skin Tech Medium Coverage Foundation with Fermented Arnica,HAUS LABS BY LADY GAGA,4.2841,1137,45,Makeup,Face
PhD Hybrid Lip Oil,HAUS LABS BY LADY GAGA,4.3613,620,24,Makeup,Lip
Bio-Radiant Gel-Powder Highlighter with Fermented Arnica,HAUS LABS BY LADY GAGA,4.6878,394,40,Makeup,Face
Le Monster Lip Crayon Lipstick,HAUS LABS BY LADY GAGA,4.4658,380,22,Makeup,Lip
Optic Intensity Eco Gel Eyeliner Pencil,HAUS LABS BY LADY GAGA,3.75,88,22,Makeup,Eye
"Hy-Power Eye, Cheek & Lip Pigment Paint",HAUS LABS BY LADY GAGA,4.3771,350,24,Makeup,Eye
Atomic Shake Long Lasting Liquid Lipstick,HAUS LABS BY LADY GAGA,3.0187,267,26,Makeup,Lip
Power Sculpt Velvet Bronzer with Fermented Arnica,HAUS LABS BY LADY GAGA,4.6685,362,38,Makeup,Cheek
Color Fuse Talc-Free Powder Blush with Fermented Arnica,HAUS LABS BY LADY GAGA,4.8667,285,38,Makeup,Cheek
Bio-Blurring Talc-Free Loose Setting Powder,HAUS LABS BY LADY GAGA,4.4892,507,38,Makeup,Face
The Edge Precision Eyebrow Pencil,HAUS LABS BY LADY GAGA,4.04,25,22,Makeup,Eye
Cruelty-Free Foundation Brush,HAUS LABS BY LADY GAGA,4.1538,13,39,Makeup,Brushes & Applicators
Blue Tansy BHA and Enzyme Pore Refining Mask,Herbivore,4.2448,1928,50,Skincare,Masks
Coco Rose Exfoliating Body Scrub,Herbivore,4.2218,487,40,Bath & Body,Bath & Shower
Lapis Blue Tansy Face Oil - For Oily & Acne-Prone Skin,Herbivore,4.2461,959,74,Skincare,Moisturizers
Mini Lapis Blue Tansy Face Oil - For Oily & Acne-Prone Skin,Herbivore,4.2461,959,15,Skincare,Moisturizers
Pink Cloud Rosewater + Squalane Makeup Removing Face Wash,Herbivore,4.3577,629,26,Skincare,Cleansers
Emerald CBD + Adaptogens Deep Moisture Glow Oil,Herbivore,4.3645,557,60,Skincare,Moisturizers
Emerald Hemp Seed Deep Moisture Glow Oil,Herbivore,4.3291,477,50,Skincare,Moisturizers
Jasmine Glowing Hydration Body Oil,Herbivore,4.4218,147,44,Bath & Body,Body Moisturizers
Phoenix Rosehip Anti-Aging Face Oil - For Dry Skin,Herbivore,4.4169,343,88,Skincare,Moisturizers
Mini Phoenix Rosehip Anti-Aging Face Oil - For Dry Skin,Herbivore,4.4169,343,60,Skincare,Moisturizers
Bamboo Charcoal Detoxifying Soap Bar,Herbivore,4.3012,342,14,Skincare,Cleansers
Amethyst Body Scrub with Epsom Salt,Herbivore,4.0274,73,46,Bath & Body,Bath & Shower
Jasmine Green Tea Oil Control Toner,Herbivore,4.0833,312,39,Skincare,Cleansers
Prism AHA + BHA Exfoliating Glow Facial,Herbivore,4.2616,302,58,Skincare,Treatments
Jade De-Puffing Face Roller,Herbivore,3.5479,292,32,Skincare,Wellness
Nova 15% Vitamin C + Turmeric Brightening Serum,Herbivore,4.504,252,65,Skincare,Treatments
Orchid Antioxidant Beauty Face Oil - For Combination Skin,Herbivore,4.3527,241,74,Skincare,Moisturizers
Pink Cloud Soft Moisture Cream,Herbivore,3.786,229,46,Skincare,Moisturizers
Aquarius Pore Purifying BHA Cream,Herbivore,4.287,216,46,Skincare,Moisturizers
CLOUD JELLY Plumping Hydration Serum,Herbivore,4.3876,209,50,Skincare,Treatments
Super Nova 5% THD Vitamin C + Caffeine Brightening Eye Cream,Herbivore,4.6207,174,48,Skincare,Eye Care
Prism AHA + BHA Exfoliating Glow Serum,Herbivore,3.9532,171,54,Skincare,Treatments
Coconut Milk Bath Soak,Herbivore,3.5497,151,22,Skincare,Wellness
Moon Dew 1% Bakuchiol + Peptides Retinol Alternative Eye Cream,Herbivore,4.2297,148,48,Skincare,Eye Care
Moon Fruit 1% Bakuchiol + Peptides Retinol Alternative Serum,Herbivore,4.5135,111,62,Skincare,Treatments
Coco Rose Soft Glow Body Oil,Herbivore,4.25,12,38,Bath & Body,Body Moisturizers
Rose Quartz Gua Sha,Herbivore,3.8971,68,25,Skincare,Wellness
Rose Hibiscus Hydrating Mist,Herbivore,4.0588,68,36,Skincare,Moisturizers
Rose Quartz Facial Roller,Herbivore,3.0952,63,40,Skincare,Wellness
Aquarius BHA + Blue Tansy Clarity Cleanser,Herbivore,5,15,26,Skincare,Cleansers
Skin in the Clouds Set,Herbivore,4.1429,14,32,Skincare,Value & Gift Sets
Moon Fruit Retinol Alternative Sleep Mask,Herbivore,3.4167,12,54,Skincare,Masks
Waves of Clarity Skincare Set,Herbivore,4.5,6,32,Skincare,Value & Gift Sets
Dirty Vanilla Eau de Parfum Travel Spray,HERETIC,3.1,30,65,Fragrance,Women
Dirty Coconut Eau de Parfum Travel Spray,HERETIC,3.3438,32,65,Fragrance,Women
Dirty Vanilla Eau de Parfum,HERETIC,3.1364,22,165,Fragrance,Women
Dirty Coconut Eau de Parfum,HERETIC,3.3438,32,165,Fragrance,Women
Bergamusk Eau de Parfum Travel Spray,HERETIC,3.8,5,65,Fragrance,Women
Dirty Hinoki Eau de Parfum Travel Spray,HERETIC,3.75,4,65,Fragrance,Women
Dirty Hinoki Eau de Parfum,HERETIC,5,2,165,Fragrance,Women
Bergamusk Eau de Parfum,HERETIC,4.6667,3,165,Fragrance,Women
Mini Fragrance Discovery Set,HERMÈS,4.4063,32,60,Fragrance,Value & Gift Sets
Mini Jardin Fragrance Discovery Set,HERMÈS,4.125,48,60,Fragrance,Value & Gift Sets
Twilly d'Hermès Eau de Parfum,HERMÈS,4.1213,272,147,Fragrance,Women
Un Jardin sur le Nil Eau de Toilette,HERMÈS,4.5333,165,149,Fragrance,Women
Un Jardin sur le Toit Eau de Toilette,HERMÈS,4.6075,107,149,Fragrance,Women
Eau des Merveilles,HERMÈS,4.4412,102,166,Fragrance,Women
Terre d’Hermès Eau de Toilette,HERMÈS,4.3507,288,132,Fragrance,Men
Le Jardin de Monsieur Li Eau de Toilette,HERMÈS,4.4468,94,149,Fragrance,Women
Hermès Twilly d'Hermès Eau Poivrée,HERMÈS,4.1667,36,92,Fragrance,Women
Eau des Merveilles Bleue Eau de Toilette,HERMÈS,4.5111,45,122,Fragrance,Women
Twilly Eau Ginger Eau de Parfum,HERMÈS,4.6577,222,120,Fragrance,Women
Un Jardin sur la Lagune Eau de Toilette,HERMÈS,4.2683,41,112,Fragrance,Women
Terre d’Hermès Pure Perfume,HERMÈS,4.0893,112,156,Fragrance,Men
Twilly Eau Ginger Eau de Parfum Travel Size,HERMÈS,3.3125,16,40,Fragrance,Women
Eau de Rhubarbe Écarlate Eau de Cologne,HERMÈS,4.5135,37,141,Fragrance,Women
Twilly d'Hermès Eau de Parfum Travel Spray,HERMÈS,4.1667,6,40,Fragrance,Women
Voyage d’Hermès Eau de Toilette,HERMÈS,4.8378,37,114,Fragrance,Women
Eau d’orange verte,HERMÈS,4.3684,19,152,Fragrance,Women
H24 Eau de Toilette,HERMÈS,4.6512,215,116,Fragrance,Men
Eau de pamplemousse rose,HERMÈS,4.2,15,141,Fragrance,Women
Elixir des Merveilles Eau de Parfum Spray,HERMÈS,4.4167,12,181,Fragrance,Women
Terre d’Hermès Deodorant Stick,HERMÈS,4.1111,9,47,Bath & Body,Body Care
Terre d'Hermes Eau Intense Vétiver Eau de Parfum,HERMÈS,4.0625,16,108,Fragrance,Men
Eau de citron noir Eau de Cologne,HERMÈS,4.5556,9,104,Fragrance,Women
Eau de mandarine ambrée Eau de Cologne,HERMÈS,4.1667,6,141,Fragrance,Women
Voyage d'Hermès Pure Perfume,HERMÈS,4.4286,7,123,Fragrance,Women
Terre d'Hermès Eau Givrée Eau de Parfum,HERMÈS,4.2955,44,108,Fragrance,Men
Eau de néroli doré Eau de Cologne,HERMÈS,4.3,10,141,Fragrance,Women
H24 Eau de Parfum,HERMÈS,4.2752,149,148,Fragrance,Women
Twilly d’Hermès Body Shower Cream,HERMÈS,3,1,62,Bath & Body,Bath & Shower
H24 Eau de Toilette Set,HERMÈS,5,1,107,Fragrance,Value & Gift Sets
Vanish Seamless Finish Foundation Stick,Hourglass,4.0118,6534,49,Makeup,Face
Ambient Lighting Powder,Hourglass,4.3081,3161,54,Makeup,Face
Ambient Lighting Blush Collection,Hourglass,4.519,2127,45,Makeup,Cheek
Veil Mineral Primer,Hourglass,4.2905,6444,58,Makeup,Face
Vanish Airbrush Concealer,Hourglass,4.2742,1426,36,Makeup,Face
Ambient Lighting Palette,Hourglass,4.3443,1853,69,Makeup,Face
Ambient Lighting Bronzer,Hourglass,4.5295,897,58,Makeup,Cheek
Phantom Volumizing Glossy Balm,Hourglass,4.4236,229,36,Makeup,Lip
Scattered Light Glitter Eye Shadow,Hourglass,4.5427,422,30,Makeup,Eye
Veil Translucent Setting Powder - Talc Free,Hourglass,4.5108,1901,49,Makeup,Face
Confession Ultra Slim High Intensity Refillable Lipstick,Hourglass,4.4524,798,39,Makeup,Lip
Mini Vanish Airbrush Concealer,Hourglass,3.6066,122,18,Makeup,Mini Size
Mini Ambient Lighting Blush,Hourglass,4.4565,276,28,Mini Size,Makeup
Immaculate Liquid Powder Foundation Mattifying Oil Free,Hourglass,3.9696,3591,60,Makeup,Face
Mini Veil Translucent Setting Powder - Talc Free,Hourglass,4.1199,267,24,Mini Size,Makeup
Ambient Soft Glow Foundation,Hourglass,4.3736,439,58,Makeup,Face
Caution Extreme Lash Mascara,Hourglass,4.0747,2703,32,Makeup,Eye
Mini Ambient Lighting Powder,Hourglass,4.086,314,28,Mini Size,Makeup
Unreal High Shine Volumizing Lip Gloss,Hourglass,4.3037,214,32,Makeup,Lip
Vanish Foundation Brush,Hourglass,4.6673,1623,47,Makeup,Brushes & Applicators
Ambient Strobe Lighting Powder,Hourglass,4.0659,364,45,Makeup,Face
Arch Brow Sculpting Pencil,Hourglass,4.4352,988,37,Makeup,Eye
Veil Powder Brush,Hourglass,4.8267,404,65,Makeup,Brushes & Applicators
Vanish Flash Highlighting Stick,Hourglass,4.5407,627,46,Makeup,Face
Mini Veil Mineral Primer,Hourglass,4.2905,6444,24,Mini Size,Makeup
Illusion Hyaluronic Skin Tint,Hourglass,4.1788,1941,56,Makeup,Face
Unlocked Instant Extensions Lengthening Mascara,Hourglass,4.2225,1375,32,Makeup,Eye
Mini Ambient Lighting Bronzer,Hourglass,4.1159,233,30,Mini Size,Makeup
N° 28 Primer Serum,Hourglass,4.3622,704,65,Makeup,Face
Vanish Airbrush Primer,Hourglass,4.6392,291,58,Makeup,Face
N° 28 Lip Treatment Oil,Hourglass,3.8546,399,54,Makeup,Lip
1.5MM Mechanical Gel Eye Liner,Hourglass,3.5435,955,21,Makeup,Eye
Arch Brow Volumizing Fiber Gel,Hourglass,4.5323,883,29,Makeup,Eye
Vanish Seamless Finish Concealer Brush,Hourglass,4.6957,493,39,Makeup,Brushes & Applicators
Unlocked Satin Crème Lipstick,Hourglass,4.5732,164,38,Makeup,Lip
Veil Setting Spray,Hourglass,4.3232,628,49,Makeup,Face
Confession Ultra Slim High Intensity Lipstick Refill,Hourglass,4.3774,53,24,Makeup,Lip
Curator Eyeshadow Singles,Hourglass,3.4301,93,29,Makeup,Eye
Vanish Blush Stick,Hourglass,3.6279,43,46,Makeup,Cheek
Voyeur Waterproof Gel Eyeliner,Hourglass,4.5069,144,28,Makeup,Eye
Ambient Lighting Edit Brush,Hourglass,4.1795,39,49,Makeup,Brushes & Applicators
Mini Ambient Strobe Lighting Powder,Hourglass,4.2661,2503,28,Mini Size,Makeup
Confession Refillable Lipstick Duo - Ghost,Hourglass,3.9,30,36,Makeup,Lip
Veil Retouching Fluid,Hourglass,3.9386,114,36,Makeup,Face
Velvet Story Lip Cream,Hourglass,4.0313,64,36,Makeup,Lip
Foundation/Blush Brush No. 2,Hourglass,4.3942,137,62,Makeup,Brushes & Applicators
Arch Brow Micro Sculpting Pencil,Hourglass,4.238,584,29,Makeup,Eye
Ambient Powder Brush,Hourglass,4.3825,183,40,Makeup,Brushes & Applicators
Ambient Soft Glow Foundation Brush,Hourglass,4.7419,31,47,Makeup,Brushes & Applicators
All-Over Shadow Brush,Hourglass,4.7031,64,39,Makeup,Brushes & Applicators
Crease Brush,Hourglass,4.5417,48,39,Makeup,Brushes & Applicators
Veil Eye Primer,Hourglass,4.0455,66,30,Makeup,Face
Powder Brush No. 1,Hourglass,4.5897,39,69,Makeup,Brushes & Applicators
Domed Shadow Brush,Hourglass,4.9,40,39,Makeup,Brushes & Applicators
Equilibrium Resurfacing Retinoid Treatment,Hourglass,4.8898,118,110,Skincare,Treatments
Phantom Glossy Lip Balm Duo,Hourglass,4.6,5,50,Makeup,Lip
Concealer Brush,Hourglass,4.5,18,39,Makeup,Brushes & Applicators
Double-Ended Complexion Brush,Hourglass,3.4634,41,72,Makeup,Brushes & Applicators
Smudge Brush,Hourglass,4.4615,13,39,Makeup,Brushes & Applicators
Angled Liner Brush,Hourglass,4.5333,15,34,Makeup,Brushes & Applicators
Equilibrium Instant Plumping Eye Mask,Hourglass,4.4719,89,68,Skincare,Eye Care
Vegan Face & Eye Travel Brush Set,Hourglass,3.3333,3,320,Makeup,Brushes & Applicators
Ambient Lighting Infinity Powder,Hourglass,3.6875,32,56,Makeup,Face
Large Concealer Brush #8,Hourglass,4.4545,11,40,Makeup,Brushes & Applicators
Finishing Brush No. 7,Hourglass,4.7381,84,69,Makeup,Brushes & Applicators
Retractable Kabuki Brush,Hourglass,3.9706,34,60,Makeup,Brushes & Applicators
Equilibrium Intensive Hydrating Eye Balm,Hourglass,4.5303,66,82,Skincare,Eye Care
Retractable Foundation Brush,Hourglass,4.2564,78,49,Makeup,Brushes & Applicators
Equilibrium Rebalancing Cream Cleanser,Hourglass,4.4,55,52,Skincare,Cleansers
Equilibrium Restoring Essence,Hourglass,4.7692,52,65,Skincare,Moisturizers
N° 28 Lip Treatment Oil – At Night – Lunar New Year Limited Edition,Hourglass,2.3125,16,49,Makeup,Lip
Mini N° 28 Primer Serum,Hourglass,4.4359,39,24,Mini Size,Makeup
Voyeur Waterproof Liquid Liner,Hourglass,3.4302,86,36,Makeup,Eye
Arch Brow Shaping Gel,Hourglass,4.3797,316,29,Makeup,Eye
Mini Caution Extreme Lash Mascara,Hourglass,3.435,177,15,Mini Size,Makeup
Curator Eyeshadow Palettes,Hourglass,1.6667,9,14,Makeup,Eye
Confession Ultra Slim High Intensity Refillable Lipstick - Red 0,Hourglass,4.6667,21,39,Makeup,Lip
Mini Arch Brow Micro Sculpting Pencil,Hourglass,2.4,15,17,Makeup,Eye
Equilibrium Day Fluid Sunscreen Broad Spectrum SPF 30,Hourglass,4.0625,16,86,Skincare,Sunscreen
Unlocked Satin Creme Lipstick- Red 0,Hourglass,5,15,38,Makeup,Lip
Equilibrium Intensive Hydrating Set,Hourglass,5,2,85,Mini Size,Skincare
Equilibrium Restorative Hydrating Cream,Hourglass,5,3,94,Skincare,Moisturizers
Equilibrium The Essentials Set,Hourglass,,,165,Mini Size,Skincare
Mini Unlocked Instant Extensions Mascara,Hourglass,2,1,15,Makeup,Eye
Mini Equilibrium Rebalancing Cream Cleanser,Hourglass,5,1,25,Skincare,Cleansers
Equilibrium Biomimetic Skin Active Serum,Hourglass,5,1,198,Skincare,Treatments
Mini Equilibrium Biomimetic Skin Active Serum,Hourglass,,,124,Skincare,Treatments
House of Lashes Eyelash Adhesive,House of Lashes,4.2859,969,9,Makeup,Eye
House of Lashes Iconic False Eyelashes,House of Lashes,4.6457,556,12,Makeup,Eye
Iconic False Lashes and Adhesive Set,House of Lashes,,,22,Makeup,Eye
Stuck on you Lash Adhesive Value Set,House of Lashes,3.25,4,14,Makeup,Eye
Easy Bake Loose Baking & Setting Powder,HUDA BEAUTY,4.2632,1493,38,Makeup,Face
The New Nude Eyeshadow Palette,HUDA BEAUTY,4.4682,1980,65,Makeup,Eye
Nude Obsessions Eyeshadow Palette,HUDA BEAUTY,4.0894,884,32,Makeup,Eye
Power Bullet Matte Lipstick,HUDA BEAUTY,4.1942,1514,27,Makeup,Lip
Classic False Lashes,HUDA BEAUTY,3.8187,899,18,Makeup,Eye
Matte & Metal Melted Double Ended Liquid Eyeshadows,HUDA BEAUTY,4.0065,1223,25,Makeup,Eye
Mini Easy Bake Loose Baking & Setting Powder,HUDA BEAUTY,3.9007,141,22,Makeup,Mini Size
Power Bullet Matte Lipstick - Throwback Collection,HUDA BEAUTY,4.0792,265,27,Makeup,Lip
Lip Contour 2.0 Automatic Matte Lip Pencil,HUDA BEAUTY,4.417,223,21,Makeup,Lip
#FauxFilter Luminous Matte Buildable Coverage Crease Proof Concealer,HUDA BEAUTY,4.688,3596,31,Makeup,Face
Rose Gold REMASTERED Eyeshadow Palette,HUDA BEAUTY,3.8943,577,65,Makeup,Eye
#FauxFilter Skin Finish Buildable Coverage Foundation Stick,HUDA BEAUTY,4.4724,1124,39,Makeup,Face
Liquid Matte Ultra-Comfort Transfer-proof Lipstick,HUDA BEAUTY,4.1166,343,23,Makeup,Lip
Naughty Nude Eyeshadow Palette,HUDA BEAUTY,4.5266,357,69,Makeup,Eye
Tantour Contour & Bronzer Cream,HUDA BEAUTY,4.2211,484,30,Makeup,Face
Demi Matte Cream Liquid Lipstick,HUDA BEAUTY,4,423,20,Makeup,Lip
Pastel Obsessions Eyeshadow Palette,HUDA BEAUTY,3.4247,259,32,Makeup,Eye
#FauxFilter Luminous Matte Foundation,HUDA BEAUTY,3.6861,959,42,Makeup,Face
Haze Obsessions Eyeshadow Palette,HUDA BEAUTY,3.4451,164,32,Makeup,Eye
Power Bullet Cream Glow Hydrating Lipstick,HUDA BEAUTY,4.0579,242,27,Makeup,Lip
Rose Quartz Eyeshadow Palette,HUDA BEAUTY,4.3853,218,69,Makeup,Eye
Faux Mink Lash Collection,HUDA BEAUTY,3.8786,313,23,Makeup,Eye
Empowered Eyeshadow Palette,HUDA BEAUTY,4.7251,171,69,Makeup,Eye
GloWish Soft Radiance Vegan Bronzing Powder,HUDA BEAUTY,4.6631,463,31,Makeup,Cheek
LEGIT LASHES Double-Ended Volumizing and Lengthening Mascara,HUDA BEAUTY,3.8657,2078,31,Makeup,Eye
GloWish Multidew Vegan Skin Tint Foundation,HUDA BEAUTY,4.2813,768,37,Makeup,Face
Tantour Face Contouring Sculpt & Shade Brush,HUDA BEAUTY,4.4605,76,28,Makeup,Brushes & Applicators
Cheeky Tint Cream Blush Stick,HUDA BEAUTY,4.5291,189,25,Makeup,Cheek
N.Y.M.P.H. Not Your Mama’s Panty Hose All Over Body Highlighter,HUDA BEAUTY,2.8625,429,49,Makeup,Face
#BombBrows Microshade Brow Pencil,HUDA BEAUTY,3.8759,814,17,Makeup,Eye
Silk Balm Hydrating and Nourishing Lip Balm,HUDA BEAUTY,4.1079,315,21,Makeup,Lip
Resting Boss Face Waterproof Setting Spray,HUDA BEAUTY,3.1331,1322,33,Makeup,Face
GloWish Cheeky Vegan Soft Glow Powder Blush,HUDA BEAUTY,4.0533,75,21,Makeup,Cheek
Wild Obsessions Eyeshadow Palette,HUDA BEAUTY,4.3,60,32,Mini Size,Makeup
GloWish Lightweight Blurring Pressed Powder,HUDA BEAUTY,3.5852,135,33,Makeup,Face
Glowish Blur Jam Silicone Free Smoothing Primer,HUDA BEAUTY,4.5054,186,33,Makeup,Face
Easy Lash Collection,HUDA BEAUTY,3.7339,109,18,Makeup,Eye
Water Jelly Hydrating Face Primer,HUDA BEAUTY,4.2716,162,33,Makeup,Face
Bombshell Lip Trio Set,HUDA BEAUTY,4.4211,19,25,Makeup,Lip
Build and Buff Double Ended Foundation Brush,HUDA BEAUTY,3.6591,44,33,Makeup,Brushes & Applicators
Color Block Obsessions Eyeshadow Palette,HUDA BEAUTY,4.6029,136,32,Mini Size,Makeup
Quick ’N Easy Precision Liquid Liner,HUDA BEAUTY,3.6888,376,21,Makeup,Eye
Basic B Sponge,HUDA BEAUTY,4.2034,59,17,Makeup,Brushes & Applicators
Lovefest Obsessions Eyeshadow Palette,HUDA BEAUTY,4.2,10,32,Makeup,Eye
Mini LEGIT LASHES Double-Ended Volumizing and Lengthening Mascara,HUDA BEAUTY,3.5405,37,17,Mini Size,Makeup
Matte Obsessions Eyeshadow Palette,HUDA BEAUTY,4.8683,205,32,Makeup,Eye
Silk Balm Icy Cryo-Plumping Lip Balm,HUDA BEAUTY,3.4545,22,25,Makeup,Lip
Glow Coco Hydrating Mist,HUDA BEAUTY,4.2143,28,35,Makeup,Face
#BombBrows Full ’n Fluffy Volumizing Fiber Gel,HUDA BEAUTY,3.8649,37,19,Makeup,Eye
Face & Cheek Blush Brush,HUDA BEAUTY,3.3529,17,27,Makeup,Brushes & Applicators
GloWish All Over Bronze Brush,HUDA BEAUTY,4.5152,33,27,Makeup,Brushes & Applicators
Face/Conceal & Blend Complexion Brush,HUDA BEAUTY,4.4444,9,25,Makeup,Brushes & Applicators
GloWish Airbrush Finish Skin Tint Brush,HUDA BEAUTY,4.2778,36,31,Makeup,Brushes & Applicators
Silk Balm Honey Kiss Lip Balm,HUDA BEAUTY,3.7143,21,21,Makeup,Lip
Waterproof Lash Glue,HUDA BEAUTY,3.5385,13,15,Makeup,Eye
Silk Balm Spicy Thermo-Plumping Lip Balm,HUDA BEAUTY,2.2222,9,25,Makeup,Lip
Creamy Kohl Longwear Eye Pencil,HUDA BEAUTY,4.8688,1395,21,Makeup,Eye
GloWish Face | All Over Powder Brush,HUDA BEAUTY,,,31,Tools & Brushes,Brushes & Applicators
Mini GloWish Soft Radiance Vegan Bronzing Powder,HUDA BEAUTY,3.4583,24,17,Mini Size,Makeup
Hair Sweet Hair - Hair Growth Vegan Gummies with Biotin and Folic Acid,HUM Nutrition,3.9264,516,26,Hair,Hair Styling & Treatments
Skin Squad Pre + ProbioticSupplement for Acne-Prone Skin,HUM Nutrition,4.1152,660,40,Skincare,Wellness
Daily Cleanse Clear Skin and Body Detox Supplement,HUM Nutrition,4.0535,617,26,Skincare,Wellness
Flatter Me Digestive Enzyme Supplement,HUM Nutrition,4.2643,401,26,Skincare,Wellness
Mini Flatter Me Digestive Enzyme Supplement,HUM Nutrition,4.2643,401,15,Skincare,Wellness
Red Carpet Skin and Hair Health Supplement,HUM Nutrition,4.0163,123,26,Hair,Hair Styling & Treatments
Private Party: Supports Vaginal & Urinary Tract Health,HUM Nutrition,4.6727,278,26,Skincare,Wellness
Raw Beauty Skin & Energy Green Superfood Powder,HUM Nutrition,4.1903,247,39,Skincare,Wellness
"Runway Ready Skin, Hair & Nail Repair Kit",HUM Nutrition,4.3085,94,36,Hair,Hair Styling & Treatments
Collagen POP + Vitamin C Dissolvable Tablets,HUM Nutrition,4.3455,220,12,Skincare,Wellness
Beauty zzZz Sleep Support Supplement with Melatonin,HUM Nutrition,4.1542,214,10,Skincare,Wellness
Killer Nails Hair & Nail Strength Supplement with Biotin,HUM Nutrition,4.5079,63,20,Makeup,Nail
Glow Sweet Glow - Skin Hydration Vegan Gummies with Hyaluronic Acid & Vitamin C + E,HUM Nutrition,4.107,187,26,Skincare,Wellness
PRO ACV Healthy Gut Vegan Gummies with 100% Organic Apple Cider Vinegar and Probiotics,HUM Nutrition,4.6607,168,26,Skincare,Wellness
Collagen Love Skin Firming Supplement with Hyaluronic Acid & Vitamin C,HUM Nutrition,4.4074,135,40,Skincare,Wellness
Calm Sweet Calm Stress Management Vegan Gummies with Ashwagandha & L-Theanine,HUM Nutrition,4.2056,107,30,Skincare,Wellness
"Mighty Night Overnight Renewal Supplement with Ceramides, CoQ10, & Ferulic Acid",HUM Nutrition,4.5285,246,40,Bath & Body,Beauty Supplements
Counter Cravings - Helps Reduce Cravings and Boosts Metabolism,HUM Nutrition,4.4,90,50,Skincare,Wellness
Boost Sweet Boost - Vegan Gummies for Immune Support,HUM Nutrition,4.8636,88,26,Skincare,Wellness
Fan Club - multi-symptom menopause support,HUM Nutrition,4.8171,82,40,Skincare,Wellness
Moody Bird PMS Support Supplement,HUM Nutrition,4.2222,81,26,Skincare,Wellness
Womb Service - OBGYN Formulated Prenatal Support Supplement,HUM Nutrition,4.8148,81,45,Skincare,Wellness
Big ChillAdaptogenStress Management Supplement,HUM Nutrition,4.2609,69,25,Skincare,Wellness
OMG! Omega The Great Fish Oil Supplement,HUM Nutrition,4.3077,65,30,Skincare,Wellness
Uber Energy Adrenal Fatigue and Adaptogen Supplement,HUM Nutrition,3.5385,65,26,Skincare,Wellness
Wing Man Liver Detox and Dark Circle Supplement,HUM Nutrition,3.8254,63,26,Skincare,Wellness
Here Comes The Sun Vitamin D Immune System Support Supplement,HUM Nutrition,4.6444,45,12,Skincare,Wellness
Turn Back Time Turmeric Supplement for UV Damage,HUM Nutrition,4.0435,23,40,Skincare,Wellness
Arctic Repair Fine Lines and Wrinkles Supplement,HUM Nutrition,3.7778,18,60,Skincare,Wellness
Brightening Dark Spot Vitamin C Serum,Hyper Skin,4.5664,143,58,Skincare,Treatments
Gentle Brightening Gel Cleanser with Mandelic Acid,Hyper Skin,4.701,97,28,Skincare,Cleansers
Fade and Glow AHA Mask,Hyper Skin,4.4762,63,48,Skincare,Masks
Hyper Even Daily Duo Kit for Hyperpigmentation,Hyper Skin,4.6667,15,39,Skincare,Value & Gift Sets
Mini Brightening Dark Spot Vitamin C Serum,Hyper Skin,3.1429,14,36,Skincare,Mini Size
Illuminator Liquid Highlight,Iconic London,4.4943,87,40,Makeup,Face
Sheer Cream Blush,Iconic London,4.1507,73,27,Makeup,Cheek
Glaze Dual Ended Eyeshadow Crayon,Iconic London,4.3038,79,30,Makeup,Eye
Radiance Complexion Booster,Iconic London,4.5479,73,39,Makeup,Face
Prep Set Glow Hydrating Spray,Iconic London,3.9515,103,29,Makeup,Face
Super Smoother Blurring Skin Tint,Iconic London,4.3699,73,32,Makeup,Face
Underglow Blurring Primer,Iconic London,4.2143,56,29,Makeup,Face
Lustre Lip Oil,Iconic London,4.6364,99,26,Makeup,Lip
Mini Prep Set Glow Hydrating Spray,Iconic London,3.9643,28,15,Makeup,Face
Sheer Bronze Liquid Bronzer,Iconic London,3.566,106,27,Makeup,Cheek
Silk Glow Blush and Highlight Duo,Iconic London,4.2273,44,39,Makeup,Cheek
Mini Glow Icons Highlighter Set,Iconic London,3.2857,14,27,Mini Size,Makeup
Precision Duo Contour Pot,Iconic London,3.8273,220,29,Makeup,Face
Lip Plumping Gloss,Iconic London,3.4615,26,26,Makeup,Lip
Rollaway Glow Highlighter,Iconic London,4.4286,7,29,Makeup,Face
Liquid Brow Silk Max Hold Gel,Iconic London,4.2439,41,24,Makeup,Eye
Prep Set Tan Tanning Mist with Hyaluronic Acid,Iconic London,4.2703,37,29,Skincare,Self Tanners
Prep Set Tan Face and Body Brush,Iconic London,4.8214,28,25,Skincare,Self Tanners
Tint and Texture Brow Gel,Iconic London,4.5806,31,26,Makeup,Eye
First Class Charcoal Detox Dry Shampoo,IGK,4.2049,820,32,Hair,Hair Styling & Treatments
MISTRESS Hydrating Leave-In Conditioner Hair Balm,IGK,4.2738,683,29,Hair,Hair Styling & Treatments
Beach Club Volume Texture Spray,IGK,4.3101,703,34,Hair,Hair Styling & Treatments
Good Behavior Spirulina Protein Anti-Frizz Smoothing Spray,IGK,4.2097,515,34,Hair,Hair Styling & Treatments
Mixed Feelings Purple Leave-In Blonde Toning Drops,IGK,4.3454,414,29,Hair,Shop by Concern
Antisocial Leave-In Dry Hair Mask,IGK,4.2305,321,34,Hair,Hair Styling & Treatments
RICH KID Coconut Oil Air-Dry Styling Cream,IGK,4.1784,970,29,Hair,Hair Styling & Treatments
Good Behavior 4-in-1 Prep Spray,IGK,4.5455,506,32,Hair,Hair Styling & Treatments
EXPENSIVE Hi-Shine Gloss Treatment,IGK,4.2366,224,32,Hair,Hair Styling & Treatments
THIRSTY GIRL Coconut Milk Anti-Frizz Leave-in Conditioner,IGK,3.9936,156,32,Hair,Hair Styling & Treatments
Crybaby Anti-Frizz Smoothing Serum,IGK,4.1392,194,32,Hair,Hair Styling & Treatments
Mini Beach ClubVolume Texture Spray,IGK,4.1772,79,16,Mini Size,Hair
Mini First Class Charcoal Detox Dry Shampoo,IGK,3.9448,163,16,Mini Size,Hair
Mini Rich Kid Coconut Oil Gel,IGK,4.0845,71,16,Mini Size,Hair
Mini Mistress Hydrating Hair Balm,IGK,4.137,73,16,Mini Size,Hair
Good Behavior Spirulina Protein Anti-Frizz Smoothing  Balm,IGK,4.619,273,34,Hair,Hair Styling & Treatments
Offline 3-Minute Hydration Hair Mask,IGK,4.3322,283,38,Hair,Hair Styling & Treatments
Jet Lag Invisible Dry Shampoo,IGK,3.8091,110,32,Hair,Hair Styling & Treatments
Hot Girls Hydrating Conditioner,IGK,4.2713,129,27,Hair,Shampoo & Conditioner
Hot Girls Hydrating Shampoo,IGK,3.7611,113,27,Hair,Shampoo & Conditioner
Mixed Feelings Leave-In Brunette Toning Drops,IGK,3.381,42,29,Hair,Hair Styling & Treatments
No Limit Dry Volume and Thickening Spray,IGK,4.1525,59,32,Hair,Hair Styling & Treatments
Direct Flight Multi-Tasking Dry Shampoo,IGK,3.2,95,32,Hair,Hair Styling & Treatments
Next Level Nordic Cotton Volumizing Mist,IGK,2.9649,57,28,Hair,Hair Styling & Treatments
Bad & Bougie Amla Oil Deep Repair Shampoo,IGK,3.4878,41,27,Hair,Shampoo & Conditioner
Mini Good Behavior Spirulina Protein Anti-Frizz Smoothing Spray,IGK,3,2,16,Hair,Hair Styling & Treatments
Bad & Bougie Amla Oil Deep Repair Conditioner,IGK,3.5429,35,27,Hair,Shampoo & Conditioner
1-800-Hold-Me No-Crunch Flexible Hold Hairspray,IGK,3.8182,22,29,Hair,Hair Styling & Treatments
Thirsty Girl Coconut Milk Anti-Frizz Conditioner,IGK,3.85,20,27,Hair,Shampoo & Conditioner
Thirsty Girl Coconut Milk Anti-Frizz Shampoo,IGK,2.9333,15,27,Hair,Shampoo & Conditioner
Mini Direct Flight Multi-Tasking Dry Shampoo,IGK,3.2222,18,16,Mini Size,Hair
Legendary Shampoo,IGK,4.3007,276,32,Hair,Shampoo & Conditioner
Big Time Volumizing Mousse,IGK,4.0606,33,32,Hair,Hair Styling & Treatments
First Class Weightless Replenishing Conditioner,IGK,4.4562,217,29,Hair,Shampoo & Conditioner
Extra Love Volume Shampoo,IGK,4.4444,72,32,Hair,Shampoo & Conditioner
Legendary Conditioner,IGK,4.3511,262,32,Hair,Shampoo & Conditioner
Summer Blonde Essentials Purple Blonde Toning Drops + Leave-In Conditioner,IGK,4.6,10,25,Hair,Hair Styling & Treatments
L.A. Blonde Purple Toning Leave-In Treatment Spray,IGK,4.2,175,29,Hair,Hair Styling & Treatments
Best Life Hair Oil,IGK,2.75,4,32,Hair,Hair Styling & Treatments
Extra Love Volume Conditioner,IGK,4.3519,54,32,Hair,Shampoo & Conditioner
Blonde POP Purple Toning Shampoo,IGK,4.4012,172,32,Hair,Shampoo & Conditioner
Blonde POP Purple Toning Conditioner,IGK,4.2604,169,32,Hair,Shampoo & Conditioner
Super Serum Skin Tint SPF 40 Foundation,ILIA,3.6762,3675,48,Makeup,Face
Limitless Lash Lengthening Clean Mascara,ILIA,4.2482,3288,28,Makeup,Eye
Multi-Stick Cream Blush + Highlighter + Lip Tint,ILIA,4.1992,1255,36,Makeup,Cheek
True Skin Medium Coverage Serum Foundation with Niacinamide,ILIA,4.332,765,54,Makeup,Face
Balmy Tint Hydrating Lip Balm,ILIA,4.546,641,28,Makeup,Lip
Mini Limitless Lash Lengthening Mascara,ILIA,4.1158,1598,13,Makeup,Eye
Liquid Powder Eye Shadow Tint,ILIA,4.1354,901,28,Makeup,Eye
True Skin Serum Concealer with Vitamin C,ILIA,4.1369,1322,32,Makeup,Face
Balmy Gloss Tinted Lip Oil,ILIA,4.4623,478,26,Makeup,Lip
The Necessary Eyeshadow Palette,ILIA,4.4141,128,40,Makeup,Eye
Color Haze Multi-Use Pigment,ILIA,4.0541,185,32,Makeup,Cheek
Color Block High Impact Lipstick,ILIA,4.5108,139,28,Makeup,Lip
Tinted Lip Conditioner,ILIA,4,224,28,Makeup,Lip
NightLite Bronzer Powder,ILIA,4.2248,129,34,Makeup,Cheek
Soft Focus Finishing Powder,ILIA,4.347,438,36,Makeup,Face
C Beyond Triple Serum SPF 40 Mineral Sunscreen with Vitamin C 10% + Niacinamide,ILIA,3.6609,634,64,Skincare,Sunscreen
Fullest Volumizing Mascara,ILIA,3.6954,732,28,Makeup,Eye
Lip Wrap Overnight Treatment,ILIA,4.3316,1152,26,Makeup,Lip
Liquid Light Serum Highlighter,ILIA,4.1716,402,42,Makeup,Face
Lip Wrap Reviving Balm,ILIA,4.3884,484,24,Makeup,Lip
Bright Start Retinol Alternative Brightening Eye Cream,ILIA,4.4004,457,46,Skincare,Eye Care
True Skin Radiant Priming Serum,ILIA,4.3396,1007,52,Makeup,Face
Illuminator,ILIA,3.9444,54,36,Makeup,Face
Mini Fullest Volumizing Mascara,ILIA,3.3514,222,13,Makeup,Mini Size
Clean Line Liquid Eyeliner,ILIA,3.9856,418,28,Makeup,Eye
Blue Light Protect + Set Mist,ILIA,4.0498,1005,38,Makeup,Face
Clean Line Gel Eyeliner,ILIA,3.4744,78,26,Makeup,Eye
Mini Blue Light Protect + Set Mist,ILIA,3.3448,87,18,Makeup,Mini Size
DayLite Highlighter Powder,ILIA,4.1951,41,34,Makeup,Face
Essential Brow Natural Volumizing Brow Gel,ILIA,2.6232,69,26,Makeup,Eye
Natural Brightening Eye Primer,ILIA,3.2222,63,24,Makeup,Eye
Touch Home Permanent Hair Removal Device,iluminage,3.67,100,449,Skincare,High Tech Tools
Jelly Shot,INC.redible,2.5202,248,10,Makeup,Lip
Roller Baby Lip Gloss,INC.redible,2.9961,256,10,Makeup,Lip
You Glow Girl Iridescent Jelly,INC.redible,3.8776,147,12,Makeup,Face
Jammy Lips Sheer Lacquer Lip Tint,INC.redible,4.2198,91,12,Makeup,Lip
In A Dream World Iridescent Sheer Gloss,INC.redible,4.1429,28,13,Makeup,Lip
Cosmic Blur Set,INC.redible,4.1837,49,15,Makeup,Value & Gift Sets
Just Kinda Bliss Hemp Hydration Lip Jelly,INC.redible,4.1071,140,10,Makeup,Lip
Crystal Ball Roller Gloss,INC.redible,4.3839,112,12,Skincare,Wellness
Party Recharge Hydrating Hyaluronic Under Eye Masks,INC.redible,3.6842,76,20,Skincare,Eye Care
Listen Hard Girl Neon Lip Paint,INC.redible,3.4848,33,10,Makeup,Lip
Jelly Shot Heart Lip Quencher,INC.redible,3.6667,24,10,Makeup,Lip
You Glow Girl Body Blur,INC.redible,3.3846,13,15,Bath & Body,Body Moisturizers
Party Recharge Cryo Me Crazy Under-eye Masks,INC.redible,4.5556,18,20,Skincare,Eye Care
Hydrating Boob and Bum Sheet Mask Duo,INC.redible,4.0833,12,15,Skincare,Masks
Hypno Highlight Creamy Shimmer Strobe,INC.redible,2,5,10,Makeup,Face
Need A Spa Day Set,INC.redible,,,25,Bath & Body,Value & Gift Sets
Slushy Serum Moisturizer Crush Infused with Bakuchiol,iNNBEAUTY PROJECT,4.6047,387,30,Skincare,Treatments
Green Machine Vitamin C + Green Superfoods Jelly Serum,iNNBEAUTY PROJECT,4.4043,376,34,Skincare,Treatments
10 + 10 Moisturizer with 10% Vitamin C + 10% Peptide Complex + Ceramides,iNNBEAUTY PROJECT,4.5646,294,35,Skincare,Moisturizers
Pimple Paste Overnight Blemish Drying Paste,iNNBEAUTY PROJECT,4.1673,251,17,Skincare,Treatments
Retinol Remix 1% Retinol Treatment With Peptide & Tranexamic Acid,iNNBEAUTY PROJECT,4.7545,224,48,Skincare,Treatments
Glaze Lip Oil,iNNBEAUTY PROJECT,4.4293,205,17,Skincare,Lip Balms & Treatments
Face Glaze Skin Barrier Protect & Glow Moisturizer,iNNBEAUTY PROJECT,4.6237,194,25,Skincare,Moisturizers
Bright & Tight Dark Circle Firming Eye Cream with Vitamin C & Peptides,iNNBEAUTY PROJECT,4.4176,182,34,Skincare,Eye Care
Keep It Clean Hydrating Gel Cleanser with Ceramides & 10 Amino Acids,iNNBEAUTY PROJECT,4.5226,155,26,Skincare,Cleansers
Down to Tone Resurfacing Acid Toner,iNNBEAUTY PROJECT,4.3607,122,28,Skincare,Cleansers
Next Level Moisturizer,iNNBEAUTY PROJECT,4.4946,93,24,Skincare,Moisturizers
The Healthy Skin Edit Bestsellers Kit,iNNBEAUTY PROJECT,4.7849,93,36,Skincare,Value & Gift Sets
Foam Around Clarifying Daily Cleanser Infused with Glycolic Acid,iNNBEAUTY PROJECT,4.3908,87,22,Skincare,Cleansers
Refine AHA + BHA Texture & Pore Serum,iNNBEAUTY PROJECT,4.7895,57,38,Skincare,Treatments
GREEN MACHINE insta-glo resurfacing acid mask,iNNBEAUTY PROJECT,4.6531,49,30,Skincare,Masks
Daily UV Defense Invisible Broad Spectrum SPF 36 Sunscreen,innisfree,4.5393,1452,16,Skincare,Sunscreen
Volcanic AHA Pore Clearing Clay Mask,innisfree,4.6149,1197,16,Skincare,Masks
Green Tea Hyaluronic Acid Hydrating Moisturizer,innisfree,4.7299,411,29,Skincare,Moisturizers
Green Tea Hyaluronic Acid Hydrating Serum,innisfree,4.5836,365,30,Skincare,Treatments
Dewy Glow Moisturizer with Cherry Blossom & Niacinamide,innisfree,4.3745,267,26,Skincare,Moisturizers
Volcanic Clusters Pore Clearing Toner,innisfree,4.5664,143,22,Skincare,Cleansers
Pore Clearing Matte Moisturizer with Volcanic Clusters,innisfree,4.5392,102,24,Skincare,Moisturizers
Clarifying Spot Serum with Bija Seed Oil,innisfree,4.5347,101,18,Skincare,Treatments
Dewy Glow Jam Cleanser with Jeju Cherry Blossom,innisfree,4.3095,42,13,Skincare,Cleansers
Clarifying Cleansing Foam with Bija Seed Oil,innisfree,4.2162,37,12,Skincare,Cleansers
Green Tea Hyaluronic Acid Face Cleanser,innisfree,4.0385,26,12,Skincare,Cleansers
Hydration Heroes Green Tea Skincare Routine Set,innisfree,3.7059,17,39,Skincare,Value & Gift Sets
Green Tea Hyaluronic Acid Hydrating Toner,innisfree,4.5714,14,22,Skincare,Cleansers
Green Tea Hydrating Cleansing Oil,innisfree,4.3077,13,24,Skincare,Cleansers
Green Tea Hyaluronic Acid Hydrating Eye Serum,innisfree,3.8,10,22,Skincare,Eye Care
Volcanic Pore Clearing Facial Cleanser with AHA + BHA,innisfree,4.4444,9,14,Skincare,Cleansers
Green Tea Hyaluronic Acid Hydrating Eye Cream,innisfree,3.5,4,26,Skincare,Eye Care
Hydrate + Purify Mini Bestsellers Discovery Skincare Set,innisfree,3.25,4,18,Skincare,Value & Gift Sets
Self Tanning Bronzing Face Drops,Isle of Paradise,3.9547,2849,32,Skincare,Self Tanners
Self-Tanning Water,Isle of Paradise,3.712,1073,32,Skincare,Self Tanners
Even Skin Tone Self-Tanning Body Butter,Isle of Paradise,3.7379,557,28,Skincare,Self Tanners
"Glow Clear, Color Correcting Self-Tanning Mousse",Isle of Paradise,3.4289,394,32,Skincare,Self Tanners
Self-Tanning Oil Mist,Isle of Paradise,4.3937,320,32,Skincare,Self Tanners
Own Your Glow Kit,Isle of Paradise,3.7714,280,35,Skincare,Value & Gift Sets
Express Ultra Dark Mousse,Isle of Paradise,3.7833,120,32,Skincare,Self Tanners
Mini Self Tanning Bronzing Face Drops,Isle of Paradise,3.9593,123,15,Bath & Body,Self Tanners
Pro Glow Spray Tan Kit,Isle of Paradise,4.0946,74,30,Skincare,Value & Gift Sets
Night Glow Self-Tan Face Mist,Isle of Paradise,3.7606,71,24,Skincare,Self Tanners
Day Dew Self-Tan Face Mist,Isle of Paradise,4.1887,53,24,Skincare,Self Tanners
Self-Tanning Water Refill,Isle of Paradise,3.619,42,24,Skincare,Self Tanners
Blending Brush,Isle of Paradise,4.8056,36,24,Skincare,Self Tanners
Prep It Self-Tan Priming Spray,Isle of Paradise,4.0313,32,24,Skincare,Self Tanners
Blend It Multi-Purpose Self-Tan Blender,Isle of Paradise,2.3846,26,22,Skincare,Self Tanners
Over It Magic Self-Tan Eraser,Isle of Paradise,3.04,25,30,Skincare,Moisturizers
Disco Tan Instant Wash-Off Body Bronzer,Isle of Paradise,3.5,24,24,Skincare,Self Tanners
Self-Tanning Mitt,Isle of Paradise,3.4,5,10,Skincare,Self Tanners
Self-Tanning Mousse,Isle of Paradise,,,32,Bath & Body,Self Tanners
Self-Tanning Firming Body Drops,Isle of Paradise,4.6667,3,38,Bath & Body,Self Tanners
Confidence in a Cream Anti-Aging Hydrating Moisturizer,IT Cosmetics,4.62,2484,20,Skincare,Moisturizers
Bye Bye Under Eye Full Coverage Anti-Aging Waterproof Concealer,IT Cosmetics,4.1734,940,29,Makeup,Face
CC+ Cream Illumination with SPF 50+,IT Cosmetics,3.7949,824,44,Makeup,Face
CC+ Cream Oil-Free Matte with SPF 40,IT Cosmetics,3.846,1422,44,Skincare,Moisturizers
CC+ Nude Glow Lightweight Foundation + Glow Serum with SPF 40 and Niacinamide,IT Cosmetics,4.4156,1742,44,Makeup,Face
Mini CC+ Cream Full Coverage Color Correcting Foundation with SPF 50+,IT Cosmetics,3.6905,630,17,Makeup,Face
Bye Bye Under Eye Brightening Eye Cream for Dark Circles,IT Cosmetics,4.0049,1024,49.5,Skincare,Eye Care
CC+ Airbrush Perfecting Powder Foundation,IT Cosmetics,3.5314,318,39,Makeup,Face
Mini Bye Bye Under Eye Full Coverage Anti-Aging Waterproof Concealer,IT Cosmetics,3.8168,202,13,Makeup,Mini Size
Bye Bye Pores Translucent Pressed Setting Powder,IT Cosmetics,4.0342,761,30,Makeup,Face
Bye Bye Redness Neutralizing Color-Correcting Cream,IT Cosmetics,4.1768,933,35,Skincare,Moisturizers
Secret Sauce Moisturizer,IT Cosmetics,4.0935,920,72,Skincare,Moisturizers
Your Skin But Better Foundation + Skincare,IT Cosmetics,4.3889,540,44,Makeup,Face
Superhero Elastic Stretch Volumizing and Lengthening Mascara,IT Cosmetics,3.7452,1656,26,Makeup,Eye
Bye Bye Pores Airbrush Loose Setting Powder,IT Cosmetics,3.6687,332,30,Makeup,Face
Your Skin But Better Makeup Primer+,IT Cosmetics,4.453,404,39.5,Makeup,Face
Confidence in a Gel Lotion,IT Cosmetics,4.5826,448,45,Skincare,Moisturizers
Confidence in a Cleanser Hydrating Facial Cleanser Serum,IT Cosmetics,4.4758,414,29,Skincare,Cleansers
Confidence in Your Beauty Sleep Night Cream,IT Cosmetics,4.4599,411,58,Skincare,Moisturizers
Lash Blowout Volumizing Mascara,IT Cosmetics,3.9892,646,26,Makeup,Eye
Bye Bye Makeup 3-in-1 Makeup Melting Cleansing Balm,IT Cosmetics,4.6741,359,42,Skincare,Cleansers
Brow Power Universal Brow Pencil,IT Cosmetics,4.2477,545,25,Makeup,Eye
Bye Bye Lines 1.5% Hyaluronic Acid Serum,IT Cosmetics,4.4615,273,29,Skincare,Treatments
Bye Bye Dark Spots 4% Niacinamide Serum,IT Cosmetics,4.3284,271,29,Skincare,Treatments
Bye Bye Pores 10% Glycolic Acid Serum,IT Cosmetics,4.3532,269,29,Skincare,Treatments
Superhero No-Tug Waterproof Eyeshadow Stick,IT Cosmetics,4.5321,109,24,Makeup,Eye
Pillow Lips Solid Serum Lip Gloss,IT Cosmetics,4.4149,188,24,Makeup,Lip
It's Your Skin But Better Setting Spray,IT Cosmetics,4.5094,212,28.5,Makeup,Face
Heavenly Luxe Wand Ball Powder Brush #8,IT Cosmetics,4.75,36,49,Makeup,Brushes & Applicators
Bye Bye Pores Leave-On Solution Pore-Refining Toner,IT Cosmetics,4.0481,187,34,Skincare,Cleansers
Heavenly Luxe Dual Airbrush Concealer Brush #2,IT Cosmetics,3.45,40,25,Makeup,Brushes & Applicators
Hello Results Wrinkle-Reducing Daily Retinol Serum-in-Cream,IT Cosmetics,4.4419,172,69,Skincare,Moisturizers
Mini CC+ Cream Oil-Free Matte with SPF 40,IT Cosmetics,3.3594,64,17,Makeup,Face
Mini It's Your Skin But Better Setting Spray,IT Cosmetics,4.5789,19,14.5,Mini Size,Makeup
Superhero No-Tug Gel Eyeliner,IT Cosmetics,3.9602,201,24,Makeup,Eye
Mini Superhero Elastic Stretch Volumizing Mascara,IT Cosmetics,3.2209,86,15,Mini Size,Makeup
Heavenly Luxe Complexion Perfection Brush #7,IT Cosmetics,4.5,4,49,Makeup,Brushes & Applicators
Heavenly Luxe Complexion Perfection Brush #7,IT Cosmetics,4.3396,53,49,Makeup,Brushes & Applicators
Confidence in a Neck Cream,IT Cosmetics,3.5417,48,54,Skincare,Moisturizers
Mini Confidence in a Cream Hydrating Moisturizer,IT Cosmetics,3.6809,47,20,Skincare,Moisturizers
Mini Brow Power Universal Brow Pencil,IT Cosmetics,4.1481,27,15,Mini Size,Makeup
Brow Power Filler Volumizing Tinted Fiber Eyebrow Gel,IT Cosmetics,4.1744,430,25,Makeup,Eye
Bye Bye Dark Spots Concealer + Serum with Niacinamide & Hyaluronic Acid,IT Cosmetics,4.5358,321,30,Makeup,Face
Mini Confidence in a Cleanser,IT Cosmetics,4.1667,12,15,Skincare,Mini Size
Mini Confidence in Your Beauty Sleep Night Cream,IT Cosmetics,5,2,22,Mini Size,Skincare
CC+ Foundation Customizable Set,IT Cosmetics,2.6,5,46,Makeup,Face
Hello Results Baby-Smooth Glycolic Peel + Caring Oil,IT Cosmetics,4.5,6,59,Skincare,Treatments
Intense Therapy Lip Balm SPF 25,Jack Black,4.6818,3595,10,Skincare,Lip Balms & Treatments
Double-Duty Face Moisturizer Broad Spectrum SPF 20,Jack Black,4.4462,390,30,Men,Skincare
Bump Fix Razor Bump & Ingrown Hair Solution,Jack Black,3.9381,113,28,Men,Shaving
Deep Dive Glycolic Facial Cleanser,Jack Black,4.5827,278,24,Men,Skincare
Oil-Free Sun Guard Sunscreen Water Resistant SPF 45,Jack Black,4.6204,137,22,Men,Skincare
Face Buff Energizing Scrub,Jack Black,4.7614,264,20,Men,Skincare
Pure Clean Daily Facial Cleanser,Jack Black,4.572,243,20,Men,Skincare
Performance Remedy Turbo Wash  Energizing Cleanser for Hair & Body,Jack Black,4.6268,142,24,Men,Other Needs
Beard Lube Conditioning Shave,Jack Black,4.7792,480,35,Men,Shaving
Epic Moisture MP10 Nourishing Oil,Jack Black,4.7071,140,35,Bath & Body,Body Moisturizers
Clean Break Oil-Free Moisturizer,Jack Black,4.4301,93,30,Men,Skincare
Beard Oil,Jack Black,4.5604,91,28,Men,Shaving
Industrial Strength Hand Healer,Jack Black,4.6659,416,16,Bath & Body,Body Moisturizers
Industrial Strength Hand Healer Mini,Jack Black,4.6897,29,16,Mini Size,Bath & Body
Protein Booster Skin Serum,Jack Black,4.6875,64,62,Men,Skincare
"All-Over Wash For Face, Hair & Body",Jack Black,4.6645,152,24,Men,Skincare
Power Peel Multi-Acid Resurfacing Pads,Jack Black,4.3585,53,38,Men,Skincare
Beard Grooming Kit,Jack Black,3.8,5,36,Men,Value & Gift Sets
Turbo Body Bar Scrubbing Soap,Jack Black,4.6154,39,16,Men,Other Needs
Shave Essentials,Jack Black,4.6923,13,30,Men,Value & Gift Sets
Eye Balm De-Puffing & Cooling Gel,Jack Black,4.2157,51,26,Men,Skincare
Supreme Cream Triple Cushion Shave Lather,Jack Black,4.8014,146,22,Men,Shaving
Line Smoother Oil-Free Moisturizer,Jack Black,4.4545,44,32,Men,Skincare
Pit Boss Antiperspirant & Deodorant,Jack Black,4.2155,116,22,Bath & Body,Body Care
Nourishing Hair & Scalp Conditioner,Jack Black,4.75,28,25,Men,Hair
Charcoal Body Bar Massaging Soap,Jack Black,4.72,25,16,Bath & Body,Bath & Shower
Cool Moisture Body Lotion,Jack Black,4.5679,81,32,Men,Skincare
Post Shave Cooling Gel,Jack Black,4.6949,59,23,Men,Shaving
Lip Service - Lip Balm Duo Mint & Shea,Jack Black,4.8947,19,13,Skincare,Lip Balms & Treatments
Protein Booster Eye Rescue,Jack Black,3.963,27,41,Men,Skincare
Lip Balm Trio,Jack Black,4.7222,18,22,Skincare,Value & Gift Sets
Dry Erase Ultra-Calming Face Cream,Jack Black,4.5,14,40,Men,Skincare
Beard Wash,Jack Black,4.8571,28,19,Men,Shaving
Skin Saviors,Jack Black,4.5,14,37,Skincare,Value & Gift Sets
Double Header Shampoo + Conditioner,Jack Black,4.1875,16,34,Men,Hair
True Volume Thickening Shampoo,Jack Black,4,13,32,Men,Hair
Acne Remedy Overnight Repair Moisturizer,Jack Black,4.1429,7,40,Skincare,Moisturizers
Sleek Finish Texture Cream,Jack Black,4.2143,14,16,Hair,Hair Styling & Treatments
Body-Building Hair Gel,Jack Black,4,41,16,Hair,Hair Styling & Treatments
Black Reserve Body & Hair Cleanser,Jack Black,4.6,10,52,Men,Other Needs
Clay Pomade,Jack Black,3.3,10,24,Hair,Hair Styling & Treatments
Beard Lube Conditioning Shave - 3 Pack,Jack Black,4.8043,46,40,Men,Shaving
Oil-Control Toner,Jack Black,2,4,25,Skincare,Cleansers
Charcoal Body Buff Exfoliating Cleanser,Jack Black,,,38,Bath & Body,Bath & Shower
Turbo Body Lotion Energizing Gel Moisturizer with Eucalyptus & Aloe,Jack Black,5,1,38,Skincare,Moisturizers
Black Reserve Body & Hair Cleanser,Jack Black,5,2,24,Bath & Body,Bath & Shower
Pit CTRL Aluminum-Free Deodorant,Jack Black,1.8,5,22,Bath & Body,Body Care
Acne Remedy Balancing Foam Cleanser,Jack Black,,,25,Skincare,Cleansers
Gold Sculpting Bar,Jillian Dempsey,4.4328,67,195,Skincare,Wellness
I Want Choo Eau de Parfum,JIMMY CHOO,4.5,6,132,Fragrance,Women
Urban Hero Eau de Parfum,JIMMY CHOO,,,98,Fragrance,Women
That Jlo Glow Brightening & Firming Serum with Niacinamide,JLo Beauty,3.9452,602,79,Skincare,Treatments
That Blockbuster Cream with Hyaluronic Acid,JLo Beauty,4.1612,552,59,Skincare,Moisturizers
That Big Screen Moisturizer with Broad Spectrum SPF 30,JLo Beauty,4.1435,467,55,Skincare,Moisturizers
That Fresh Take Eye Cream with Peptides,JLo Beauty,4.1559,449,49,Skincare,Eye Care
That Hit Single Gel-Cream Cleanser,JLo Beauty,4.0992,363,39,Skincare,Cleansers
That Limitless Glow Sheet Mask,JLo Beauty,4.013,307,49,Skincare,Masks
Firm + Flaunt Targeted Booty Balm,JLo Beauty,4.0688,189,65,Bath & Body,Body Moisturizers
Brighten. Tighten. Hydrate. 3-Piece Set,JLo Beauty,4.2782,133,64,Skincare,Value & Gift Sets
That Overnight Hustle AHA + BHA Resurfacer,JLo Beauty,4.4409,127,58,Skincare,Treatments
Smooth + Seduce Contouring Body Cream with Caffeine,JLo Beauty,4.1493,134,60,Bath & Body,Body Moisturizers
Tighten + Tease Resurfacing Body Serum with AHAs,JLo Beauty,3.9221,77,60,Bath & Body,Body Moisturizers
Wood Sage & Sea Salt Cologne,Jo Malone London,4.1743,614,155,Fragrance,Women
Peony & Blush Suede Cologne,Jo Malone London,4.4509,428,155,Fragrance,Women
Cologne Discovery Set,Jo Malone London,3.5396,139,20,Fragrance,Value & Gift Sets
Nectarine Blossom & Honey Cologne,Jo Malone London,4.1852,432,155,Fragrance,Women
Wood Sage & Sea Salt/ Peony & Blush Suede Mini Set,Jo Malone London,4.125,104,45,Fragrance,Women
English Pear & Freesia Cologne,Jo Malone London,4.1865,370,80,Fragrance,Women
Wood Sage & Sea Salt/ English Pear & Freesia Mini Set,Jo Malone London,4.05,40,45,Fragrance,Value & Gift Sets
Wild Bluebell Cologne,Jo Malone London,4.4554,112,155,Fragrance,Women
Red Roses Cologne,Jo Malone London,4.15,120,155,Fragrance,Women
Orange Blossom Cologne,Jo Malone London,4.0588,102,155,Fragrance,Women
Mimosa & Cardamom Cologne,Jo Malone London,4.5567,97,155,Fragrance,Women
Blackberry & Bay Cologne,Jo Malone London,4.2991,117,155,Fragrance,Women
Myrrh & Tonka Cologne Intense,Jo Malone London,4.4675,77,220,Fragrance,Women
Velvet Rose & Oud Cologne Intense,Jo Malone London,4.5536,56,220,Fragrance,Women
English Pear & Freesia Scent Surround Diffuser,Jo Malone London,3.6757,37,105,Fragrance,Candles & Home Scents
Honeysuckle & Davana Cologne,Jo Malone London,4.0106,94,155,Fragrance,Women
Scarlet Poppy Cologne Intense,Jo Malone London,4.0851,47,220,Fragrance,Women
Peony & Blush Suede Candle,Jo Malone London,4,16,75,Fragrance,Candles & Home Scents
Mini Luxuries Set,Jo Malone London,2.6923,13,50,Fragrance,Value & Gift Sets
Oud & Bergamot Cologne Intense,Jo Malone London,4.3947,38,220,Fragrance,Women
Lime Basil & Mandarin Cologne,Jo Malone London,3.4167,72,155,Fragrance,Women
Poppy & Barley Cologne,Jo Malone London,4.4474,76,145,Fragrance,Women
Jasmine Sambac & Marigold Cologne Intense,Jo Malone London,4.52,50,220,Fragrance,Women
Red Roses Scent Surround Diffuser,Jo Malone London,4.2439,41,105,Fragrance,Candles & Home Scents
Basil & Neroli Cologne,Jo Malone London,4.4912,57,155,Fragrance,Women
Wood Sage & Sea Salt Candle,Jo Malone London,3.8235,17,75,Fragrance,Candles & Home Scents
Fig & Lotus Flower Cologne,Jo Malone London,4.0227,44,145,Fragrance,Women
English Pear & Freesia Candle,Jo Malone London,3.0526,19,75,Fragrance,Candles & Home Scents
Wood Sage & Sea Salt Cologne Travel Spray,Jo Malone London,4,2,24,Fragrance,Women
Vitamin E Lip Conditioner Balm,Jo Malone London,4.0667,15,38,Makeup,Lip
English Oak & Hazelnut Cologne,Jo Malone London,4.2115,52,155,Fragrance,Women
Sea Daffodil Cologne,Jo Malone London,3.75,28,150,Fragrance,Women
English Pear & Freesia Body & Hand Lotion,Jo Malone London,4.0909,11,65,Bath & Body,Body Moisturizers
Rose Blush Cologne,Jo Malone London,4.2857,7,110,Fragrance,Women
Mini Candle Collection,Jo Malone London,2.5,6,90,Fragrance,Candles & Home Scents
Rose Water and Vanilla Cologne Intense,Jo Malone London,3.4,30,110,Fragrance,Women
Holiday Cologne Collection Set,Jo Malone London,3.3333,3,115,Fragrance,Value & Gift Sets
Lime Basil & Mandarin Scent Surround Diffuser,Jo Malone London,4.0588,17,105,Fragrance,Candles & Home Scents
Mini Essentials Set,Jo Malone London,1.5,2,38,Fragrance,Value & Gift Sets
Peony & Blush Suede Body Crème,Jo Malone London,4.4706,17,90,Bath & Body,Body Moisturizers
Wood Sage & Sea Salt Body Crème,Jo Malone London,3.6667,18,90,Bath & Body,Body Moisturizers
Nectarine Blossom & Honey Body & Hand Lotion,Jo Malone London,4.0714,14,65,Bath & Body,Body Moisturizers
Silk Blossom Cologne,Jo Malone London,4,4,150,Fragrance,Women
Red Roses Cologne,Jo Malone London,4.25,8,110,Fragrance,Women
Bitter Mandarin Cologne,Jo Malone London,3.9,20,150,Fragrance,Women
Orange Blossom Body & Hand Lotion,Jo Malone London,3.9167,12,65,Bath & Body,Body Moisturizers
English Pear & Freesia Body Crème,Jo Malone London,4.3846,13,90,Bath & Body,Body Moisturizers
Nectarine Blossom & Honey Body Crème,Jo Malone London,4.5,14,90,Bath & Body,Body Moisturizers
Peony & Blush Suede Diffuser,Jo Malone London,3.5556,9,105,Fragrance,Candles & Home Scents
Lime Basil & Mandarin Candle,Jo Malone London,3.5833,12,75,Fragrance,Candles & Home Scents
Red Roses Travel Candle,Jo Malone London,3,7,38,Fragrance,Candles & Home Scents
Lime Basil & Mandarin Body & Hand Lotion,Jo Malone London,4.1111,9,65,Bath & Body,Body Moisturizers
Yellow Hibiscus Cologne,Jo Malone London,3.9167,12,144,Fragrance,Women
Grapefruit Cologne,Jo Malone London,3.5294,17,80,Fragrance,Women
Orange Blossom Candle,Jo Malone London,3.9167,12,75,Fragrance,Candles & Home Scents
Christmas Cracker Gift Set,Jo Malone London,,,48,Fragrance,Value & Gift Sets
Vitamin E Nourishing Hand Treatment Cream,Jo Malone London,5,6,65,Bath & Body,Body Moisturizers
English Pear & Freesia Travel Candle,Jo Malone London,2.8,5,38,Fragrance,Candles & Home Scents
Blackberry & Bay Body & Hand Lotion,Jo Malone London,4.125,8,65,Bath & Body,Body Moisturizers
Mimosa & Cardamom Body Crème,Jo Malone London,4.4,10,90,Bath & Body,Body Moisturizers
Orange Blossom Body Crème,Jo Malone London,4.0909,11,90,Bath & Body,Body Moisturizers
Peony & Blush Suede Body & Hand Lotion,Jo Malone London,3,9,65,Bath & Body,Body Moisturizers
Mimosa & Cardamom Candle,Jo Malone London,3.7143,7,75,Fragrance,Candles & Home Scents
Mini Wood Sage & Sea Salt Body Crème,Jo Malone London,3.6667,18,38,Bath & Body,Body Moisturizers
Mini Peony & Blush Suede Body Crème,Jo Malone London,4.4706,17,38,Bath & Body,Body Moisturizers
Red Roses Body Crème,Jo Malone London,4,10,90,Bath & Body,Body Moisturizers
Cypress & Grapevine Cologne Intense,Jo Malone London,4.1667,6,145,Fragrance,Women
Mini English Pear & Freesia Body Crème,Jo Malone London,3.3333,3,38,Bath & Body,Body Moisturizers
Lime Basil & Mandarin Travel Candle,Jo Malone London,,,38,Fragrance,Candles & Home Scents
Limited Edition English Pear & Freesia Cologne,Jo Malone London,5,3,80,Fragrance,Women
Red Roses Candle,Jo Malone London,4.2,5,75,Fragrance,Candles & Home Scents
Honeysuckle & Davana Candle,Jo Malone London,4,7,75,Fragrance,Candles & Home Scents
Wild Bluebell Candle,Jo Malone London,5,2,75,Fragrance,Candles & Home Scents
Nectarine Blossom & Honey Diffuser,Jo Malone London,4.5,2,105,Fragrance,Candles & Home Scents
Nectarine Blossom & HoneyCandle,Jo Malone London,3.6667,6,75,Fragrance,Candles & Home Scents
Osmanthus Blossom,Jo Malone London,,,158,Fragrance,Women
Nashi Blossom,Jo Malone London,,,158,Fragrance,Women
Rose Blush Candle,Jo Malone London,,,75,Fragrance,Candles & Home Scents
Lime Basil & Mandarin Body Crème,Jo Malone London,3.5,6,90,Bath & Body,Body Moisturizers
Lime Basil & Madarin Soap,Jo Malone London,4,2,30,Bath & Body,Bath & Shower
Special-Edition Red Roses Candle,Jo Malone London,3,1,70,Fragrance,Candles & Home Scents
Mini Lime Basil & Mandarin Body Crème,Jo Malone London,5,1,38,Bath & Body,Body Moisturizers
English Pear & Freesia Soap,Jo Malone London,3,2,30,Bath & Body,Bath & Shower
Grapefruit Candle,Jo Malone London,3.5,2,155,Fragrance,Candles & Home Scents
Peony & Blush Suede Travel Candle,Jo Malone London,,,38,Fragrance,Candles & Home Scents
Star Magnolia Blossom,Jo Malone London,,,158,Fragrance,Women
Mini Blossoms Travel Spray Trio Set,Jo Malone London,1,2,80,Fragrance,Value & Gift Sets
Silk Blossom Diffuser,Jo Malone London,,,105,Fragrance,Candles & Home Scents
100 percent Pure Argan Oil,Josie Maran,4.4998,7763,49,Skincare,Moisturizers
Argan Cleansing Oil,Josie Maran,4.0524,2023,36,Skincare,Moisturizers
Whipped Argan Oil Body Butter,Josie Maran,4.5084,2134,38,Bath & Body,Body Moisturizers
Whipped Argan Oil Face Butter,Josie Maran,4.1421,1393,45,Skincare,Moisturizers
Argan Infinity Cream Intensive Creamy Oil,Josie Maran,4.5163,1197,28,Skincare,Moisturizers
Pure Argan Milk Intensive Hydrating Treatment,Josie Maran,4.068,1088,56,Skincare,Treatments
Vibrancy Argan Oil Foundation Fluid,Josie Maran,3.81,1695,45,Makeup,Face
Argan Beta Retinol Pink Algae Serum,Josie Maran,4.4132,760,69,Skincare,Treatments
Pineapple Enzyme Pore Clearing Cleanser,Josie Maran,4.2437,677,29,Skincare,Cleansers
Argan Pro-Retinol Eye Cream,Josie Maran,4.4774,641,42,Skincare,Eye Care
Argan Bright Skin Vitamin C Serum,Josie Maran,4.3955,531,66,Skincare,Treatments
Mini 100 percent Pure Argan Oil,Josie Maran,4.3975,244,18,Mini Size,Skincare
Argan Daily Moisturizer Tinted SPF 47 Protect + Perfect,Josie Maran,4.0123,487,38,Skincare,Sunscreen
Whipped Argan Pro-Retinol Body Butter,Josie Maran,4.5763,262,46,Bath & Body,Body Moisturizers
Vibrancy Argan Oil Full Coverage Concealer Fluid,Josie Maran,4.2905,296,28,Makeup,Face
Pro-Retinol Megamoisture Face Cream,Josie Maran,4.7518,278,54,Skincare,Moisturizers
Get Even Sun Milk SPF 33,Josie Maran,4.6917,266,46,Skincare,Sunscreen
Bear Naked Wipes,Josie Maran,4.1192,1309,12,Makeup,Accessories
Mini Bear Naked Wipes,Josie Maran,3.8611,108,12,Mini Size,Skincare
"Intensive Daily Repair Body Butter for Eczema, Extra Dry, and Sensitive Skin",Josie Maran,4.8418,158,46,Bath & Body,Body Moisturizers
Whipped Argan Oil SPF 45 Body Butter,Josie Maran,3.75,44,42,Bath & Body,Body Moisturizers
Mini Get Even Sun Milk SPF 33,Josie Maran,4.4,5,17,Mini Size,Skincare
Smooth Like Butter Kit,Josie Maran,4.5,10,30,Skincare,Value & Gift Sets
Essential High Coverage Liquid Concealer,Jouer Cosmetics,4.0403,397,25,Makeup,Face
Blush Bouquet Duo Blush Palette,Jouer Cosmetics,4.5971,278,33,Makeup,Cheek
Essential High Coverage Crème Foundation,Jouer Cosmetics,3.2583,360,38,Makeup,Face
Powder Highlighter,Jouer Cosmetics,4.2041,147,25,Makeup,Face
Essential Lip Enhancer Shine Balm,Jouer Cosmetics,3.5205,146,22,Makeup,Lip
Essential High Coverage Concealer Pen,Jouer Cosmetics,3.7568,74,24,Makeup,Face
Soft Focus Hydrate + Set Powder,Jouer Cosmetics,3.9898,98,32,Makeup,Face
"Bloom, Bronze & Glow Bronzer & Highlighter Duo",Jouer Cosmetics,4.36,50,32,Makeup,Cheek
Rose Gold Blush Bouquet Dual Blush Palette Mini,Jouer Cosmetics,4.1667,54,19,Makeup,Cheek
Blush & Bloom Cheek + Lip Duo,Jouer Cosmetics,4.2333,30,32,Makeup,Cheek
Essential Lip Enhancer,Jouer Cosmetics,4.4,20,17,Makeup,Lip
Essential Lip Care Duo,Jouer Cosmetics,4.1212,33,25,Makeup,Lip
Blush & Bloom Cheek + Lip Duo- French Riviera,Jouer Cosmetics,4.7692,13,32,Makeup,Cheek
Mini Blush & Bloom Cheek and Lip Tint Set,Jouer Cosmetics,3.5,4,34,Mini Size,Value & Gift Sets
Mini Hydrate + Repair Moisture Face Mist with Blue Light Protection,Jouer Cosmetics,2.6667,3,20,Makeup,Face
Hydrate + Repair Moisture Face Mist with Blue Light Protection,Jouer Cosmetics,3.3333,12,35,Makeup,Face
Viva La Juicy,Juicy Couture,4.6492,1625,86,Fragrance,Women
Viva La Juicy Rollerball,Juicy Couture,4.5952,84,27,Fragrance,Women
Viva La Juicy Gold Couture,Juicy Couture,4.5679,162,86,Fragrance,Women
Viva La Juicy Noir,Juicy Couture,4.5769,130,106,Fragrance,Women
Not A Perfume,Juliette Has a Gun,3.9766,2005,140,Fragrance,Women
Not A Perfume Travel Spray,Juliette Has a Gun,3.9766,2005,30,Fragrance,Women
Vanilla Vibes,Juliette Has a Gun,4.0963,436,140,Fragrance,Women
PEAR INC.,Juliette Has a Gun,4.0852,399,140,Fragrance,Women
Mini Bestselling Not A Perfume Set,Juliette Has a Gun,3.963,27,30,Fragrance,Value & Gift Sets
Vanilla Vibes Travel Spray,Juliette Has a Gun,4.1688,160,30,Fragrance,Women
Not a Perfume Sampler Set,Juliette Has a Gun,3.3125,32,28,Fragrance,Value & Gift Sets
PEAR INC. Travel Spray,Juliette Has a Gun,4.0852,399,30,Fragrance,Women
MMMM…,Juliette Has a Gun,4.2127,315,140,Fragrance,Women
MMMM… Travel Spray,Juliette Has a Gun,4.4331,127,30,Fragrance,Women
Moscow Mule,Juliette Has a Gun,3.519,158,140,Fragrance,Women
Magnolia Bliss Eau de Parfum,Juliette Has a Gun,4.2788,226,140,Fragrance,Women
Universal Purse Spray,Juliette Has a Gun,3.9167,72,35,Fragrance,Women
Lady Vengeance,Juliette Has a Gun,4.3111,90,140,Fragrance,Women
Essential Wardrobe Eau de Parfum Set,Juliette Has a Gun,4,3,50,Fragrance,Value & Gift Sets
Not A Perfume Superdose Travel Spray,Juliette Has a Gun,3.016,125,32,Fragrance,Women
Lady Vengeance Travel Spray,Juliette Has a Gun,4.4359,39,30,Fragrance,Women
Not A Perfume Superdose,Juliette Has a Gun,3.2035,172,155,Fragrance,Women
Magnolia Bliss Eau de Parfum Travel Spray,Juliette Has a Gun,4.2564,39,30,Fragrance,Women
Sunny Side Up Travel Spray,Juliette Has a Gun,4.1944,72,30,Fragrance,Women
Sunny Side Up,Juliette Has a Gun,3.9907,108,140,Fragrance,Women
Another Oud,Juliette Has a Gun,4.4737,38,150,Fragrance,Women
Musc Invisible,Juliette Has a Gun,4.0571,35,140,Fragrance,Women
Lipstick Fever Eau de Parfum,Juliette Has a Gun,3.7755,49,140,Fragrance,Women
Not A Hair & Body Mist,Juliette Has a Gun,3.4286,21,58,Fragrance,Women
Mad Madame,Juliette Has a Gun,4.1429,35,145,Fragrance,Women
Not A Hand Cream,Juliette Has a Gun,4.0588,34,24,Bath & Body,Body Moisturizers
Mini Lipstick Fever Eau de Parfum Travel Spray,Juliette Has a Gun,3.8261,23,30,Fragrance,Women
Musc Invisible Travel Spray,Juliette Has a Gun,4.0571,35,30,Fragrance,Women
Lili Fantasy Eau de Parfum,Juliette Has a Gun,3.7778,9,140,Fragrance,Women
Lili Fantasy Eau de Parfum Travel Spray,Juliette Has a Gun,2.4,10,30,Fragrance,Women
Moscow Mule Travel Spray,Juliette Has a Gun,3.8,10,30,Fragrance,Women
Complete Pre-Wash Scalp &HairStrengthening TreatmentOil,JVN,4.2662,650,29,Hair,Hair Styling & Treatments
Complete Nourishing Hair Oil Shine Drops,JVN,4.4536,959,24,Hair,Hair Styling & Treatments
Complete Hydrating Air Dry Hair Cream,JVN,4.2789,1090,26,Hair,Hair Styling & Treatments
Complete Blowout Styling Milk,JVN,4.6331,913,29,Hair,Hair Styling & Treatments
Complete Instant Recovery Heat Protectant Leave-In Serum,JVN,4.4726,493,29,Hair,Hair Styling & Treatments
Embody Volumizing Hair  Foam,JVN,3.6393,122,29,Hair,Hair Styling & Treatments
Complete Leave-In Conditioning Mist,JVN,4.3348,230,21,Hair,Hair Styling & Treatments
Mini Complete Hydrating Air Dry Hair Cream,JVN,3.3478,46,12,Hair,Hair Styling & Treatments
Embody Daily Volumizing Shampoo,JVN,3.8042,143,21,Hair,Shampoo & Conditioner
Complete Hydration Hair Set,JVN,3.2826,92,24,Hair,Value & Gift Sets
Nurture Hydrating Shampoo,JVN,3.5661,189,21,Hair,Shampoo & Conditioner
Nurture Hydrating Conditioner,JVN,3.9655,116,21,Hair,Shampoo & Conditioner
Nurture Deep Moisture Mask,JVN,3.7444,90,24,Hair,Hair Styling & Treatments
Mini Complete Leave-In Conditioning Mist,JVN,4.3348,230,12,Hair,Hair Styling & Treatments
Embody Daily Volumizing Conditioner,JVN,3.7089,79,21,Hair,Shampoo & Conditioner
Undamage Strengthening Shampoo,JVN,3.9175,97,21,Hair,Shampoo & Conditioner
Undamage Strengthening Conditioner,JVN,4.0263,76,21,Hair,Shampoo & Conditioner
Mini Leave-In Molecular Repair Hair Mask,K18 Biomimetic Hairscience,4.2902,3105,29,Hair,Hair Styling & Treatments
Leave-In Molecular Repair Hair Mask,K18 Biomimetic Hairscience,4.2902,3105,75,Hair,Hair Styling & Treatments
PEPTIDE PREP Clarifying Detox Shampoo,K18 Biomimetic Hairscience,4.7944,603,38,Hair,Shampoo & Conditioner
PEPTIDE PREP pH Maintenance Shampoo,K18 Biomimetic Hairscience,4.7552,286,36,Hair,Shampoo & Conditioner
Mini PEPTIDE PREP Clarifying Detox Shampoo,K18 Biomimetic Hairscience,4.875,8,14,Mini Size,Hair
Eye Bento Bouncy Eyeshadow Trio,Kaja,4.5255,1745,26,Makeup,Eye
Heart Melter Lip Gloss Stick,Kaja,4.2526,293,19,Makeup,Lip
Cheeky Stamp Blendable Blush,Kaja,4.2645,1384,27,Makeup,Cheek
Moon Crystal Sparkling Eye Pigment,Kaja,4.384,862,19,Makeup,Eye
"Face Bento Cream Bronzer, Powder Blush & Highlighter Sculpting Trio",Kaja,4.7352,472,28,Makeup,Face
LOVE SWIPE Lightweight Cushiony Lip Mousse,Kaja,4.5305,213,21,Makeup,Lip
Wink Stamp Original Waterproof Wing Eyeliner Stamp & Pen,Kaja,4.3292,2108,29,Makeup,Eye
Mochi Glow Bouncy Highlighter,Kaja,4.0573,576,21,Makeup,Face
Gloss Shot Hydrating Lip Gloss,Kaja,4.6307,176,19,Makeup,Lip
Mochi Pop Bouncy Blush,Kaja,4.1589,107,21,Makeup,Cheek
Jelly Charm Glazed Lip Stain & Blush With Keychain,Kaja,4.3344,305,25,Makeup,Lip
Whipped Dream Multi-Eye & Cheek Color,Kaja,4.7165,194,21,Makeup,Eye
Don't Settle Concealer,Kaja,4.3421,304,19,Makeup,Face
Joystick Brightening Undereye Setting Powder,Kaja,3.1778,45,20,Makeup,Face
Wink Lash Trio Mascara,Kaja,4.3805,389,30,Makeup,Eye
Cat Nap Under Eye Brightener,Kaja,3.969,129,21,Makeup,Face
Lip Bento Balm + Scrub,Kaja,4.1375,80,19,Makeup,Lip
Love Beat Makeup Sponge,Kaja,3.1111,18,14,Makeup,Brushes & Applicators
Wink Stamp Long Waterproof Wing Eyeliner Stamp & Pen,Kaja,4.5385,130,29,Makeup,Eye
Mist Me Hydrating Face Mist,Kaja,4,49,17,Makeup,Face
Face Stone Nourishing Solid Refillable Facial Oil with Tamanu + Blue Tansy,Kate McLeod,4.6567,134,68,Skincare,Moisturizers
Mini Sex Stone Solid Body Moisturizer,Kate McLeod,4.7879,99,12,Bath & Body,Body Care
Daily Stone Solid Body Moisturizer,Kate McLeod,4.6748,206,45,Bath & Body,Body Moisturizers
Mini Daily Stone Solid Body Moisturizer,Kate McLeod,4.6748,206,12,Bath & Body,Body Moisturizers
Mini Sleep Stone Solid Body Moisturizer,Kate McLeod,4.7826,92,12,Mini Size,Bath & Body
Sex Stone Solid Body Moisturizer,Kate McLeod,4.7879,99,45,Bath & Body,Body Care
Sleep Stone Solid Body Moisturizer,Kate McLeod,4.7826,92,45,Bath & Body,Body Moisturizers
Mini Grounding Stone Solid Body Moisturizer,Kate McLeod,4.7692,78,12,Mini Size,Bath & Body
Forest Stone Solid Refillable Body Moisturizer,Kate McLeod,5,1,45,Bath & Body,Body Moisturizers
Grounding Stone Solid Body Moisturizer,Kate McLeod,4.7692,78,45,Bath & Body,Body Moisturizers
The Travel Case,Kate McLeod,5,1,22,Tools & Brushes,Beauty Accessories
Mini Forest Stone Solid Body Moisturizer,Kate McLeod,4.3333,3,12,Bath & Body,Body Moisturizers
EradiKate Acne Treatment,Kate Somerville,4.2243,3152,28,Skincare,Treatments
ExfoliKate Intensive Pore Exfoliating Treatment,Kate Somerville,4.4375,2990,98,Skincare,Cleansers
Mini ExfoliKate Intensive Pore Exfoliating Treatment,Kate Somerville,4.4019,413,28,Mini Size,Skincare
ExfoliKate Glow Moisturizer,Kate Somerville,4.511,1041,76,Skincare,Moisturizers
ExfoliKate Cleanser Daily Foaming Wash,Kate Somerville,4.4494,948,44,Skincare,Cleansers
Oil Free Moisturizer,Kate Somerville,4.1489,705,76,Skincare,Moisturizers
EradiKate Daily Cleanser Acne Treatment,Kate Somerville,4.2392,623,44,Skincare,Treatments
Goat Milk Moisturizing Cream,Kate Somerville,4.0449,623,76,Skincare,Moisturizers
Anti Bac Acne Clearing Lotion,Kate Somerville,4.4599,611,56,Skincare,Treatments
DermalQuench Hyaluronic Acid Hydration Treatment,Kate Somerville,4.1824,603,110,Skincare,Treatments
D-Scar Scar Diminishing Serum,Kate Somerville,4.0531,414,56,Skincare,Treatments
Mini ExfoliKate� Cleanser Daily Foaming Wash,Kate Somerville,4.3355,155,22,Mini Size,Skincare
Kx Active Concentrates Bio-Mimicking Peptides Serum,Kate Somerville,4.4297,384,98,Skincare,Treatments
Wrinkle Warrior 2-in-1 Plumping Moisturizer + Serum,Kate Somerville,3.7075,359,98,Skincare,Moisturizers
DeliKate Recovery Cream,Kate Somerville,4.4971,350,76,Skincare,Moisturizers
Liquid ExfoliKate Triple Acid Resurfacing Treatment,Kate Somerville,4.3723,282,72,Skincare,Treatments
Gentle Daily Wash,Kate Somerville,4.1909,220,44,Skincare,Cleansers
+Retinol Vitamin C Moisturizer,Kate Somerville,4.2938,177,110,Skincare,Moisturizers
Goat Milk Moisturizing Cleanser,Kate Somerville,4.5575,174,44,Skincare,Cleansers
DeliKate Recovery Serum,Kate Somerville,4.641,156,98,Skincare,Treatments
DeliKate Soothing Cleanser,Kate Somerville,4.1875,144,44,Skincare,Cleansers
Retinol Firming Eye Cream,Kate Somerville,3.4462,130,98,Skincare,Eye Care
"KateCeuticals Resurfacing Overnight Peel with Glycolic Acid, Retinol & Niacinamide",Kate Somerville,4.7377,122,98,Skincare,Treatments
+Retinol Vita C Power Serum,Kate Somerville,3.5041,121,110,Skincare,Treatments
Dry Skin Saver,Kate Somerville,4.3009,113,56,Skincare,Moisturizers
EradiKate Salicylic Acid Acne Treatment,Kate Somerville,4.1143,105,68,Skincare,Treatments
KateCeuticals Lifting Eye Cream,Kate Somerville,4.6354,96,140,Skincare,Eye Care
Daily Deflector Mineral Sunscreen SPF 40  PA++++,Kate Somerville,4.4149,94,54,Skincare,Sunscreen
KateCeuticals Total Repair Cream,Kate Somerville,4.7143,91,140,Skincare,Moisturizers
Wrinkle Warrior Eye Gel Visible Dark Circle Eraser,Kate Somerville,3.0667,90,76,Skincare,Eye Care
HydraKate Recharging Serum with Hyaluronic Acid,Kate Somerville,4.764,89,78,Skincare,Treatments
EradiKate Acne Mark Fading Gel with Salicylic Acid,Kate Somerville,4.7011,87,68,Skincare,Treatments
Age Arrest Anti-Wrinkle Cream,Kate Somerville,4.0349,86,98,Skincare,Moisturizers
HydraKate Recharging Water Cream Moisturizer,Kate Somerville,4.8256,86,76,Skincare,Moisturizers
KateCeuticals Firming Serum with Hyaluronic Acid,Kate Somerville,4.8765,81,110,Skincare,Treatments
EradiKate Clarifying Acne Gel Cleanser with Salicylic Acid,Kate Somerville,4.6709,79,44,Skincare,Treatments
Glow In A Wink ExfoliKate Bestsellers Set,Kate Somerville,4.9067,75,72,Skincare,Value & Gift Sets
DermalQuench +Retinol Advanced Resurfacing Treatment,Kate Somerville,4.0541,74,110,Skincare,Treatments
Line Release Under Eye Repair Cream,Kate Somerville,3.9143,70,140,Skincare,Eye Care
ExfoliKate  Resurfacing Body Scrub,Kate Somerville,4.672,125,56,Bath & Body,Bath & Shower
Age Arrest Eye Cream,Kate Somerville,3.7451,51,98,Skincare,Eye Care
Mini Liquid ExfoliKate Triple Acid Resurfacing Treatment,Kate Somerville,4.1176,17,24,Skincare,Mini Size
EradiKate Try-Me-Kit,Kate Somerville,4,4,49,Skincare,Value & Gift Sets
DelIKate Try Me Kit,Kate Somerville,5,3,49,Skincare,Value & Gift Sets
Retinol Try Me Kit,Kate Somerville,3,2,59,Skincare,Value & Gift Sets
ExfoliKate All Over Glow Kit,Kate Somerville,5,1,115,Skincare,Value & Gift Sets
VANILLA | 28,KAYALI,3.8714,964,125,Fragrance,Women
VANILLA | 28 Travel Spray,KAYALI,3.8714,964,25,Fragrance,Women
Discovery Sampler Set,KAYALI,3.6066,61,25,Fragrance,Value & Gift Sets
LOVEFEST BURNING CHERRY | 48,KAYALI,3.8703,424,125,Fragrance,Women
EDEN JUICY APPLE | 01,KAYALI,3.8497,539,125,Fragrance,Women
EDEN JUICY APPLE  | 01 Travel Spray,KAYALI,3.8497,539,25,Fragrance,Women
UTOPIA VANILLA COCO | 21,KAYALI,3.6014,138,100,Fragrance,Women
Lovefest Burning Cherry | 48 Travel Spray,KAYALI,3.8703,424,25,Fragrance,Women
UTOPIA VANILLA COCO | 21 Travel Spray,KAYALI,3.5781,64,25,Fragrance,Women
INVITE ONLY AMBER | 23,KAYALI,3.4807,181,138,Fragrance,Women
Vanilla Royale Sugared Patchouli | 64 Eau de Parfum Intense,KAYALI,3.8174,115,100,Fragrance,Women
SWEET DIAMOND PINK PEPPER  | 25,KAYALI,3.9254,134,100,Fragrance,Women
Vanilla Royale Sugared Patchouli | 64 Eau de Parfum Intense Travel Spray,KAYALI,3.5455,66,25,Fragrance,Women
INVITE ONLY AMBER | 23  Travel Spray,KAYALI,2.8667,60,27,Fragrance,Women
DÉJÀ VU WHITE FLOWER | 57,KAYALI,4.1419,148,125,Fragrance,Women
ELIXIR | 11,KAYALI,3.7491,279,125,Fragrance,Women
SWEET DIAMOND PINK PEPPER  | 25 Travel Spray,KAYALI,3.9254,134,27,Fragrance,Women
MUSK | 12,KAYALI,3.8053,226,25,Fragrance,Women
DÉJÀ VU WHITE FLOWER | 57 Travel Spray,KAYALI,4.1419,148,27,Fragrance,Women
MUSK | 12 Travel Spray,KAYALI,3.8053,226,25,Fragrance,Women
VANILLA | 28 & MUSK | 12 Doublesided Travel Rollerball,KAYALI,4.2295,61,27,Fragrance,Women
Vanilla Juicy Apple Set,KAYALI,3.7083,24,85,Fragrance,Value & Gift Sets
Travel Spray Trio Set,KAYALI,4.4286,14,55,Fragrance,Value & Gift Sets
SWEET DIAMOND | 25 & UTOPIA VANILLA COCO | 21 Double Rollerball,KAYALI,3.8,20,27,Fragrance,Women
DÉJÀ VU WHITE FLOWER Hair Mist,KAYALI,4.3137,51,43,Fragrance,Women
CITRUS | 08,KAYALI,4.0253,158,125,Fragrance,Women
YUM PISTACHIO GELATO | 33 EDP INTENSE,KAYALI,4.1625,160,138,Fragrance,Women
INVITE ONLY AMBER | 23 & DÉJÀ VU WHITE FLOWER | 57 Double Rollerball,KAYALI,4.1667,18,27,Fragrance,Women
Elixir Ultime Hydrating Hair Oil Serum,Kérastase,4.442,914,54,Hair,Hair Styling & Treatments
Mini Elixir Ultime Hydrating Hair Oil Serum,Kérastase,4.442,914,26,Hair,Hair Styling & Treatments
Nutritive 8H Magic Night Serum Hydrating Treatment,Kérastase,4.3376,773,59,Hair,Hair Styling & Treatments
Nutritive Heat Protecting Leave-In Treatment For Dry Hair,Kérastase,4.6966,323,45,Hair,Hair Styling & Treatments
Resistance Heat Protecting Leave In Treatment for Damaged Hair,Kérastase,4.5758,363,45,Hair,Hair Styling & Treatments
Resistance Strengthening Shampoo for Damaged Hair,Kérastase,3.9938,161,38,Hair,Shampoo & Conditioner
Initialiste Strengthening & Volumizing Advanced Scalp & Hair Serum,Kérastase,3.8,120,58,Hair,Hair Styling & Treatments
Blond Absolu Anti-Brass Purple Shampoo,Kérastase,4.3528,377,40,Hair,Shampoo & Conditioner
Densifique Thickening Shampoo for Thinning Hair,Kérastase,3.9861,216,40,Hair,Shampoo & Conditioner
Blond Absolu Overnight Recovery Treatment for Lightened Hair,Kérastase,4.3333,417,59,Hair,Hair Styling & Treatments
Chroma Absolu High Shine Gloss Treatment for Color-Treated Hair,Kérastase,4.4069,231,55,Hair,Hair Styling & Treatments
Resistance Strengthening Conditioner for Damaged Hair,Kérastase,4.1678,143,42,Hair,Shampoo & Conditioner
Resistance Hair Serum for Extremely Damaged Hair,Kérastase,4.2835,127,45,Hair,Hair Styling & Treatments
Blond Absolu Strengthening Conditioner,Kérastase,4.5422,166,46,Hair,Shampoo & Conditioner
Blond Absolu Heat Protecting Leave-In Treatment for Blonde Hair,Kérastase,4.6127,173,45,Hair,Hair Styling & Treatments
Mini Resistance Heat Protecting Leave In Treatment for Damaged Hair,Kérastase,4,16,24,Hair,Hair Styling & Treatments
Nutritive Mask for Severely Dry Hair,Kérastase,4.4854,103,63,Hair,Hair Styling & Treatments
Resistance Strengthening Shampoo for Damaged Lengths and Split Ends,Kérastase,3.6049,81,40,Hair,Shampoo & Conditioner
Discipline Sulfate-Free Smoothing Shampoo for Frizzy Hair,Kérastase,4.0593,118,40,Hair,Shampoo & Conditioner
Blond Absolu Anti-Brass Purple Hair Mask,Kérastase,4.1136,132,68,Hair,Hair Styling & Treatments
Discipline Anti-Frizz Smoothing Spray,Kérastase,4.1013,79,45,Hair,Hair Styling & Treatments
Discipline Heat Protecting Leave-In Treatment For Frizzy Hair,Kérastase,4.4511,184,45,Hair,Hair Styling & Treatments
Genesis Strengthening Serum for Hair and Scalp,Kérastase,3.9023,133,58,Hair,Hair Styling & Treatments
Blond Absolu Hydrating Illuminating Shampoo,Kérastase,4.1585,164,40,Hair,Shampoo & Conditioner
Resistance Strengthening Hair Mask for Damaged Hair,Kérastase,4.0891,101,63,Hair,Hair Styling & Treatments
Resistance Strengthening Scalp & Hair Serum for Damaged Hair,Kérastase,4,32,58,Hair,Hair Styling & Treatments
Energizing Scrub: Purifying Scrub for Oily Scalp,Kérastase,4.5328,122,56,Hair,Hair Styling & Treatments
Chronologiste Heat Protecting Leave-In Treatment for Dull and Brittle Hair,Kérastase,4.5754,179,54,Hair,Hair Styling & Treatments
Blond Absolu Strengthening Hair Mask for Very Damaged Blonde Hair,Kérastase,4.6579,190,68,Hair,Hair Styling & Treatments
Blond Absolu Strengthening Hair Oil for Very Damaged Blonde Hair,Kérastase,4.6159,328,54,Hair,Hair Styling & Treatments
Genesis Heat Protecting Leave-In Treatment for Weakened Hair,Kérastase,4.4823,226,45,Hair,Hair Styling & Treatments
Densifique Thickening Conditioner for Thinning Hair,Kérastase,4.125,120,46,Hair,Shampoo & Conditioner
Curl Manifesto Hydrating Leave-In Cream for Curly Hair,Kérastase,4.2687,227,45,Hair,Hair Styling & Treatments
Specifique Divalent Balancing Shampoo for Oily Scalp & Hair,Kérastase,3.9429,105,40,Hair,Shampoo & Conditioner
Fresh Affair Fine Fragrance & Oil-Absorbing Dry Shampoo,Kérastase,4.1616,229,38,Hair,Hair Styling & Treatments
Genesis Strengthening Shampoo for Normal to Oily Hair,Kérastase,4.1632,239,40,Hair,Shampoo & Conditioner
Discipline Oleo-Relax Anti-Frizz Hair Oil Serum,Kérastase,4.1628,43,45,Hair,Hair Styling & Treatments
Discipline Smoothing Conditioner for Frizzy Hair,Kérastase,4.0261,115,46,Hair,Shampoo & Conditioner
Curl Manifesto Curl Refreshing & Restyling Spray,Kérastase,4.2202,218,45,Hair,Hair Styling & Treatments
Resistance Strengthening Hair Mask for Extremely Damaged Hair,Kérastase,3.9189,37,68,Hair,Hair Styling & Treatments
Chroma Absolu Anti-Frizz Leave-In Treatment for Color-Treated Hair,Kérastase,4.4127,126,45,Hair,Hair Styling & Treatments
Chroma Absolu Shampoo for Fine to Medium Color-Treated Hair,Kérastase,4.3677,223,40,Hair,Shampoo & Conditioner
Resistance Strengthening Conditioner for Damaged Lengths & Split Ends,Kérastase,3.625,40,46,Hair,Shampoo & Conditioner
Chronologiste Shampoo for Dull and Brittle Hair,Kérastase,4.5133,113,45,Hair,Shampoo & Conditioner
Mini Blond Absolu Strengthening Hair Oil for Very Damaged Blonde Hair,Kérastase,4.5214,140,26,Hair,Hair Styling & Treatments
Chroma Absolu Strengthening Conditioner for Color-Treated Hair,Kérastase,4.4225,187,46,Hair,Shampoo & Conditioner
Nutritive Shampoo for Dry Hair,Kérastase,4,165,38,Hair,Shampoo & Conditioner
Genesis Strengthening Conditioner,Kérastase,4.2508,307,46,Hair,Shampoo & Conditioner
Mini Fresh Affair Fine Fragrance & Oil-Absorbing Dry Shampoo,Kérastase,4.1616,229,24,Hair,Hair Styling & Treatments
Chronologiste Hair Mask for Dull and Brittle Hair,Kérastase,4.5079,252,75,Hair,Hair Styling & Treatments
L'incroyable Blow-Dry Reshapable Hair Lotion,Kérastase,4.3559,59,45,Hair,Hair Styling & Treatments
Nutritive Conditioner for Normal to Dry Hair,Kérastase,3.8889,153,42,Hair,Shampoo & Conditioner
Curl Manifesto Sulfate-Free Shampoo for Curly Hair,Kérastase,4.452,250,40,Hair,Shampoo & Conditioner
Curl Manifesto Curl Defining Gel-Cream,Kérastase,4.1615,161,45,Hair,Hair Styling & Treatments
Genesis Strengthening Hair Mask,Kérastase,4.4795,244,68,Hair,Hair Styling & Treatments
Potentialiste Hydrating & Soothing Scalp Serum,Kérastase,4.5158,95,58,Hair,Hair Styling & Treatments
Nutritive Mask for Dry Thick Hair,Kérastase,4.6667,78,63,Hair,Hair Styling & Treatments
Resistance Strengthening Shampoo for Extremely Damaged Hair,Kérastase,4.4884,43,40,Hair,Shampoo & Conditioner
Mini Blond Absolu Heat Protecting Leave-In Treatment for Blonde Hair,Kérastase,3.375,8,22,Hair,Hair Styling & Treatments
Resistance Strengthening Mask for Lengths & Split Ends,Kérastase,4.5833,12,68,Hair,Hair Styling & Treatments
Discipline Smoothing Hair Mask for Frizzy Hair,Kérastase,4.4194,31,68,Hair,Hair Styling & Treatments
Nutritive Mask for Dry Fine Hair,Kérastase,4.1579,38,63,Hair,Hair Styling & Treatments
Nutritive Shampoo for Severely Dry Hair,Kérastase,4.25,24,38,Hair,Shampoo & Conditioner
Curl Manifesto Lightweight Conditioner for Curly Hair,Kérastase,4.44,150,46,Hair,Shampoo & Conditioner
Resistance Heat Protecting Leave-In Treatment for Split Ends,Kérastase,4.5225,111,45,Hair,Hair Styling & Treatments
Nutritive Conditioner for Severely Dry Hair,Kérastase,3.7667,30,42,Hair,Shampoo & Conditioner
Genesis Strengthening Shampoo for Normal to Dry Hair,Kérastase,4.1405,185,40,Hair,Shampoo & Conditioner
Blond Absolu Moisturizing Cream Shampoo for Very Damaged Blonde Hair,Kérastase,4.5515,165,40,Hair,Shampoo & Conditioner
Nutritive Shampoo for Normal to Dry Hair,Kérastase,3.4179,67,38,Hair,Shampoo & Conditioner
Mini Resistance Heat Protecting Leave-In Treatment for Split Ends,Kérastase,5,3,22,Hair,Hair Styling & Treatments
Curl Manifesto Nourishing Mask for Curly Hair,Kérastase,4.5929,140,68,Hair,Hair Styling & Treatments
Chroma Absolu Strengthening Mask for Color-Treated Hair,Kérastase,4.4211,133,68,Hair,Hair Styling & Treatments
Curl Manifesto Nourishing Scalp & Hair Oil,Kérastase,4.5038,131,54,Hair,Hair Styling & Treatments
Densifique Leave-In Thickening Mousse,Kérastase,3.9375,16,45,Hair,Hair Styling & Treatments
Elixir Ultime Hydrating Hair Mask,Kérastase,4.1304,23,68,Hair,Hair Styling & Treatments
Specifique Divalent Purifying Clay Shampoo for Oily Hair,Kérastase,4.3553,76,54,Hair,Shampoo & Conditioner
Elixir Ultime Hydrating Shampoo,Kérastase,3.4483,29,40,Hair,Shampoo & Conditioner
Mini Blond Absolu Hydrating Illuminating Shampoo,Kérastase,2.6,5,21,Hair,Shampoo & Conditioner
Densifique Thickening Mask for Thinning Hair,Kérastase,4.0909,11,68,Hair,Hair Styling & Treatments
Discipline Oleo-Relax Anti-Frizz Hair Mask,Kérastase,4.0556,18,68,Hair,Hair Styling & Treatments
Discipline Oleo-Relax Anti-Frizz Shampoo,Kérastase,3.9286,14,40,Hair,Shampoo & Conditioner
Nutritive Hair Balm for Severely Dry Hair,Kérastase,4.35,20,45,Hair,Hair Styling & Treatments
VIP Strong Hold Texturizing Hair Spray,Kérastase,3.8519,27,32,Hair,Hair Styling & Treatments
Symbiose Antidandruff Hydrating Shampoo,Kérastase,4.5952,84,40,Hair,Shampoo & Conditioner
Elixir Ultime Hydrating Conditioner,Kérastase,3.7917,24,46,Hair,Shampoo & Conditioner
Chroma Absolu Shampoo for Medium to Thick Color-Treated Hair,Kérastase,4.2101,119,40,Hair,Shampoo & Conditioner
Relaxing Scrub: Soothing Scrub for Dry Scalp,Kérastase,4.1831,71,56,Hair,Hair Styling & Treatments
Mini Blond Absolu Strengthening Conditioner,Kérastase,5,1,24,Hair,Shampoo & Conditioner
Chronologiste Detoxifying Charcoal Pre-Shampoo,Kérastase,4.5,100,52,Hair,Shampoo & Conditioner
Mini Nutritive Conditioner for Normal to Dry Hair,Kérastase,3,1,24,Hair,Shampoo & Conditioner
Mousse Bouffante Volumizing Hair Mousse,Kérastase,3.25,12,32,Hair,Hair Styling & Treatments
Specifique Divalent Hydrating Gel-Mask for Oily Hair,Kérastase,4.2647,68,68,Hair,Hair Styling & Treatments
Laque Couture Medium Hold Hair Spray,Kérastase,4.1,10,32,Hair,Hair Styling & Treatments
Densifique Bodifying Shampoo for Men,Kérastase,4.1429,7,38,Hair,Shampoo & Conditioner
Symbiose Antidandruff Hydrating Night Serum,Kérastase,5,5,59,Hair,Hair Styling & Treatments
Chroma Absolu Anti-Copper Green Mask for Color-Treated Hair,Kérastase,3.8906,128,52,Hair,Hair Styling & Treatments
Symbiose Silicone-Free Hydrating Conditioner for Scalp & Hair,Kérastase,4.4865,37,46,Hair,Shampoo & Conditioner
Aura Botanica Conditioner,Kérastase,4.075,40,42,Hair,Shampoo & Conditioner
Chronologiste L’Huile de Parfum Fragrance Hair Oil,Kérastase,5,2,74,Hair,Hair Styling & Treatments
Laque Extreme Hair Spray,Kérastase,3.7143,7,32,Hair,Hair Styling & Treatments
Genesis Homme Thickening Shampoo for Men,Kérastase,4.6413,92,40,Hair,Shampoo & Conditioner
Symbiose Deeply Hydrating Hair Mask for Damaged Hair,Kérastase,4.7105,38,68,Hair,Hair Styling & Treatments
Symbiose Exfoliating Antidandruff Scalp Scrub,Kérastase,5,6,47,Hair,Hair Styling & Treatments
Genesis Homme Hair Thickening Spray for Men,Kérastase,4.544,182,45,Hair,Hair Styling & Treatments
Genesis Homme Strengthening Shampoo for Men,Kérastase,4.6737,95,40,Hair,Shampoo & Conditioner
Genesis Homme Light-Hold Styling Wax Pomade,Kérastase,4.5604,182,45,Hair,Hair Styling & Treatments
Discipline Cleansing Conditioner,Kérastase,4.5,2,48,Hair,Shampoo & Conditioner
Potentialiste Hydrating & Soothing Scalp Serum,Kérastase,,,58,Hair,Hair Styling & Treatments
Ultra Facial Moisturizing Cream with Squalane,Kiehl's Since 1851,4.4469,2515,78,Skincare,Moisturizers
Mini Ultra Facial Moisturizing Cream with Squalane,Kiehl's Since 1851,4.4469,2515,24,Skincare,Mini Size
Creamy Eye Treatment with Avocado,Kiehl's Since 1851,3.9994,1668,36,Skincare,Eye Care
Mini Creamy Eye Treatment with Avocado,Kiehl's Since 1851,3.9994,1668,36,Mini Size,Skincare
Midnight Recovery Concentrate Moisturizing Face Oil,Kiehl's Since 1851,4.2174,1173,56,Skincare,Treatments
Midnight Recovery Concentrate Moisturizing Face Oil,Kiehl's Since 1851,4.2174,1173,30,Skincare,Mini Size
Powerful-Strength Dark Circle Reducing Vitamin C Eye Serum,Kiehl's Since 1851,3.8646,1041,55,Skincare,Eye Care
Clearly Corrective Dark Spot Correcting Serum,Kiehl's Since 1851,3.8478,913,65,Skincare,Treatments
Clearly Corrective Dark Spot Solution Duo,Kiehl's Since 1851,3.8478,913,125,Skincare,Value & Gift Sets
Ultra Facial Cleanser,Kiehl's Since 1851,4.3712,862,30,Skincare,Cleansers
Retinol Fast-Release Wrinkle Reducing Night Serum,Kiehl's Since 1851,4.5163,614,85,Skincare,Treatments
Olive Fruit Oil Deeply Repairative Hair Pak,Kiehl's Since 1851,4.6277,376,32,Hair,Hair Styling & Treatments
Micro-Dose Anti-Aging Retinol Serum with Ceramides and Peptide,Kiehl's Since 1851,4.4916,598,65,Skincare,Treatments
Vital Skin-Strengthening Hyaluronic Acid Super Serum,Kiehl's Since 1851,4.2194,597,60,Skincare,Treatments
Super Multi-Corrective Anti-Aging Eye Cream,Kiehl's Since 1851,4.5714,581,60,Skincare,Eye Care
Rare Earth Deep Pore Minimizing Cleansing Clay Mask,Kiehl's Since 1851,4.542,524,45,Skincare,Masks
Mini Rare Earth Deep Pore Minimizing Cleansing Clay Mask,Kiehl's Since 1851,4.542,524,25,Skincare,Mini Size
Ferulic Brew Facial Treatment Essence with Lactic Acid,Kiehl's Since 1851,4.5603,514,60,Skincare,Moisturizers
Crème de Corps Hydrating Body Lotion with Squalane,Kiehl's Since 1851,4.1787,207,34,Bath & Body,Body Moisturizers
Creme de Corps Soy Milk & Honey Whipped Body Butter,Kiehl's Since 1851,4.503,169,45,Bath & Body,Body Moisturizers
Ultimate Strength Hand Salve,Kiehl's Since 1851,4.6411,365,32,Bath & Body,Body Moisturizers
Ultra Facial Overnight Hydrating Face Mask with 10.5% Squalane,Kiehl's Since 1851,4.5461,434,45,Skincare,Masks
Powerful-Strength Vitamin C Serum,Kiehl's Since 1851,3.6684,389,78,Skincare,Treatments
Avocado Nourishing Hydration Mask,Kiehl's Since 1851,3.9019,316,48,Skincare,Masks
Ultra Facial Advanced Repair Barrier Cream,Kiehl's Since 1851,4.7556,311,48,Skincare,Moisturizers
Calendula Deep Clean Foaming Face Wash,Kiehl's Since 1851,4.5033,306,38,Skincare,Cleansers
Milk-Peel Gentle Exfoliating Toner,Kiehl's Since 1851,4.682,305,60,Skincare,Cleansers
Mini Ultimate Strength Hand Salve,Kiehl's Since 1851,4.6411,365,22,Bath & Body,Mini Size
Midnight  Recovery Omega-Rich Cloud Cream,Kiehl's Since 1851,4.5233,300,60,Skincare,Moisturizers
Midnight Recovery Botanical Cleansing Oil,Kiehl's Since 1851,4.2844,225,35,Skincare,Cleansers
Cannabis Sativa Seed Oil Herbal Concentrate (Hemp-Derived),Kiehl's Since 1851,4.1396,222,55,Skincare,Moisturizers
Pure Vitality Skin Renewing Cream,Kiehl's Since 1851,4.3301,206,75,Skincare,Moisturizers
Ultra Facial Oil-Free Gel Cream,Kiehl's Since 1851,4.4876,201,38,Skincare,Moisturizers
Calendula Herbal Extract Alcohol Free Toner,Kiehl's Since 1851,4.2216,194,47,Skincare,Cleansers
Buttermask Intense Repair Lip Treatment,Kiehl's Since 1851,4.0419,191,28,Skincare,Lip Balms & Treatments
Rare Earth Deep Pore Daily Cleanser,Kiehl's Since 1851,4.2872,188,28,Skincare,Cleansers
Ultra Facial Toner,Kiehl's Since 1851,4.2637,182,24,Skincare,Cleansers
Mini Calendula Herbal Extract Alcohol Free Toner,Kiehl's Since 1851,3.5769,26,29,Mini Size,Skincare
Super Multi-Corrective Anti-Aging Face and Neck Cream,Kiehl's Since 1851,4.2824,170,76,Skincare,Moisturizers
Ultra Facial Cream Sunscreen SPF 30,Kiehl's Since 1851,3.8344,157,38,Skincare,Moisturizers
Daily Reviving Concentrate,Kiehl's Since 1851,4.3986,138,59,Skincare,Treatments
Facial Fuel Energizing Moisturizer for Men,Kiehl's Since 1851,4.2353,34,45,Men,Skincare
Amino Acid Shampoo,Kiehl's Since 1851,3.7736,53,26,Hair,Shampoo & Conditioner
Super Fluid Daily UV Defense Sunscreen Broad Spectrum SPF 50+,Kiehl's Since 1851,3.6048,124,68,Skincare,Sunscreen
Ultra Facial Moisturizer Sunscreen SPF 30,Kiehl's Since 1851,3.7473,91,38,Skincare,Moisturizers
Ultra Facial Moisturizer,Kiehl's Since 1851,3.7143,84,38,Skincare,Moisturizers
Mini Crème de Corps Hydrating Body Lotion with Squalane,Kiehl's Since 1851,3.2432,37,16,Mini Size,Bath & Body
Epidermal Re-Texturizing Micro-Dermabrasion,Kiehl's Since 1851,4.6173,81,46,Skincare,Cleansers
Facial Fuel Energizing Face Wash,Kiehl's Since 1851,4.8108,37,25,Men,Skincare
Amino Acid Conditioner,Kiehl's Since 1851,4.3333,45,27,Hair,Shampoo & Conditioner
"""Ultimate Man"" Body Scrub Soap",Kiehl's Since 1851,4.7727,44,20,Men,Other Needs
Calendula Petal-Infused Calming Mask with Aloe Vera,Kiehl's Since 1851,4.5111,45,47,Skincare,Masks
Dermatologist Solutions Centella Sensitive Cica-Cream,Kiehl's Since 1851,4.5152,33,46,Skincare,Moisturizers
Rare Earth Pore Refining Tonic,Kiehl's Since 1851,3.5758,33,25,Skincare,Cleansers
Oil Eliminator Deep Cleansing Exfoliating Face Wash For Men,Kiehl's Since 1851,4.4545,11,28,Men,Skincare
Facial Fuel Energizing Scrub,Kiehl's Since 1851,4.8,10,26,Men,Shaving
Mini Clearly Corrective Dark Spot Correcting Serum,Kiehl's Since 1851,3.0455,22,35,Skincare,Mini Size
Nourishing Olive Fruit Oil Conditioner,Kiehl's Since 1851,4.2917,24,27,Hair,Shampoo & Conditioner
Age Defender Eye Repair,Kiehl's Since 1851,3.6364,11,40,Men,Skincare
Facial Fuel Energizing Tonic For Men,Kiehl's Since 1851,5,6,25,Men,Skincare
Super Multi-Corrective Cream Sunscreen Broad Spectrum SPF 30,Kiehl's Since 1851,3.6,15,95,Skincare,Moisturizers
Grooming Solutions Nourishing Beard Grooming Oil,Kiehl's Since 1851,4.3077,13,36,Men,Shaving
Body Fuel All-In-One Energizing Wash,Kiehl's Since 1851,4.8,5,25,Men,Other Needs
Ultra Facial Hydrating Concentrated Cleansing Bar,Kiehl's Since 1851,4.3333,6,20,Skincare,Cleansers
Age Defender Power Serum,Kiehl's Since 1851,4,4,60,Men,Skincare
Mini Calendula Deep Clean Foaming Face Wash,Kiehl's Since 1851,5,3,18,Skincare,Cleansers
Grooming Solutions Texturizing Clay,Kiehl's Since 1851,3.5,8,20,Hair,Hair Styling & Treatments
Mask and Moisturize Duo Skincare Gift Set,Kiehl's Since 1851,5,1,30,Skincare,Value & Gift Sets
Rare Earth Pore Minimizing Lotion,Kiehl's Since 1851,,,33,Skincare,Moisturizers
Ultra Pure High-Potency 5.0% Niacinamide Serum,Kiehl's Since 1851,,,35,Skincare,Treatments
Ultra Pure High-Potency 9.8% Glycolic Acid Serum,Kiehl's Since 1851,,,35,Skincare,Treatments
Ultra Facial Cream Refill Bundle,Kiehl's Since 1851,,,78,Skincare,Value & Gift Sets
Ultra Pure Hyaluronic Acid 1.5% Serum,Kiehl's Since 1851,,,35,Skincare,Treatments
Deep Pore Cleansing Kit,Kiehl's Since 1851,,,63,Skincare,Value & Gift Sets
Ultra Facial Cleanser Home & Away Bundle,Kiehl's Since 1851,,,26,Skincare,Value & Gift Sets
"Love, Don't Be Shy",KILIAN Paris,3.6656,1256,275,Fragrance,Women
"Love, Don't Be Shy Travel Spray",KILIAN Paris,3.6656,1256,50,Fragrance,Women
Princess Eau de Parfum,KILIAN Paris,4.2921,808,125,Fragrance,Women
Angels Share Eau De Parfum,KILIAN Paris,4.4305,532,230,Fragrance,Women
Princess Eau de Parfum Travel Spray,KILIAN Paris,4.2921,808,30,Fragrance,Women
Angels Share Eau De Parfum Travel Spray,KILIAN Paris,4.3162,136,50,Fragrance,Women
Good Girl Gone Bad by KILIAN,KILIAN Paris,4.2139,346,275,Fragrance,Women
"Love, Don't be Shy Mini Spray Set",KILIAN Paris,3.8857,35,215,Fragrance,Women
Rolling in Love,KILIAN Paris,4.4934,152,275,Fragrance,Women
"Black Phantom - ""Memento Mori""",KILIAN Paris,4.2759,145,275,Fragrance,Women
Apple Brandy Eau de Parfum,KILIAN Paris,4.4151,265,230,Fragrance,Women
Good Girl Gone Bad by KILIAN Travel Spray,KILIAN Paris,3.3333,21,50,Fragrance,Women
Apple Brandy Eau de Parfum Travel Spray,KILIAN Paris,4.4,25,50,Fragrance,Women
Good Girl Gone Bad by KILIAN Mini Spray Set,KILIAN Paris,4.6429,14,215,Fragrance,Women
Intoxicated,KILIAN Paris,3.9231,13,275,Fragrance,Women
Roses On Ice Eau De Parfum,KILIAN Paris,4.339,236,230,Fragrance,Women
"Straight To Heaven, White Cristal",KILIAN Paris,4.0526,19,275,Fragrance,Women
Can't Stop Loving You,KILIAN Paris,4.1,10,275,Fragrance,Women
Moonlight in Heaven,KILIAN Paris,3.2105,19,275,Fragrance,Women
"Love, Don't Be Shy-EXTREME",KILIAN Paris,3.7273,11,340,Fragrance,Women
Good Girl Gone Bad Eau Fraîche,KILIAN Paris,5,3,240,Fragrance,Women
"Black Phantom - ""Memento Mori"" Mini Spray Set",KILIAN Paris,4.125,8,215,Fragrance,Women
"Straight To Heaven, White Cristal Travel Spray Set",KILIAN Paris,4.8,5,215,Fragrance,Value & Gift Sets
Vodka on the Rocks,KILIAN Paris,4.3333,15,275,Fragrance,Women
Rose Oud Eau de Parfum,KILIAN Paris,3.4,5,265,Fragrance,Women
Mini Perfume Icons Sampler Set,KILIAN Paris,5,2,30,Fragrance,Value & Gift Sets
Sacred Wood Eau de Parfum,KILIAN Paris,3,1,275,Fragrance,Women
Good Girl Gone Bad Travel Spray,KILIAN Paris,,,50,Fragrance,Women
Mini Icons Discovery Set,KILIAN Paris,,,30,Fragrance,Value & Gift Sets
Aqua Foundation,Koh Gen Do,3.9848,132,96,Makeup,Face
Cleansing Spa Water Cloths,Koh Gen Do,4.4789,284,23,Skincare,Cleansers
Tropical Cocount Melt,Kopari,3.25,4,29,Bath & Body,Body Moisturizers
Mini Noni Glow Face Oil,KORA Organics,4.3877,1166,28,Skincare,Mini Size
Noni Glow Plumping Face Oil,KORA Organics,4.4112,1121,72,Skincare,Moisturizers
Turmeric Glow Brightening Moisturizer,KORA Organics,4.4985,1017,62,Skincare,Moisturizers
Noni Night AHA Pore & Resurfacing Serum,KORA Organics,4.3946,555,74,Skincare,Treatments
Turmeric BHA Pore & Brightening Treatment Mask,KORA Organics,4.1626,492,52,Skincare,Masks
Mini Turmeric BHA Pore & Brightening Treatment Mask,KORA Organics,4.1626,492,18,Skincare,Mini Size
Milky Mushroom Gentle Cleansing Oil Makeup Remover,KORA Organics,4.4597,459,44,Skincare,Cleansers
Berry Bright Firming Vitamin C Eye Cream,KORA Organics,4.6225,408,58,Skincare,Eye Care
Noni Radiant Brightening Eye Oil,KORA Organics,3.7915,398,42,Skincare,Eye Care
Noni Bright 12% Vitamin C Serum,KORA Organics,4.2288,389,73,Skincare,Treatments
Turmeric Glow Foaming Cleanser,KORA Organics,4.6111,288,44,Skincare,Cleansers
Noni Glow Hydrating & Toning Body Oil,KORA Organics,3.84,50,63,Bath & Body,Body Moisturizers
Active Algae Lightweight Moisturizer,KORA Organics,4.6763,207,48,Skincare,Moisturizers
Minty Mineral Hydration Face Mist with Aloe Vera,KORA Organics,4.5027,183,44,Skincare,Moisturizers
Noni Glow Overnight Plumping Hydration Mask,KORA Organics,3.7283,92,52,Skincare,Masks
Turmeric Invigorating Body Scrub,KORA Organics,4.6696,339,60,Bath & Body,Bath & Shower
Rose Quartz Facial De-Puffing & Lifting Gua Sha,KORA Organics,4.0714,28,63,Skincare,Wellness
Nourishing Hand & Body Lotion,KORA Organics,3,2,55,Bath & Body,Body Moisturizers
Renewing Hand & Body Wash,KORA Organics,2.5,2,48,Bath & Body,Bath & Shower
Greek Yoghurt Foaming Cream Cleanser,KORRES,4.5667,4186,28,Skincare,Cleansers
Santorini Grape Poreless Skin Cream,KORRES,4.4026,3167,38.5,Skincare,Moisturizers
Greek Yoghurt Nourishing Probiotic Gel-Cream,KORRES,4.348,3112,38.5,Skincare,Moisturizers
Wild Rose Night-Brightening Sleeping Facial,KORRES,4.3596,1424,50,Skincare,Moisturizers
Wild Rose Brightening Absolute Oil,KORRES,4.3553,622,54,Skincare,Moisturizers
Greek Yoghurt Probiotic Superdose Face Mask,KORRES,4.5049,509,52,Skincare,Masks
Santorini Grape Velvet Skin Drink,KORRES,4.5878,427,50,Skincare,Moisturizers
Black Pine 3D Eye-Lift Super Serum,KORRES,4.0063,158,61,Skincare,Eye Care
Mini Greek Yoghurt Foaming Cream Cleanser,KORRES,4.2471,85,16,Skincare,Mini Size
MenoReverse Volumizing Serum-in-Moisturizer,KORRES,4.0517,58,45,Skincare,Moisturizers
Revealer Super Creamy + Brightening Concealer and Daytime Eye Cream,Kosas,3.9914,2910,30,Makeup,Face
Cloud Set Baked Setting & Smoothing Talc-Free Vegan Powder,Kosas,4.1641,1121,35,Makeup,Face
Revealer Skin-Improving Foundation SPF 25 with Hyaluronic Acid and Niacinamide,Kosas,3.9787,847,42,Makeup,Face
Wet Lip Oil Plumping Treatment Gloss,Kosas,4,426,22,Makeup,Lip
Tinted Face Oil Comfy Skin Tint,Kosas,3.6687,1781,42,Makeup,Face
Air Brow Tinted Clean Volumizing Eyebrow Gel,Kosas,4.3982,899,24,Makeup,Eye
Kosasport LipFuel Hyaluronic Acid Lip Balm,Kosas,4.0215,604,18,Makeup,Lip
10-Second Eye Gel Watercolor Eyeshadow,Kosas,3.3796,108,15,Makeup,Eye
Air Brow Clear + Clean Lifting Treatment Eyebrow Gel with Lamination Effect,Kosas,3.9931,724,24,Makeup,Eye
Mini Revealer Super Creamy + Brightening Concealer and Daytime Eye Cream,Kosas,3.8083,412,15,Makeup,Face
Wet Lip Oil Plumping Treatment Gloss - Undressed Collection,Kosas,4.0714,154,22,Makeup,Lip
Chemistry AHA Serum Deodorant,Kosas,3.9662,1034,16,Bath & Body,Body Care
Color & Light: Crème Cream Blush & Highlighter Duo,Kosas,4.1706,252,34,Makeup,Cheek
Glow I.V. Vitamin-Infused Skin Illuminating Enhancer,Kosas,3.2473,275,38,Makeup,Face
The Sun Show Glowy Warmth Talc-Free Baked Bronzer,Kosas,5,1,35,Makeup,Cheek
Brow Pop Clean Dual-Action Defining Eyebrow Pencil,Kosas,4.3682,497,24,Makeup,Eye
Good Body Skin AHA + Enzyme Exfoliating Body Wash,Kosas,4.1176,119,22,Bath & Body,Bath & Shower
The Big Clean Longwear Volumizing + Lash Care Mascara,Kosas,3.4892,417,26,Makeup,Eye
Plump + Juicy Lip Booster Buttery Treatment,Kosas,4.2938,194,25,Skincare,Lip Balms & Treatments
Revealer Dual-Ended Makeup Blender Sponge,Kosas,3.4286,14,14,Makeup,Brushes & Applicators
Plump + Juicy Vegan Collagen + Probiotic Spray-On Serum,Kosas,4.3741,139,48,Skincare,Moisturizers
GrowPotion Fluffy Brow + Lash Boosting Serum,Kosas,3.9633,109,48,Makeup,Eye
Mini The Big Clean Longwear Volumizing + Lash Care Mascara,Kosas,3.1852,27,13,Mini Size,Makeup
Underlined Kajal Clean Waterproof Long-Wear Eyeliner,Kulfi,4.5611,221,20,Makeup,Eye
Main Match Crease-Proof Long-Wear Hydrating Concealer,Kulfi,4.5613,253,26,Makeup,Face
Mehndi Moment Long-Lasting Radiant Cream Blush,Kulfi,4.6973,185,28,Makeup,Cheek
Tattoo Liner Vegan Waterproof Liquid Eyeliner,KVD Beauty,4.131,21281,25,Makeup,Eye
Lock-It Full-Coverage Long-Wear Matte Liquid Foundation,KVD Beauty,3.9175,14468,40.5,Makeup,Face
Shade + Light Refillable Powder Face Contour Palette,KVD Beauty,4.3784,1118,52.5,Makeup,Makeup Palettes
Everlasting Lip Liner,KVD Beauty,4.5511,1655,22.5,Makeup,Lip
"Super Pomade Vegan Eyeliner, Shadow & Brow Pigment",KVD Beauty,4.6512,4063,25,Makeup,Eye
Good Apple Lightweight Full-Coverage Cream Foundation Balm,KVD Beauty,3.8474,2497,42.5,Makeup,Face
Ink Liner Waterproof Felt-Tip Liquid Eyeliner,KVD Beauty,4.0435,3100,25,Makeup,Eye
Lock-It Setting Powder,KVD Beauty,4.2027,2931,35,Makeup,Face
Lock-It Refillable Mattifying Pressed Finishing Powder,KVD Beauty,4.2173,336,35,Makeup,Face
Saint Eau de Parfum,KVD Beauty,4.3991,3806,85,Fragrance,Women
Lock-It Hydrating Primer,KVD Beauty,3.7257,711,34,Makeup,Face
Sinner Eau de Parfum,KVD Beauty,4.1447,2094,85,Fragrance,Women
Tattoo Pencil Liner Waterproof Long-Wear Gel Eyeliner,KVD Beauty,4.3309,680,23,Makeup,Eye
Everlasting Hyperlight Vegan Transfer-Proof Liquid Lipstick,KVD Beauty,4.1029,554,23,Makeup,Lip
Mini Tattoo Liner Vegan Waterproof Liquid Eyeliner,KVD Beauty,3.2626,377,15,Makeup,Eye
Lock-It Powder Foundation,KVD Beauty,3.9884,1209,37,Makeup,Face
Everlasting Blush,KVD Beauty,4.7313,480,29.5,Makeup,Cheek
Dazzle Vegan Long-Wear Eyeshadow Stick,KVD Beauty,4.5692,130,24,Makeup,Eye
Saint Eau de Parfum Travel Spray,KVD Beauty,4.1852,270,22,Fragrance,Women
Good Apple Lightweight Full-Coverage Concealer,KVD Beauty,4.2446,597,30,Makeup,Face
Mini Lock-It Full-Coverage Long-Wear Matte Liquid Foundation,KVD Beauty,3.5,80,18,Mini Size,Makeup
XO Vinyl Lip Cream Lip Gloss,KVD Beauty,4.4632,462,20,Makeup,Lip
ModCon Long-Wear Hydrating Liquid-Gel Contour,KVD Beauty,3.496,125,29.5,Makeup,Face
#70 Pomade Brow Brush,KVD Beauty,4.6728,1403,20,Tools & Brushes,Brushes & Applicators
Good Apple Full-Coverage Transfer-Proof Vegan Serum Foundation,KVD Beauty,4.0375,826,42,Makeup,Face
Go Big or Go Home Long-Wear Vegan Volumizing Mascara,KVD Beauty,3.6613,1872,25,Makeup,Eye
Kitten Mini: Glamrok Shade + Light Eyeshadow Quad,KVD Beauty,3.7,30,19,Makeup,Mini Size
Lock-It Finishing Powder Refill,KVD Beauty,4.4667,30,22,Makeup,Face
Kitten Mini: Purrfect Cat Eyes Mini Mascara & Eyeliner Set,KVD Beauty,2.8421,19,20,Makeup,Eye
Shake Primer High-Impact Invisible Eyeshadow Primer,KVD Beauty,3.1809,94,22,Makeup,Eye
Lock-It Powder Foundation Refills,KVD Beauty,4.24,25,24,Makeup,Face
Mini Go Big or Go Home Long-Wear Vegan Volumizing Mascara,KVD Beauty,3.1163,129,13,Mini Size,Makeup
ModCon Liquid-Gel Blush,KVD Beauty,2.9375,16,29.5,Makeup,Cheek
Epic Curl Vegan Lash Primer,KVD Beauty,2.9355,31,24,Makeup,Eye
Lock-It Vegan Pore-Refining Hydrating Primer with Rice Water,KVD Beauty,4.2206,748,34,Makeup,Face
Mini Everlasting Hyperlight Vegan Transfer-Proof Liquid Lipstick,KVD Beauty,3,1,13,Makeup,Lip
Hand Cream,L'Occitane,4.5149,2117,30,Bath & Body,Body Moisturizers
Cleansing And Softening Refillable Shower Oil With Almond Oil,L'Occitane,4.3501,1808,29,Bath & Body,Bath & Shower
Almond Smoothing and Beautifying Supple Skin Oil,L'Occitane,4.6064,902,50,Bath & Body,Body Moisturizers
Mini Hand Cream,L'Occitane,4.5149,2117,12.5,Mini Size,Bath & Body
Almond Milk Concentrate,L'Occitane,4.5764,628,55,Bath & Body,Body Moisturizers
Shea Nail And Cuticle Oil,L'Occitane,4.3833,120,20,Makeup,Nail
Shea Butter Ultra Rich Body Cream,L'Occitane,4.5822,438,49,Bath & Body,Body Moisturizers
Cleansing And Softening Shower Oil With Almond Oil Mini,L'Occitane,4.3501,1808,10.5,Mini Size,Bath & Body
Shea Butter Rich Body Lotion,L'Occitane,4.5246,183,35,Bath & Body,Body Moisturizers
Lavender Harvest Foaming Bath,L'Occitane,4.3028,109,39,Bath & Body,Bath & Shower
Almond Exfoliating And Smoothing Delicious Paste,L'Occitane,4.2143,56,49,Bath & Body,Bath & Shower
100 percent Pure Shea Butter,L'Occitane,4.673,315,40,Bath & Body,Body Moisturizers
Immortelle Divine Cream,L'Occitane,3.8805,159,115,Skincare,Moisturizers
Moisturizing And Smoothing Milk Veil,L'Occitane,4.4091,66,45,Bath & Body,Body Moisturizers
Shea Butter Intensive Hand Balm,L'Occitane,4.6111,36,38,Bath & Body,Body Moisturizers
Almond Delightful Body Balm,L'Occitane,4.6429,28,40,Bath & Body,Body Moisturizers
Shea Shower Oil,L'Occitane,3.9677,31,29,Bath & Body,Bath & Shower
Shea Butter Foot Cream,L'Occitane,4.5143,35,30,Bath & Body,Body Moisturizers
Verbena Shower Gel,L'Occitane,4.2963,135,22,Bath & Body,Bath & Shower
Immortelle Reset Overnight Reset Oil-In Serum,L'Occitane,4.5333,60,65,Skincare,Treatments
Immortelle Overnight Reset Eye Serum,L'Occitane,3.6,10,60,Skincare,Eye Care
Hand Cream Trio,L'Occitane,4.1429,7,29,Skincare,Value & Gift Sets
Steampod Flat Iron & Styler,L'Oreal Professionnel,4.3014,438,250,Hair,Tools
Limited Edition Barbie x Steampod Flat Iron & Styler,L'Oreal Professionnel,4.2938,439,250,Hair,Tools
SteamPod Flat Iron & Styler Limited Edition Bundle,L'Oreal Professionnel,,,250,Hair,Value & Gift Sets
Crème de la Mer Moisturizer,La Mer,4.0566,1377,380,Skincare,Moisturizers
Mini Crème de la Mer Moisturizer,La Mer,4.0566,1377,100,Skincare,Mini Size
The Concentrate Serum,La Mer,4.5187,563,425,Skincare,Treatments
The Treatment Lotion,La Mer,4.6439,424,180,Skincare,Moisturizers
Mini The Treatment Lotion,La Mer,4.6439,424,125,Skincare,Moisturizers
The Hydrating Infused Emulsion,La Mer,4.6222,360,125,Skincare,Moisturizers
The Eye Concentrate Cream,La Mer,4.0535,318,260,Skincare,Eye Care
The Renewal Oil,La Mer,4.4256,195,270,Skincare,Moisturizers
The Lip Balm,La Mer,3.9323,192,75,Skincare,Lip Balms & Treatments
The Regenerating Serum,La Mer,4.375,152,410,Skincare,Treatments
The Moisturizing Cool Gel Cream,La Mer,3.6788,137,200,Skincare,Moisturizers
The Cleansing Foam,La Mer,4,119,95,Skincare,Cleansers
The Moisturizing Soft Cream Moisturizer,La Mer,4.5146,103,380,Skincare,Moisturizers
The Moisturizing Soft Lotion,La Mer,4.0704,71,320,Skincare,Moisturizers
The Broad Spectrum SPF 50 UV Protecting Fluid,La Mer,4.2537,67,105,Skincare,Sunscreen
The Moisturizing Matte Lotion,La Mer,4.2258,62,320,Skincare,Moisturizers
The Lip Volumizer,La Mer,3.5536,56,85,Skincare,Lip Balms & Treatments
The Lip Polish,La Mer,4.9091,11,75,Makeup,Lip
The Eye Balm Intense,La Mer,3.5818,55,260,Skincare,Eye Care
The Hydrating Illuminator,La Mer,4.619,21,90,Makeup,Face
The Replenishing Oil Exfoliator,La Mer,4.6596,47,135,Skincare,Cleansers
The Tonic,La Mer,4.1333,45,95,Skincare,Cleansers
The Cleansing Micellar Water,La Mer,4.2,45,95,Skincare,Cleansers
The Body Crème,La Mer,4.125,24,300,Bath & Body,Body Moisturizers
The Lifting and Firming Mask,La Mer,4.2857,42,300,Skincare,Masks
The Intensive Revitalizing Mask,La Mer,4.4571,35,200,Skincare,Masks
The Revitalizing Hydrating Serum,La Mer,4,29,255,Skincare,Treatments
Treatment Lotion Hydrating Mask,La Mer,4.2609,23,190,Skincare,Masks
Mini The Cleansing Foam,La Mer,3.6087,23,25,Skincare,Cleansers
Mini The Lifting and Firming Mask,La Mer,4.3636,22,95,Skincare,Mini Size
Mini The Concentrate Serum,La Mer,4.4444,18,220,Skincare,Mini Size
The Lifting Eye Serum,La Mer,3.3333,15,300,Skincare,Eye Care
Crème de La Mer Duet,La Mer,4.4615,13,380,Skincare,Value & Gift Sets
Mini The Renewal Oil,La Mer,4.3077,13,145,Skincare,Mini Size
The Renewal Body Oil Balm,La Mer,4.2,5,210,Bath & Body,Body Moisturizers
Mini The Moisturizing Cool Gel Cream,La Mer,4.3,10,100,Skincare,Mini Size
The Perfecting Primer,La Mer,3.3333,6,95,Makeup,Face
The Hydrating Treatment Lotion & Crème Set,La Mer,3,2,200,Skincare,Value & Gift Sets
Mini Moisturizing Soft Cream Moisturizer,La Mer,4,1,100,Mini Size,Skincare
Teint Idole Ultra 24H Long Wear Matte Foundation,Lancôme,4.3796,5643,57,Makeup,Face
Cils Booster XL Super-Enhancing Mascara Primer,Lancôme,4.4446,4989,30,Makeup,Eye
Lash Idôle Lash-Lifting & Volumizing Mascara,Lancôme,4.5243,8705,30,Makeup,Eye
Advanced Génifique Radiance Boosting Face Serum,Lancôme,4.4032,1602,132,Skincare,Treatments
La Vie Est Belle,Lancôme,4.5438,1177,118,Fragrance,Women
Tonique Confort Re-Hydrating Comforting Toner with Acacia Honey,Lancôme,4.5585,1581,39,Skincare,Cleansers
Hydra Zen Glow Liquid Lightweight Moisturizer with Hyaluronic Acid,Lancôme,4.413,1511,54,Skincare,Moisturizers
Teint Idole Ultra Wear All Over Full Coverage Concealer,Lancôme,4.5854,3427,29,Makeup,Face
Monsieur Big Volumizing Mascara,Lancôme,4.0716,3156,30,Makeup,Eye
Bi-Facil Double-Action Eye Makeup Remover,Lancôme,4.6511,3800,38,Makeup,Accessories
L'Absolu Lacquer Long-Lasting Liquid Lipstick,Lancôme,4.2708,1252,32,Makeup,Lip
Hydra Zen Gel-Cream Oil-Free Moisturizer with Salicylic Acid,Lancôme,4.5629,1256,48,Skincare,Moisturizers
DRAMA LIQUI-PENCIL Longwear Eyeliner,Lancôme,4.66,1147,23,Makeup,Eye
Dèfinicils High Definition Lengthening Mascara,Lancôme,4.3106,3390,33,Makeup,Eye
Juicy Tubes Original Lip Gloss,Lancôme,4.569,1587,24,Makeup,Lip
"UV Expert Aquagel Defense Sunscreen, Primer & Moisturizer SPF 50 Duo",Lancôme,4.2383,1045,65,Skincare,Value & Gift Sets
Advanced Génifique Yeux Light-Pearl Eye Serum,Lancôme,4.0968,1002,80,Skincare,Eye Care
Mini Lash Idôle Lash-Lifting & Volumizing Mascara,Lancôme,4.5146,8899,16,Mini Size,Makeup
L'Absolu Rouge Cream Lipstick,Lancôme,4.5505,307,35,Makeup,Lip
SKIN FEELS GOOD Tinted Moisturizer with SPF 23,Lancôme,4.2722,2715,37,Makeup,Face
Clarifique Exfoliating & Hydrating Face Essence with Glycolic Acid,Lancôme,4.643,846,95,Skincare,Moisturizers
DUAL FINISH – Multi-tasking Longwear Powder Foundation,Lancôme,4.3308,1170,50,Makeup,Face
HYPNÔSE DRAMA Instant Full Body Volume Mascara,Lancôme,3.8518,2854,33,Makeup,Eye
Idôle Eau de Parfum,Lancôme,4.5362,649,118,Fragrance,Women
Mini Cils Booster XL Super-Enhancing Mascara Primer,Lancôme,4.3898,254,16,Mini Size,Makeup
Advanced Génifique Wrinkle & Dark Circle Eye Cream,Lancôme,4.6133,706,79,Skincare,Eye Care
Rénergie H.C.F. Triple Serum: For Plumping & Anti-Aging,Lancôme,4.4419,602,140,Skincare,Treatments
Teint Idole Ultra Wear Care & Glow Foundation​ with Hyaluronic Acid,Lancôme,4.5373,2736,57,Makeup,Face
Mini Monsieur Big Mascara,Lancôme,4.0651,3259,16,Mini Size,Makeup
ARTLINER Precision Felt-Tip Liquid Eyeliner,Lancôme,4.4306,1412,31,Makeup,Eye
Teint Idole Ultra Wear 5-In-1 Foundation Stick,Lancôme,4.481,1106,49,Makeup,Face
Advanced Génifique Night Cream with Triple Ceramide Complex,Lancôme,4.7127,463,95,Skincare,Moisturizers
Hypnôse Volumizing Mascara,Lancôme,4.3747,958,33,Makeup,Eye
L'Absolu Rouge Drama Matte Lipstick,Lancôme,4.7168,173,35,Makeup,Lip
Monsieur Big Waterproof Mascara,Lancôme,4.1268,1498,30,Makeup,Eye
La Base Pro Perfecting and Smoothing Makeup Primer,Lancôme,4.3243,518,42,Makeup,Face
Crème Radiance Gentle Cleansing Creamy-Foam Cleanser,Lancôme,4.4416,394,34,Skincare,Cleansers
Le Lip Liner,Lancôme,4.5944,180,28,Makeup,Lip
Rénergie Lift Multi-Action Ultra Dark Spot Correcting Cream SPF 30,Lancôme,4.6909,317,135,Skincare,Moisturizers
Rénergie Lift Multi-Action Ultra Dark Circle Correcting Eye Cream,Lancôme,4.6376,298,82,Skincare,Eye Care
Hypnôse Drama Instant Full Body Volume Waterproof Mascara,Lancôme,3.8914,608,33,Makeup,Eye
LE STYLO WATERPROOF - Long Lasting Eyeliner,Lancôme,4.7253,546,28,Makeup,Eye
DÉFINICILS WATERPROOF - High Definition Mascara,Lancôme,4.1222,540,33,Makeup,Eye
HYPNÔSE DOLL LASHES Mascara,Lancôme,3.4726,821,33,Makeup,Eye
Trésor Midnight Rose,Lancôme,4.5175,114,125,Fragrance,Women
Idôle Ultra-Precise Felt Tip Liquid Eyeliner,Lancôme,4.4938,891,23,Makeup,Eye
Mini Bi-Facil Double-Action Eye Makeup Remover,Lancôme,4.2833,60,18,Mini Size,Makeup
La Vie Est Belle Travel Spray,Lancôme,4.5438,1177,34,Fragrance,Women
Trésor,Lancôme,4.0714,98,118,Fragrance,Women
Tonique Radiance Clarifying Refining Toner,Lancôme,4.103,165,31,Skincare,Cleansers
La Vie Est Belle L'Eclat Eau de Parfum,Lancôme,4.2703,37,118,Fragrance,Women
Fix It Forget It Setting Spray,Lancôme,4.3771,936,34,Makeup,Face
Absolue Soft Cream Revitalizing & Brightening Moisturizer,Lancôme,4.6763,139,150,Skincare,Moisturizers
Absolue Revitalizing Eye Cream,Lancôme,4.6094,128,135,Skincare,Eye Care
Absolue Rich Cream Moisturizer,Lancôme,4.8031,127,270,Skincare,Moisturizers
Mini Fix It Forget It Setting Spray,Lancôme,3.2051,39,17,Mini Size,Makeup
Advanced Génifique Hydrogel Melting Mask,Lancôme,4.0833,108,15,Skincare,Masks
HYPNOSE WATERPROOF - Custom Volume Mascara,Lancôme,3.949,392,33,Makeup,Eye
Lash Idôle Lash-Lifting & Volumizing Waterproof Mascara,Lancôme,3.5385,13,30,Makeup,Eye
Hydra Zen Anti-Stress Moisturizing Face Cream,Lancôme,4.2692,78,57,Skincare,Moisturizers
Le 8 Hypnôse Serum-Infused Volumizing Mascara,Lancôme,4.158,1329,33,Makeup,Eye
Rénergie Lift Multi-Action Night Cream,Lancôme,4.3571,56,160,Skincare,Moisturizers
La Vie Est Belle Body Lotion,Lancôme,4.6667,15,52,Bath & Body,Body Moisturizers
Rose Sugar Scrub,Lancôme,3.8049,41,34,Skincare,Cleansers
Rénergie Lift Multi-Action Day Cream with SPF 15 - All Skin Types,Lancôme,3.8108,37,135,Skincare,Moisturizers
Mini HYPNÔSE DRAMA Mascara,Lancôme,3.8627,51,16,Makeup,Eye
Rose Milk Re-Hydrating Mist,Lancôme,3.5517,29,30,Skincare,Moisturizers
Rose Sorbet Cryo-Mask,Lancôme,3.5185,27,45,Skincare,Masks
Mini DÉFINICILS - High Definition Mascara,Lancôme,,,16,Mini Size,Makeup
Rènergie Lift Multi-Action Ultra Double-Wrapping Cream Face Mask,Lancôme,4.7222,18,68,Skincare,Masks
Mini Advanced Génifique Radiance Boosting Face Serum,Lancôme,5,1,60,Mini Size,Skincare
Priming Serum 24 Hour Hydrating Solid Smoothing Primer,Lancôme,4.6124,178,46,Makeup,Face
Tonique Confort Hydrating & Toning Duo,Lancôme,4.6667,9,49,Skincare,Value & Gift Sets
Advanced Génifique Face & Eye Serum Set,Lancôme,3.875,8,130,Skincare,Value & Gift Sets
Clarifique Pro-Solution Brightening & Dark Spot Reducing Serum,Lancôme,4.4,5,85,Skincare,Treatments
Absolue The Serum,Lancôme,3.5,2,270,Skincare,Treatments
Genifique Routine Set,Lancôme,,,165,Skincare,Value & Gift Sets
Absolue Rose 80 Brightening Toner with Salicylic Acid,Lancôme,,,120,Skincare,Cleansers
Eyes to Idolize Set,Lancôme,,,32,Makeup,Eye
Glam Lashes on the Go Set,Lancôme,,,32,Makeup,Eye
ash Idôle Waterproof Mascara,Lancôme,4.4611,347,30,Makeup,Eye
Lip Sleeping Mask Intense Hydration with Vitamin C,LANEIGE,4.3508,16118,24,Skincare,Lip Balms & Treatments
Lip Glowy Balm,LANEIGE,4.3923,3722,18,Skincare,Lip Balms & Treatments
Glowy Makeup Serum,LANEIGE,4.3589,627,32,Makeup,Face
Cream Skin Toner & Moisturizer,LANEIGE,4.4481,1859,33,Skincare,Moisturizers
Cica Sleeping Mask,LANEIGE,4.6375,971,34,Skincare,Masks
Lip Treatment Balm,LANEIGE,4.2128,719,25,Skincare,Lip Balms & Treatments
Water Bank Blue Hyaluronic Cream Moisturizer,LANEIGE,3.9928,699,40,Skincare,Moisturizers
Radian-C Cream with Vitamin C,LANEIGE,4.4913,631,35,Skincare,Moisturizers
Water Sleeping Mask with Squalane,LANEIGE,4.3623,472,32,Skincare,Masks
Water Bank Blue Hyaluronic Serum,LANEIGE,4.7355,310,45,Skincare,Treatments
Cream Skin Milk Oil Cleanser,LANEIGE,4.3729,303,34,Skincare,Cleansers
Cream Skin Mist,LANEIGE,4.5739,291,27,Skincare,Moisturizers
Retinol Firming Cream Treatment with Peptides + Hyaluronic Acid,LANEIGE,4.5728,213,39,Skincare,Treatments
Radian-C Brightening Treatment Essence,LANEIGE,4.6995,203,39,Skincare,Moisturizers
Berries n' Choco Kisses Set,LANEIGE,4.5954,173,26,Skincare,Value & Gift Sets
Water Bank Blue Hyaluronic Gel Moisturizer,LANEIGE,4.0473,169,40,Skincare,Moisturizers
Hydro UV Defense Sunscreen Broad Spectrum SPF 50+,LANEIGE,4.2583,151,30,Skincare,Sunscreen
Water Bank Blue Hyaluronic Eye Cream,LANEIGE,4.5385,130,43,Skincare,Eye Care
Water Bank Blue Hyaluronic Hydration Set,LANEIGE,4.0192,52,45,Skincare,Value & Gift Sets
Mini Cream Skin Toner & Moisturizer,LANEIGE,4.3077,52,15,Skincare,Mini Size
Midnight to Morning Hydration Set,LANEIGE,4.2632,38,21,Skincare,Value & Gift Sets
Mini Water Bank Blue Hyaluronic Cream Moisturizer,LANEIGE,3.5135,37,23,Skincare,Moisturizers
Water Bank Cleansing Foam,LANEIGE,3.9286,28,25,Skincare,Cleansers
BTS |  Amorepacific Lip Sleeping Mask Lip & Pop Edition Set,LANEIGE,4.3636,22,35,Skincare,Value & Gift Sets
Water Bank Blue Hyaluronic Exfoliating Toner,LANEIGE,4.4118,17,31,Skincare,Cleansers
Water Bank Blue Hyaluronic Revitalizing Toner,LANEIGE,4,17,31,Skincare,Cleansers
Besties Set,LANEIGE,3.6667,3,35,Skincare,Value & Gift Sets
Translucent Loose Setting Powder,Laura Mercier,4.5029,9335,43,Makeup,Face
Caviar Stick Eye Shadow,Laura Mercier,4.4293,4989,32,Makeup,Eye
Mini Translucent Loose Setting Powder,Laura Mercier,4.4659,6431,24,Mini Size,Makeup
Tinted Moisturizer Natural Skin Perfector Broad Spectrum SPF 30,Laura Mercier,4.0333,2977,53,Makeup,Face
Tinted Moisturizer Oil Free Natural Skin Perfector Broad Spectrum SPF 20,Laura Mercier,4.3113,6387,53,Makeup,Face
Matte Radiance Baked Powder Compact,Laura Mercier,4.5837,1016,48,Makeup,Face
Blush Color Infusion,Laura Mercier,4.6951,774,36,Makeup,Cheek
Secret Brightening Powder for Under Eyes,Laura Mercier,4.2645,1747,33,Makeup,Face
Flawless Fusion Ultra Longwear Concealer,Laura Mercier,4.4189,1900,33,Makeup,Face
Ultra-Blur Talc-Free Translucent Loose Setting Powder,Laura Mercier,4.5471,541,48,Makeup,Face
Flawless Lumière Radiance-Perfecting Foundation,Laura Mercier,4.212,1363,49,Makeup,Face
Tinted Moisturizer Natural Skin Perfector Broad Spectrum SPF 30 Mini,Laura Mercier,3.6503,469,29,Mini Size,Makeup
Secret Camouflage Concealer,Laura Mercier,4.1251,1814,38,Makeup,Face
Lip Glacé Lip Gloss,Laura Mercier,4.552,625,29,Makeup,Lip
Velour Puff,Laura Mercier,4.1512,946,16,Makeup,Brushes & Applicators
Caviar Stick Eye Shadow - Roseglow Collection,Laura Mercier,4.5185,785,32,Makeup,Eye
Eye Basics Primer,Laura Mercier,4.3261,1475,28,Makeup,Eye
Candleglow Sheer Perfecting Powder,Laura Mercier,4.0993,423,39,Makeup,Face
Velour Extreme Matte Lipstick,Laura Mercier,4.4915,1176,32,Makeup,Lip
Smooth Finish Foundation Powder,Laura Mercier,4.2029,685,52,Makeup,Face
Tinted Moisturizer Blush,Laura Mercier,4.369,588,30,Makeup,Cheek
Mini Tinted Moisturizer Oil Free Natural Skin Perfector Broad Spectrum SPF 20,Laura Mercier,4.1967,239,29,Mini Size,Makeup
Secret Camouflage Correct and Brighten Concealer Duo Stick,Laura Mercier,4.2718,1218,36,Makeup,Face
Rouge Essentiel Silky Cream Lipstick,Laura Mercier,4.2411,112,38,Makeup,Lip
Pure Canvas Primer - Hydrating,Laura Mercier,4.4964,1406,47,Makeup,Face
Jumbo Translucent Loose Setting Powder & Velour Puff,Laura Mercier,4.3571,28,49,Makeup,Face
Tightline Cake Eye Liner,Laura Mercier,4.2701,422,28,Makeup,Eye
Translucent Loose Setting Powder - Glow Finish,Laura Mercier,4.4055,1445,24,Makeup,Face
Mini Translucent Loose Setting Powder Glow,Laura Mercier,3.8941,255,24,Mini Size,Makeup
Translucent Loose Setting Powder Light Catcher,Laura Mercier,4.1326,739,43,Makeup,Face
Almond Coconut Soufflé Body Crème,Laura Mercier,3.8969,97,72,Bath & Body,Body Moisturizers
Translucent Pressed Setting Powder,Laura Mercier,4.2237,76,42,Makeup,Face
Mini RoseGlow Caviar Stick Eyeshadow Trio,Laura Mercier,4.2667,15,29,Makeup,Eye
Pure Canvas Primer - Blurring,Laura Mercier,4.1382,1701,47,Makeup,Face
Mini Pure Canvas Primer - Hydrating,Laura Mercier,4.3521,71,25,Makeup,Face
Petal Soft Lipstick Crayon,Laura Mercier,4.3614,451,32,Makeup,Lip
Ambre Vanillé Soufflé Body Crème,Laura Mercier,4.1875,32,72,Bath & Body,Body Moisturizers
RoseGlow Blush Color Infusion,Laura Mercier,4.625,24,36,Makeup,Cheek
Pure Canvas Primer - Illuminating,Laura Mercier,3.7105,38,47,Makeup,Face
Smooth Focus Pressed Setting Powder - Shine Control,Laura Mercier,3.9908,542,39,Makeup,Face
Kohl Eye Pencil,Laura Mercier,4.3006,712,28,Makeup,Eye
Longwear Lip Liner,Laura Mercier,2.9143,35,28,Makeup,Lip
Mini Pure Canvas Primer - Blurring,Laura Mercier,3.0505,99,25,Makeup,Face
Crème Brûlée Soufflé Body Crème,Laura Mercier,3.5152,33,72,Bath & Body,Body Moisturizers
Tinted Moisturizer Light Revealer Natural Skin Illuminator Broad Spectrum SPF 25,Laura Mercier,4.2297,714,53,Makeup,Face
Real Flawless Weightless Perfecting Foundation,Laura Mercier,4.1,30,48,Makeup,Face
Eyebrow Pencil,Laura Mercier,4.2556,630,28,Makeup,Eye
Artist Eyelash Curler,Laura Mercier,4.399,762,22,Makeup,Accessories
Translucent Loose Setting Powder – Pink Tone-Up for Brightening,Laura Mercier,4.8889,9,43,Makeup,Face
Mini Pure Canvas Primer Illuminating,Laura Mercier,3.6429,14,25,Makeup,Face
Tinted Moisturizer Bronzer,Laura Mercier,2.7692,13,30,Makeup,Cheek
RoseGlow Highlighting Powder,Laura Mercier,4,6,36,Makeup,Face
Translucent Pure Setting Spray 16HR,Laura Mercier,3.4408,574,40,Makeup,Face
Mini Translucent Pure Setting Spray 16HR,Laura Mercier,1.7727,22,21,Makeup,Face
Mini Translucent Loose Setting Powder - Honey,Laura Mercier,4.6503,386,24,Mini Size,Makeup
Forget The Filler Lip Plumper Line Smoothing Gloss,LAWLESS,4.0823,1081,26,Makeup,Lip
Forget The Filler Overnight Lip Plumping Mask,LAWLESS,4.4308,715,22,Makeup,Lip
Forget the Filler Lip-Plumping Line-Smoothing Tinted Lip Balm,LAWLESS,4.3879,513,26,Makeup,Lip
Mini The Little One Talc-Free Eyeshadow Palette,LAWLESS,4.166,259,27,Makeup,Eye
Make Me Blush Talc-Free Velvet Blush,LAWLESS,4.745,400,29,Makeup,Cheek
Mini The Baby One Talc-Free Eyeshadow Palette,LAWLESS,4.7093,258,25,Mini Size,Makeup
The One Talc-Free Eyeshadow Palette,LAWLESS,3.8482,112,64,Makeup,Eye
Mini Forget The Filler Lip Plumper Line Smoothing Gloss,LAWLESS,3.4667,30,15,Mini Size,Makeup
Satin Luxe Classic Cream Lipstick,LAWLESS,3.7042,71,28,Makeup,Lip
Conseal The Deal Lightweight Full Coverage Concealer with Caffeine,LAWLESS,4.5812,191,26,Makeup,Face
Conseal The Deal Long-Wear Full-Coverage Foundation,LAWLESS,4.2183,394,39,Makeup,Face
Forget The Filler Definer Lip Liner,LAWLESS,4.5049,103,21,Makeup,Lip
Seal The Deal Talc-Free Loose Setting Powder,LAWLESS,4.0977,174,36,Makeup,Face
Set The Stage Hydrating Primer Serum,LAWLESS,4.5976,251,32,Skincare,Treatments
Summer Skin Talc-Free Velvet Matte Bronzer,LAWLESS,4.45,60,38,Makeup,Cheek
Mini The Glam One Talc-Free Eyeshadow Palette,LAWLESS,4.3,10,25,Mini Size,Makeup
Mini Seal The Deal Talc-Free Loose Setting Powder,LAWLESS,3.5577,52,23,Mini Size,Makeup
Hold Up Soft Set Creamy Eyebrow Wax,LAWLESS,4.7289,284,21,Makeup,Eye
Glam Guard Long-Wear Setting Spray,LAWLESS,4.3257,218,20,Makeup,Face
The One & Done Volumizing Mascara,LAWLESS,4.1337,359,25,Makeup,Eye
Shape Up Soft Fill Eyebrow Pencil,LAWLESS,4.6968,277,21,Makeup,Eye
Mini The One & Done Volumizing Mascara,LAWLESS,2.6667,6,15,Mini Size,Makeup
Satin Luxe Classic Cream Lipstick - Baby,LAWLESS,5,2,28,Makeup,Lip
The Lavender One Talc-Free Eyeshadow Palette,LAWLESS,,,27,Makeup,Eye
Mini Lovingly Lip Tinted Lip Oil Duo,lilah b.,4.0556,72,22,Makeup,Lip
Lovingly Lip Tinted Lip Oil Gloss,lilah b.,4.0756,119,30,Makeup,Lip
Mini Lovingly Lip Nourish + Shine Lip Oil Set,lilah b.,4.2,5,22,Mini Size,Makeup
Divine Duo Lip & Cheek Blush,lilah b.,3.9048,63,46,Makeup,Lip
Lovingly Lip Hyaluronic Treatment Oil,lilah b.,4.4242,99,30,Makeup,Lip
Aglow Hydrating + Setting Face Mist,lilah b.,4.1987,156,48,Makeup,Face
Mini Aglow Hydrating + Setting Face Mist,lilah b.,3.7895,38,16,Mini Size,Makeup
Glisten + Glow Highlighting Skin Illuminator,lilah b.,4.4722,36,32,Makeup,Face
Virtuous Veil Concealer + Skin Perfector,lilah b.,3.9464,56,38,Makeup,Face
Flawless Finish Pressed Setting Powder,lilah b.,3.8667,45,48,Makeup,Face
Mini Aglow Priming Oil Serum,lilah b.,4.2647,34,25,Makeup,Mini Size
Aglow Cleansing Butter,lilah b.,4.5349,86,14,Skincare,Cleansers
Mini Aglow Golden Priming Oil,lilah b.,3.8571,7,25,Mini Size,Makeup
Marvelous Matte Crème Foundation,lilah b.,3.975,40,54,Makeup,Face
Aglow Priming Oil Serum,lilah b.,4.1316,76,68,Makeup,Face
Aglow Golden Priming Oil,lilah b.,4.6207,58,68,Makeup,Face
Mini Aglow Cleansing Butter,lilah b.,3.5882,17,14,Skincare,Mini Size
Glisten & Glow Skin Illuminator- Mini,lilah b.,3.8846,26,32,Makeup,Face
Lilly Lashes Lite Faux Mink Lashes,Lilly Lashes,4.726,1175,20,Makeup,Eye
Lilly Lashes Lite Mink,Lilly Lashes,4.3434,166,20,Makeup,Eye
Lilly Lashes 3D Faux Mink Lashes,Lilly Lashes,4.5734,1111,28,Makeup,Eye
Lilly Lashes Brush On Lash Adhesive,Lilly Lashes,4.4886,1230,13,Makeup,Eye
Welcome to Miami Collection,Lilly Lashes,4.1538,13,20,Makeup,Eye
Everyday Faux Mink Lashes,Lilly Lashes,4.473,518,24,Makeup,Eye
Power Liner - Eyeliner and Lash Adhesive Hybrid,Lilly Lashes,4.0803,1145,20,Makeup,Eye
Lilly Lashes Lash Curler,Lilly Lashes,3.5273,55,16,Makeup,Accessories
Click Magnetic Faux Mink Eyelashes,Lilly Lashes,2.8889,9,30,Makeup,Eye
Click Magnetic Faux Mink False Lash Collection,Lilly Lashes,4.3157,491,30,Makeup,Eye
Lilly Lashes Brush On Lash Adhesive: Black,Lilly Lashes,3.9977,438,13,Makeup,Eye
3D Faux Mink Butterfl'eye Half Eyelashes,Lilly Lashes,4,6,20,Makeup,Eye
Click Magnetic Collection Starter Kit—Bestie,Lilly Lashes,1.875,32,35,Makeup,Eye
Click Magnetic Value Set,Lilly Lashes,4.3333,3,35,Makeup,Value & Gift Sets
Level Up Lash Serum Value Set,Lilly Lashes,,,48,Makeup,Eye
Lilly Lashes Click Magnetic Felt Tip Eyeliner,Lilly Lashes,4.3699,292,26,Makeup,Eye
Click Magnetic Liquid Eyeliner,Lilly Lashes,2.5,6,34,Makeup,Eye
Level Up Lash Conditioning Serum,Lilly Lashes,3.9502,321,48,Makeup,Eye
Perfect hair Day (PhD) Dry Shampoo,Living Proof,4.3469,4024,43,Hair,Hair Styling & Treatments
Perfect Hair Day Shampoo,Living Proof,4.5474,232,32,Hair,Shampoo & Conditioner
Perfect Hair Day (PhD) 5-in-1 Styling Treatment,Living Proof,4.1956,1048,32,Hair,Hair Styling & Treatments
Restore Perfecting Spray,Living Proof,4.2955,616,32,Hair,Hair Styling & Treatments
Full Shampoo,Living Proof,4.4714,210,32,Hair,Shampoo & Conditioner
Scalp Care Dry Scalp Treatment,Living Proof,4.301,309,37,Hair,Hair Styling & Treatments
Perfect Hair Day Conditioner,Living Proof,4.6787,221,32,Hair,Shampoo & Conditioner
Restore Shampoo,Living Proof,4.6199,221,32,Hair,Shampoo & Conditioner
No Frizz Shampoo,Living Proof,4.5721,201,65,Hair,Shampoo & Conditioner
Restore Conditioner,Living Proof,4.6651,209,32,Hair,Shampoo & Conditioner
Full Thickening Cream,Living Proof,4.1299,2255,30,Hair,Hair Styling & Treatments
Triple Bond Complex Leave-in Hair Treatment,Living Proof,4.3859,622,45,Hair,Hair Styling & Treatments
No Frizz Conditioner,Living Proof,4.67,203,32,Hair,Shampoo & Conditioner
Full Conditioner,Living Proof,4.74,200,32,Hair,Shampoo & Conditioner
Perfect Hair Day In-Shower Styler,Living Proof,3.8854,567,30,Hair,Hair Styling & Treatments
Perfect hair Day (PhD) Triple Detox Shampoo,Living Proof,4.4595,592,32,Hair,Shampoo & Conditioner
Mini Restore Perfecting Spray,Living Proof,4.5789,19,17,Mini Size,Hair
Restore Repair Leave-In,Living Proof,4.3304,115,31,Hair,Hair Styling & Treatments
Amp² Instant Texture Volumizer,Living Proof,4.0034,295,30,Hair,Hair Styling & Treatments
Restore Repair Hair Mask,Living Proof,4.382,521,42,Hair,Hair Styling & Treatments
Curl Definer Conditioning Cream,Living Proof,4.4411,263,37,Hair,Hair Styling & Treatments
Curl Enhancer Conditioning Cream,Living Proof,4.2278,259,37,Hair,Hair Styling & Treatments
Mini Perfect Hair Day In-Shower Styler,Living Proof,3.6769,65,14,Mini Size,Hair
Mini Perfect Hair Day (PhD) 5-in-1 Styling Treatment,Living Proof,4.1429,14,18,Hair,Hair Styling & Treatments
Scalp Care Revitalizing Treatment,Living Proof,4.0826,121,35,Hair,Hair Styling & Treatments
Mini Triple Bond Complex Leave-in Hair Treatment,Living Proof,4.3859,622,20,Mini Size,Hair
Mini Full Thickening Cream,Living Proof,3.9412,17,17,Hair,Hair Styling & Treatments
Curl Defining Gel,Living Proof,4.3886,211,31,Hair,Hair Styling & Treatments
Full Root Lift,Living Proof,3.8431,51,30,Hair,Hair Styling & Treatments
No Frizz Vanishing Oil,Living Proof,4.6597,429,32,Hair,Hair Styling & Treatments
Curl Shampoo,Living Proof,4.2236,653,35,Hair,Shampoo & Conditioner
No Frizz Intense Moisture Hair Mask,Living Proof,3.9608,255,42,Hair,Hair Styling & Treatments
Curl Conditioner,Living Proof,4.2829,661,35,Hair,Shampoo & Conditioner
Curl Moisturizing Shine Oil,Living Proof,4.554,213,33,Hair,Hair Styling & Treatments
Perfect Hair Day Weightless Mask,Living Proof,4.4355,62,42,Hair,Hair Styling & Treatments
Mini Curl Definer Conditioning Cream,Living Proof,4.4411,263,19,Hair,Hair Styling & Treatments
Mini Perfect Hair Day Conditioner,Living Proof,3.25,4,16,Mini Size,Hair
Curl Elongator Conditioning Cream,Living Proof,4.1971,208,42,Hair,Hair Styling & Treatments
Perfect hair Day Healthy Hair Perfector,Living Proof,4.8169,71,32,Hair,Hair Styling & Treatments
Mini Perfect Hair Day Shampoo,Living Proof,3.5,4,16,Hair,Shampoo & Conditioner
Mini Perfect hair Day Healthy Hair Perfector,Living Proof,3,4,18,Mini Size,Hair
No Frizz Smooth Styling Cream,Living Proof,4.8221,281,42,Hair,Hair Styling & Treatments
Mini Curl Shampoo,Living Proof,4.2236,653,17,Hair,Shampoo & Conditioner
No Frizz Smooth Styling Spray,Living Proof,4.8358,268,40,Hair,Hair Styling & Treatments
Mini Curl Conditioner,Living Proof,4.2829,661,17,Hair,Shampoo & Conditioner
No Frizz S/C and Mini Styling Cream Set,Living Proof,4.64,25,50,Hair,Value & Gift Sets
No Frizz Smooth Styling Serum,Living Proof,4.832,256,36,Hair,Hair Styling & Treatments
Mini No Frizz Smooth Styling Cream,Living Proof,4.8221,281,18,Mini Size,Hair
Perfect Hair Day Jumbo Set,Living Proof,,,99,Hair,Value & Gift Sets
Higher Standard Satin Matte Cream Blush,LYS Beauty,4.7471,340,18,Makeup,Cheek
Triple Fix Serum Foundation,LYS Beauty,4.3079,617,24,Makeup,Face
No Limits Cream Bronzer and Contour Stick,LYS Beauty,4.5256,156,20,Makeup,Cheek
Triple Fix Brightening Concealer,LYS Beauty,4.3865,251,19,Makeup,Face
No Limits Matte Bronzer,LYS Beauty,4.5248,141,19,Makeup,Cheek
Triple Fix Setting Powder,LYS Beauty,4.2093,86,19,Makeup,Face
Speak Love Glossy Lip Treatment Oil,LYS Beauty,4.5556,207,12,Makeup,Lip
Speak Love Moisture Matte Lipstick,LYS Beauty,4.6825,63,20,Makeup,Lip
Aim High Pressed Highlighter Powder,LYS Beauty,4.4348,46,19,Makeup,Face
Secure Skin Gripping Serum Primer,LYS Beauty,3.6842,95,20,Makeup,Face
Speak Love Lip Liner Pencil,LYS Beauty,4.8857,35,15,Makeup,Lip
Aim High Multi-Use Liquid Highlighter,LYS Beauty,4.5278,36,19,Makeup,Face
High Performance Face Serum with Vitamin C and Hyaluronic Acid,MACRENE actives,4.9268,41,195,Skincare,Treatments
Plumping High Performance Lip Filler with Hyaluronic Acid,MACRENE actives,4.7692,26,95,Skincare,Lip Balms & Treatments
High Performance Eye Cream for Dark Circles with Hyaluronic Acid,MACRENE actives,4.8947,19,135,Skincare,Eye Care
Moisturizing High Performance Face Cream with Peptides,MACRENE actives,4.9333,15,225,Skincare,Moisturizers
High Performance Face Cleanser for Clear Skin with Niacinamide,MACRENE actives,4.9231,13,85,Skincare,Cleansers
No.04 Bois de Balincourt Perfume Oil,Maison Louis Marie,4.0769,208,65,Fragrance,Women
No.04 Bois de Balincourt Eau de Parfum,Maison Louis Marie,3.872,211,93,Fragrance,Women
No.04 Bois de Balincourt Candle,Maison Louis Marie,3.3571,84,38,Fragrance,Candles & Home Scents
Discovery Eau de Parfum Sampler Set,Maison Louis Marie,3.5862,29,22,Fragrance,Value & Gift Sets
No.04 Bois de Balincourt Eau de Parfum Travel Spray,Maison Louis Marie,3.4961,129,32,Fragrance,Women
No.04 Bois de Balincourt Perfume Oil Rollerball,Maison Louis Marie,3.1129,62,16,Fragrance,Women
No. 04 Bois de Balincourt Luxury Perfume Gift Set,Maison Louis Marie,4.2826,46,122,Fragrance,Value & Gift Sets
No.04 Bois de Balincourt Deodorant,Maison Louis Marie,3.9649,114,20,Bath & Body,Body Care
No.09 Vallée de Farney Eau de Parfum,Maison Louis Marie,4.5217,23,93,Fragrance,Women
No.03 L'Etang Noir Perfume Oil Rollerball,Maison Louis Marie,3.92,25,16,Bath & Body,Body Moisturizers
Discovery Oil Sampler Set,Maison Louis Marie,4.6667,6,54,Fragrance,Value & Gift Sets
No.09 Vallée de Farney Perfume Oil Rollerball,Maison Louis Marie,4.125,8,16,Bath & Body,Body Moisturizers
No.02 Le Long Fond Perfume Oil,Maison Louis Marie,4.45,20,65,Bath & Body,Body Moisturizers
No.12 Bousval Eau de Parfum,Maison Louis Marie,3.9333,30,93,Fragrance,Women
Antidris Cassis Perfume Oil Rollerball,Maison Louis Marie,3.3077,13,16,Bath & Body,Body Moisturizers
No.05 Kandilli Candle,Maison Louis Marie,4.2143,14,38,Bath & Body,Candles & Home Scents
No.09 Vallée de Farney Perfume Oil,Maison Louis Marie,4.1111,18,65,Bath & Body,Body Moisturizers
Antidris Cassis Candle,Maison Louis Marie,3.5333,15,38,Fragrance,Candles & Home Scents
No.02 Le Long Fond Perfume Oil Rollerball,Maison Louis Marie,3.2727,11,16,Bath & Body,Body Moisturizers
No.03 L'Etang Noir Perfume Oil,Maison Louis Marie,4.1724,29,65,Bath & Body,Body Moisturizers
No.05 Kandilli Perfume Oil,Maison Louis Marie,3.5455,11,65,Bath & Body,Body Moisturizers
Antidris Cassis Perfume Oil,Maison Louis Marie,3.8824,17,65,Bath & Body,Body Moisturizers
No.04 Bois de Balincourt Body and Hand Wash,Maison Louis Marie,3.6,5,29,Bath & Body,Bath & Shower
Antidris Cassis Eau de Parfum,Maison Louis Marie,3.7778,9,93,Fragrance,Women
No.04 Bois de Balincourt Diffuser,Maison Louis Marie,3.8,5,92,Fragrance,Candles & Home Scents
No. 09 Vallee de Farney Candle,Maison Louis Marie,3.875,8,38,Fragrance,Candles & Home Scents
No.12 Bousval Perfume Oil,Maison Louis Marie,4.2727,11,65,Bath & Body,Body Moisturizers
Antidris Lavender Candle,Maison Louis Marie,4,4,38,Fragrance,Candles & Home Scents
No.02 Le Long Fond Eau de Parfum,Maison Louis Marie,4,9,93,Fragrance,Women
No.12 Bousval Candle,Maison Louis Marie,4.2,5,38,Fragrance,Candles & Home Scents
’REPLICA’ By the Fireplace,Maison Margiela,4.3562,2016,160,Fragrance,Women
’REPLICA’ Beach Walk,Maison Margiela,4.2097,1645,160,Fragrance,Women
REPLICA' Memory Box Perfume Set,Maison Margiela,3.966,147,39,Fragrance,Value & Gift Sets
’REPLICA’ Jazz Club,Maison Margiela,4.5857,980,160,Fragrance,Women
’REPLICA’ Lazy Sunday Morning,Maison Margiela,4.1206,423,160,Fragrance,Women
REPLICA' Bubble Bath,Maison Margiela,3.8528,625,160,Fragrance,Women
’REPLICA’ Beach Walk Travel Spray,Maison Margiela,4.2097,1645,35,Fragrance,Women
REPLICA' Coffee Break Eau de Toilette,Maison Margiela,3.9526,612,160,Fragrance,Women
’REPLICA’ By The Fireplace Travel Spray,Maison Margiela,4.3562,2016,35,Fragrance,Women
’REPLICA’ Jazz Club Travel Spray,Maison Margiela,4.5857,980,35,Fragrance,Women
REPLICA' Coffee Break Eau de Toilette Travel Spray,Maison Margiela,3.9526,612,35,Fragrance,Women
’REPLICA’ Sailing Day,Maison Margiela,4.2477,218,160,Fragrance,Women
REPLICA' Bubble Bath Travel Spray,Maison Margiela,3.8528,625,35,Fragrance,Women
REPLICA' Under the Lemon Trees,Maison Margiela,4.209,531,160,Fragrance,Women
REPLICA' When the Rain Stops,Maison Margiela,3.9856,277,160,Fragrance,Women
REPLICA' Under the Lemon Trees Travel Spray,Maison Margiela,4.209,531,35,Fragrance,Women
’REPLICA’ Lazy Sunday Morning Travel Spray,Maison Margiela,4.1206,423,35,Fragrance,Women
REPLICA' Autumn Vibes,Maison Margiela,3.7399,569,160,Fragrance,Women
REPLICA' Autumn Vibes Travel Spray,Maison Margiela,3.7399,569,35,Fragrance,Women
REPLICA' Matcha Meditation,Maison Margiela,4.2971,276,160,Fragrance,Women
’REPLICA’ On A Date,Maison Margiela,3.9948,382,160,Fragrance,Women
REPLICA' By The Fireplace Scented Candle,Maison Margiela,4.0526,76,70,Fragrance,Candles & Home Scents
’REPLICA’ Sailing Day Travel Spray,Maison Margiela,4.3043,69,35,Fragrance,Women
’REPLICA’ On A Date Travel Spray,Maison Margiela,3.3143,35,35,Fragrance,Women
REPLICA' When the Rain Stops Travel Spray,Maison Margiela,3.9856,277,35,Fragrance,Women
REPLICA' Lazy Sunday Morning Scented Candle,Maison Margiela,3.8125,16,70,Fragrance,Candles & Home Scents
’REPLICA’ Jazz Club Scented Candle,Maison Margiela,4.3333,54,70,Fragrance,Candles & Home Scents
By the Fireplace and Beach Walk Perfume Duo Set,Maison Margiela,5,4,122,Fragrance,Value & Gift Sets
REPLICA' Bubble Bath Scented Candle,Maison Margiela,3.25,8,70,Fragrance,Candles & Home Scents
REPLICA' Beach Vibes Scented Candle,Maison Margiela,4.4667,30,70,Fragrance,Candles & Home Scents
REPLICA' Springtime in a Park Scented Candle,Maison Margiela,5,4,65,Fragrance,Candles & Home Scents
REPLICA' By The Fireplace Diffuser,Maison Margiela,4.7778,18,95,Fragrance,Candles & Home Scents
’REPLICA’ On a Date Scented Candle,Maison Margiela,4.5,22,70,Fragrance,Candles & Home Scents
REPLICA' Lazy Sunday Morning Diffuser,Maison Margiela,4.3684,19,95,Fragrance,Candles & Home Scents
’REPLICA’ Jazz Club Refill Set,Maison Margiela,,,170,Fragrance,Value & Gift Sets
REPLICA' Jazz Club Diffuser,Maison Margiela,,,95,Fragrance,Candles & Home Scents
"Artist Color Pencil Brow, Eye & Lip Liner",MAKE UP FOR EVER,4.2698,582,22,Makeup,Eye
Artist Color Eye Shadow,MAKE UP FOR EVER,4.2577,815,19,Makeup,Eye
HD Skin Undetectable Longwear Foundation,MAKE UP FOR EVER,4.0891,2087,45,Makeup,Face
Ultra HD Invisible Cover Stick Foundation,MAKE UP FOR EVER,4.033,2756,43,Makeup,Face
Aqua Lip Waterproof Lipliner Pencil,MAKE UP FOR EVER,4.4419,2091,22,Makeup,Lip
Full Cover Concealer,MAKE UP FOR EVER,4.3574,4885,34,Makeup,Face
"Artist Face Color Highlight, Sculpt and Blush Powder",MAKE UP FOR EVER,4.5547,750,25,Makeup,Face
Ultra HD Self-Setting Medium Coverage Concealer,MAKE UP FOR EVER,4.2324,938,30,Makeup,Face
Star Lit Powder,MAKE UP FOR EVER,4.5889,253,21,Makeup,Face
Reboot Active Care Revitalizing Foundation,MAKE UP FOR EVER,4.1626,898,42,Makeup,Face
Matte Velvet Skin Full Coverage Foundation,MAKE UP FOR EVER,3.8216,2007,40,Makeup,Face
Rouge Artist Lipstick,MAKE UP FOR EVER,4.4403,561,25,Makeup,Lip
Artist Color Refillable Makeup Palette,MAKE UP FOR EVER,4.73,263,4,Makeup,Makeup Palettes
Flash Color Palette Multi-use Cream Color Palette,MAKE UP FOR EVER,4.4317,278,99,Makeup,Makeup Palettes
Star Lit Diamond Powder,MAKE UP FOR EVER,4.4359,39,26,Makeup,Eye
Aqua Resist Color Pencil Eyeliner,MAKE UP FOR EVER,4.1205,614,24,Makeup,Eye
Ultra HD Microfinishing Pressed Powder,MAKE UP FOR EVER,3.9823,226,39,Makeup,Face
Smoky Extravagant Mascara,MAKE UP FOR EVER,4.0931,1966,25,Makeup,Eye
Matte Velvet Skin High Coverage Multi-Use Concealer,MAKE UP FOR EVER,4.3733,584,30,Makeup,Face
Ultra HD Microfinishing Loose Powder,MAKE UP FOR EVER,3.7262,431,39,Makeup,Face
Mini HD Skin Undetectable Longwear Foundation,MAKE UP FOR EVER,3.8684,38,22,Makeup,Face
HD Skin Matte Velvet Undetectable Longwear Blurring Powder Foundation,MAKE UP FOR EVER,4.3464,511,43,Makeup,Face
250 Extra Fine Eyeliner Brush,MAKE UP FOR EVER,4.5664,113,18,Makeup,Brushes & Applicators
Sens’Eyes - Waterproof Sensitive Eye Cleanser,MAKE UP FOR EVER,4.3658,2231,25,Makeup,Accessories
Aqua Resist Smoky Eyeshadow Stick,MAKE UP FOR EVER,3.9661,59,27,Makeup,Eye
Pro Sculpting Face Palette,MAKE UP FOR EVER,4.497,169,45,Makeup,Cheek
Aqua Seal,MAKE UP FOR EVER,4.1444,374,21,Makeup,Eye
Ultra HD Matte Setting Powder,MAKE UP FOR EVER,4.4434,557,39,Makeup,Face
Ultra HD Underpainting Color Correction Palette,MAKE UP FOR EVER,4.1087,46,42,Makeup,Face
Ultra HD Invisible Cover Cream Foundation Palette,MAKE UP FOR EVER,4.186,43,110,Makeup,Face
Mini Ultra HD Microfinishing Pressed Powder,MAKE UP FOR EVER,4.0968,62,23,Mini Size,Makeup
Step 1 Primer Color Corrector - Redness Corrector,MAKE UP FOR EVER,4.295,505,39,Makeup,Face
Rouge Artist For Ever Matte 24HR Longwear Liquid Lipstick,MAKE UP FOR EVER,4.1005,209,25,Makeup,Lip
Aqua Resist Color Ink 24HR Waterproof  Liquid Eyeliner,MAKE UP FOR EVER,3.7487,199,26,Makeup,Eye
158 Double Ended Sculpting Brush,MAKE UP FOR EVER,4.5763,321,53,Makeup,Brushes & Applicators
Mini Ultra HD Microfinishing Loose Powder,MAKE UP FOR EVER,3.5833,84,20,Mini Size,Makeup
130 Large Powder Brush,MAKE UP FOR EVER,4.8511,94,55,Makeup,Brushes & Applicators
Mini Step 1 Primer Pore Minimizer,MAKE UP FOR EVER,4.4144,263,20,Makeup,Mini Size
216 Medium Precision Eye Blender Brush,MAKE UP FOR EVER,4.8367,49,25,Makeup,Brushes & Applicators
Professional Bag,MAKE UP FOR EVER,4.5102,49,125,Tools & Brushes,Beauty Accessories
Color Correcting Step 1 Primers,MAKE UP FOR EVER,4.2937,504,39,Makeup,Face
Ultra HD Skin Booster,MAKE UP FOR EVER,4.0452,155,41,Makeup,Face
MiniMist & Fix Hydrating Setting Spray,MAKE UP FOR EVER,3.7632,38,15,Mini Size,Makeup
Step 1 Primer Pore Minimizer,MAKE UP FOR EVER,4.4844,225,39,Makeup,Face
Rouge Artist Shine On Lipstick,MAKE UP FOR EVER,4.0909,22,25,Makeup,Lip
Mini Step 1 Primer Hydra Booster,MAKE UP FOR EVER,4.467,227,20,Makeup,Mini Size
Mini Sens’Eyes - Waterproof Sensitive Eye Cleanser,MAKE UP FOR EVER,3.6395,86,13,Mini Size,Makeup
274 Double Ended Eyebrow Brush,MAKE UP FOR EVER,4.234,94,28,Makeup,Brushes & Applicators
126 Medium Powder Brush,MAKE UP FOR EVER,4.5,16,55,Makeup,Brushes & Applicators
Ultra HD Soft Light Liquid Highlighter,MAKE UP FOR EVER,4.3239,71,29,Makeup,Face
124 Powder Kabuki Brush,MAKE UP FOR EVER,4.8222,45,52,Makeup,Brushes & Applicators
Buffing Foundation Brush 112,MAKE UP FOR EVER,4.85,20,43,Makeup,Brushes & Applicators
226 Medium Eye Shader Brush,MAKE UP FOR EVER,4.6154,26,25,Makeup,Brushes & Applicators
Mini Light Velvet Air Shine-Control Refreshing Spray,MAKE UP FOR EVER,4.0323,31,15,Makeup,Face
160 Blush Brush,MAKE UP FOR EVER,4.5357,28,45,Makeup,Brushes & Applicators
Mini Step 1 Primer Shine Control,MAKE UP FOR EVER,3.9444,252,20,Makeup,Mini Size
156 Large Flat Blush Brush,MAKE UP FOR EVER,4.25,28,37,Makeup,Brushes & Applicators
Step 1 Primer Hydra Booster,MAKE UP FOR EVER,4.4902,204,39,Makeup,Face
Supreme Nude Lips Rouge Artist Lipstick Duo,MAKE UP FOR EVER,4.5714,7,29,Makeup,Lip
Aqua Smoky Extravagant Waterproof Mascara,MAKE UP FOR EVER,2.8291,357,25,Makeup,Eye
Light Velvet Air Shine-Control Refreshing Spray,MAKE UP FOR EVER,4.0566,53,29,Makeup,Face
Step 1 Primer Shine Control,MAKE UP FOR EVER,4.1196,209,39,Makeup,Face
#109 HD Skin Foundation Brush,MAKE UP FOR EVER,4.8235,17,45,Makeup,Brushes & Applicators
Aqua Resist Graphic Pen 24HR Waterproof Intense Eyeliner,MAKE UP FOR EVER,4.3165,278,24,Makeup,Eye
Aqua Resist Waterproof Tinted Eyebrow Gel,MAKE UP FOR EVER,4.3548,217,25,Makeup,Eye
The Professionall 24HR Double-Ended Lifting & Volumizing Mascara,MAKE UP FOR EVER,4.1111,270,28,Makeup,Eye
Aqua Resist Waterproof Eyebrow Definer Pencil,MAKE UP FOR EVER,4.4511,235,25,Makeup,Eye
Mini Step 1 Primer Color Corrector – 24HR Redness Control & Hydrating Primer,MAKE UP FOR EVER,4.25,4,20,Mini Size,Makeup
Aqua Resist Waterproof Eyebrow Filler Pencil,MAKE UP FOR EVER,4.3957,235,25,Makeup,Eye
HD Skin Sponge,MAKE UP FOR EVER,4.8,5,18,Makeup,Brushes & Applicators
Mist & Fix 24HR Hydrating Setting Spray,MAKE UP FOR EVER,4,2,33,Makeup,Face
Mini Mist & Fix 24HR Hydrating Setting Spray,MAKE UP FOR EVER,,,15,Makeup,Mini Size
Mini Gentle Eye Gel Waterproof Eye & Lip Makeup Remover,MAKE UP FOR EVER,,,15,Makeup,Mini Size
Gentle Eye Gel Waterproof Eye & Lip Makeup Remover,MAKE UP FOR EVER,,,29,Skincare,Cleansers
MoistureGlow Plumping Lip Serum,MAKEUP BY MARIO,3.7357,541,24,Makeup,Lip
SoftSculpt Shaping Stick,MAKEUP BY MARIO,3.9188,345,30,Makeup,Face
SurrealSkin Liquid Foundation,MAKEUP BY MARIO,3.5156,642,42,Makeup,Face
Master Mattes Eyeshadow Palette,MAKEUP BY MARIO,3.8672,482,50,Makeup,Eye
Ultra Suede Sculpting Lip Pencil,MAKEUP BY MARIO,4.717,106,24,Makeup,Lip
Soft Pop Blush Stick,MAKEUP BY MARIO,4.4064,283,30,Makeup,Cheek
SoftSculpt Transforming Skin Enhancer,MAKEUP BY MARIO,4.4878,410,30,Makeup,Face
Ultra Suede Lipstick,MAKEUP BY MARIO,4.2609,138,26,Makeup,Lip
Ethereal Eyes Eyeshadow Palette,MAKEUP BY MARIO,4.0391,128,68,Makeup,Eye
Soft Pop Powder Blush,MAKEUP BY MARIO,4.5283,106,26,Makeup,Cheek
SoftSculpt Bronzer,MAKEUP BY MARIO,4.193,114,30,Makeup,Cheek
Master Pigment Pro Eyeliner Pencil,MAKEUP BY MARIO,3.6923,312,24,Makeup,Eye
Master Crystal Reflector,MAKEUP BY MARIO,3.7719,228,26,Makeup,Eye
SoftSculpt Transforming Skin Perfector,MAKEUP BY MARIO,3.8906,128,34,Makeup,Cheek
Ultra Suede️ Cozy Lip Creme,MAKEUP BY MARIO,3.7717,92,26,Makeup,Lip
Soft Glow Highlighter,MAKEUP BY MARIO,4.2429,70,30,Makeup,Face
Surreal Foundation F4 Brush,MAKEUP BY MARIO,4,34,30,Makeup,Brushes & Applicators
Master Eye Prep & Set,MAKEUP BY MARIO,3.5946,111,30,Makeup,Eye
Master Secret Glow Highlighter,MAKEUP BY MARIO,2.9794,194,24,Makeup,Face
Master Metals Eyeshadow Palette,MAKEUP BY MARIO,4.4203,69,50,Makeup,Eye
F1 Makeup Brush,MAKEUP BY MARIO,4.9167,24,30,Makeup,Brushes & Applicators
Master Metallics Eyeshadow Palette,MAKEUP BY MARIO,3.4063,96,50,Makeup,Eye
F2 Makeup Brush,MAKEUP BY MARIO,4.3571,14,30,Makeup,Brushes & Applicators
F3 Makeup Brush,MAKEUP BY MARIO,4.25,12,30,Makeup,Brushes & Applicators
Pro Volume Lip Gloss,MAKEUP BY MARIO,3.95,40,22,Makeup,Lip
Master Hold Brow Gel,MAKEUP BY MARIO,3.9151,106,22,Makeup,Eye
EF 1 Makeup Brush,MAKEUP BY MARIO,3.9286,28,24,Makeup,Brushes & Applicators
Master Mattes Liquid Eyeliner,MAKEUP BY MARIO,3.8428,159,24,Makeup,Eye
Master Blade Brow Pencil,MAKEUP BY MARIO,2.9688,32,24,Makeup,Eye
EF 2 Makeup Brush,MAKEUP BY MARIO,4.2143,14,24,Makeup,Brushes & Applicators
Perfecting Lip Scrub,MAKEUP BY MARIO,4.4828,29,24,Makeup,Lip
E 3 Makeup Brush,MAKEUP BY MARIO,5,5,24,Makeup,Brushes & Applicators
E 5 Makeup Brush,MAKEUP BY MARIO,4.7143,7,24,Makeup,Brushes & Applicators
E 4 Makeup Brush,MAKEUP BY MARIO,3.8333,6,24,Makeup,Brushes & Applicators
Gentle Makeup Remover Wipes,MAKEUP BY MARIO,3,20,15,Makeup,Accessories
Chia + Moringa Algae Enzyme Cleansing Oil,MARA,4.8839,224,58,Skincare,Cleansers
Algae + Moringa Universal Hydrating Face Oil,MARA,4.9009,111,72,Skincare,Moisturizers
Mini Algae + Moringa Universal Face Oil,MARA,4.9009,111,40,Skincare,Moisturizers
Mini Evening Primrose + Green Tea Algae Retinol Face Oil,MARA,4.9487,78,66,Skincare,Moisturizers
Evening Primrose + Green Tea Algae Retinol Face Oil,MARA,4.9487,78,120,Skincare,Moisturizers
Chlorella + Reishi Sea Vitamin C Sérum,MARA,4.9032,62,96,Skincare,Treatments
Plankton + PHAFlower Acid Algae Serum,MARA,4.8846,52,74,Skincare,Treatments
Sea Silk Lip Balm,MARA,4.4444,36,26,Skincare,Lip Balms & Treatments
Algae + Zinc Sea Kale Mineral Sunscreen Sérum SPF 30,MARA,4.5714,28,52,Skincare,Treatments
Spirulina + Ashwagandha Volcanic Sea Clay Detox Masque,MARA,4.8519,27,54,Skincare,Masks
Daisy,Marc Jacobs Fragrances,4.4946,2800,128,Fragrance,Women
Mini Daisy Perfume Set,Marc Jacobs Fragrances,4.4766,128,25,Fragrance,Value & Gift Sets
Daisy Eau so Fresh Eau de Toilette,Marc Jacobs Fragrances,4.4982,1389,139,Fragrance,Women
Perfect Eau de Parfum,Marc Jacobs Fragrances,4.341,1047,149,Fragrance,Women
Daisy Love Eau de Toilette,Marc Jacobs Fragrances,4.5216,1135,128,Fragrance,Women
Daisy Love Eau So Sweet,Marc Jacobs Fragrances,4.4223,296,128,Fragrance,Women
Daisy Dream,Marc Jacobs Fragrances,4.2077,313,95,Fragrance,Women
Daisy Rollerball,Marc Jacobs Fragrances,4.4943,2786,34,Fragrance,Women
Perfect Eau de Parfum Travel Spray,Marc Jacobs Fragrances,4.341,1047,34,Fragrance,Women
Daisy Love Eau de Toilette Pen Spray,Marc Jacobs Fragrances,4.5216,1135,34,Fragrance,Women
Daisy Dream Rollerball,Marc Jacobs Fragrances,4.4375,144,34,Fragrance,Women
Daisy Ever So Fresh Eau de Parfum,Marc Jacobs Fragrances,4.2781,356,163,Fragrance,Women
Perfect Intense Eau de Parfum,Marc Jacobs Fragrances,4.3029,525,156,Fragrance,Women
Daisy Eau So Intense Eau de Parfum,Marc Jacobs Fragrances,4.3281,759,116,Fragrance,Women
Mini Daisy Perfume Gift Set,Marc Jacobs Fragrances,4,4,69,Fragrance,Value & Gift Sets
Daisy Eau so Fresh Eau de Toilette Rollerball,Marc Jacobs Fragrances,4.4982,1389,34,Fragrance,Women
Perfect Intense Eau de Parfum Travel Spray,Marc Jacobs Fragrances,4.3029,525,34,Fragrance,Women
Daisy Paradise Eau de Toilette,Marc Jacobs Fragrances,4.5636,236,90,Fragrance,Women
Mini Perfect Eau de Parfum Set,Marc Jacobs Fragrances,5,3,35,Fragrance,Value & Gift Sets
Daisy Penspray Trio Set,Marc Jacobs Fragrances,5,4,55,Fragrance,Value & Gift Sets
Daisy Ever So Fresh Eau de Parfum Penspray,Marc Jacobs Fragrances,3.5,4,34,Fragrance,Women
Daisy Love Paradise Eau de Toilette,Marc Jacobs Fragrances,4.5597,159,90,Fragrance,Women
Daisy Dream Daze,Marc Jacobs Fragrances,4.25,4,86,Fragrance,Women
Perfect Eau de Toilette,Marc Jacobs Fragrances,4.2083,336,128,Fragrance,Women
Daisy Dream Petals,Marc Jacobs Fragrances,4.2077,313,50,Fragrance,Women
Daisy Eau So Fresh Paradise Eau de Toilette,Marc Jacobs Fragrances,4.5278,180,104,Fragrance,Women
Mini Daisy Perfume Set,Marc Jacobs Fragrances,5,1,35,Fragrance,Value & Gift Sets
Daisy Perfume Set,Marc Jacobs Fragrances,5,1,75,Fragrance,Value & Gift Sets
Daisy Love Eau So Sweet Penspray,Marc Jacobs Fragrances,,,34,Fragrance,Women
Drying Lotion,Mario Badescu,4.0955,398,17,Skincare,Treatments
"Facial Spray with Aloe, Herbs and Rosewater",Mario Badescu,3.7567,300,7,Skincare,Moisturizers
Lip Balm,Mario Badescu,4.2515,167,8,Skincare,Lip Balms & Treatments
"Facial Spray with Aloe, Cucumber and Green Tea",Mario Badescu,3.9603,126,7,Skincare,Moisturizers
"Mini Facial Spray with Aloe, Herbs and Rosewater",Mario Badescu,4.1138,123,5,Skincare,Mini Size
"Facial Spray with Aloe, Chamomile and Lavender",Mario Badescu,4.4396,91,7,Skincare,Moisturizers
Acne Facial Cleanser,Mario Badescu,3.7625,80,15,Skincare,Cleansers
Hyaluronic Eye Cream,Mario Badescu,3.24,75,18,Skincare,Eye Care
Glycolic Acid Toner,Mario Badescu,4.1507,73,18,Skincare,Cleansers
Enzyme Cleansing Gel,Mario Badescu,3.75,72,14,Skincare,Cleansers
"Mini Facial Spray with Aloe, Cucumber and Green Tea",Mario Badescu,3.8382,68,5,Skincare,Mini Size
Glycolic Foaming Cleanser,Mario Badescu,4.129,62,16,Skincare,Cleansers
Seaweed Night Cream,Mario Badescu,3.8387,62,22,Skincare,Moisturizers
Vitamin C Serum,Mario Badescu,4.0816,49,45,Skincare,Treatments
"Mini Facial Spray with Aloe, Chamomile and Lavender",Mario Badescu,3.8511,47,5,Skincare,Mini Size
Buffering Lotion,Mario Badescu,3.9512,41,19,Skincare,Cleansers
Rose Body Soap,Mario Badescu,4.1053,19,8,Bath & Body,Bath & Shower
Botanical Exfoliating Scrub,Mario Badescu,4.5405,37,26,Skincare,Cleansers
Buttermilk Moisturizer,Mario Badescu,3.9714,35,18,Skincare,Moisturizers
Witch Hazel & Rosewater Toner,Mario Badescu,4.0882,34,14,Skincare,Cleansers
Silver Powder,Mario Badescu,4.3939,33,12,Skincare,Treatments
Facial Spray with Aloe Sage & Orange Blossom,Mario Badescu,4.4375,32,7,Skincare,Moisturizers
Oil Free Moisturizer Broad Spectrum SPF 30,Mario Badescu,3.6452,31,28,Skincare,Moisturizers
Super Collagen Mask,Mario Badescu,4,21,18,Skincare,Masks
Hyaluronic Dew Cream,Mario Badescu,3.2,15,26,Skincare,Moisturizers
"Facial Spray with Aloe Adaptogens, and Coconut Water",Mario Badescu,4.2857,14,9,Skincare,Moisturizers
"Mini Facial Spray with Aloe Adaptogens, and Coconut Water",Mario Badescu,3.6,10,7,Skincare,Moisturizers
Anti-Aging Regimen Kit,Mario Badescu,4.3,10,30,Skincare,Value & Gift Sets
Glycolic Eye Cream,Mario Badescu,4.1111,9,20,Skincare,Eye Care
Brightening Eye Serum,Mario Badescu,3.2857,7,24,Skincare,Eye Care
Witch Hazel & Lavender Toner,Mario Badescu,4,6,14,Skincare,Cleansers
Hyaluronic Dew Drops Hydrating Serum,Mario Badescu,3.5,6,30,Skincare,Treatments
Spritz. Mist. Glow. Facial Spray Trio,Mario Badescu,3,5,21,Skincare,Value & Gift Sets
The Glow Up,Mario Badescu,2.5,4,49,Skincare,Value & Gift Sets
Flower & Tonic Clay Mask,Mario Badescu,4.5,4,18,Skincare,Masks
Brightening Mask with Vitamin C,Mario Badescu,3.5,4,22,Skincare,Masks
Drying Cream,Mario Badescu,3.75,4,17,Skincare,Treatments
Gentle Foaming Cleanser,Mario Badescu,4,3,14,Skincare,Cleansers
Mini Mist Collection,Mario Badescu,4.5,2,20,Skincare,Value & Gift Sets
Mineral Sunscreen SPF 30,Mario Badescu,5,2,28,Skincare,Sunscreen
Acne Repair Kit,Mario Badescu,,,46,Skincare,Value & Gift Sets
Grab and Go Set,Mario Badescu,,,22,Skincare,Value & Gift Sets
burn - jojoba oil massage candle,maude,4.7264,106,18,Bath & Body,Body Care
Wash - pH-balanced body wash and bubble bath,maude,4.7405,158,22,Bath & Body,Body Care
"Shine - ultra-hydrating, organic aloe-based personal lubricant",maude,4.7836,171,10,Bath & Body,Body Care
Vibe - 3-speed flutter-tip vibrator,maude,4.6722,180,49,Bath & Body,Body Care
Soak - vitamin-rich mineral bath salts,maude,4.6782,87,18,Bath & Body,Body Care
"Oil - 100% organic, cold-pressed body and bath oil",maude,4.8983,59,35,Bath & Body,Body Care
"Wipe - water-activated, biodegradable wipes",maude,4.8846,52,12,Bath & Body,Body Care
Tub Kit - mineral bath salt soak and coconut milk bath set,maude,4.7083,96,36,Bath & Body,Body Care
"spot—5-speed, internal vibrator",maude,4.7179,117,79,Bath & Body,Body Care
Clean - hydrating hand sanitizing spray with coconut oil,maude,4.6538,52,10,Bath & Body,Body Care
Drop - 3-speed all-over vibrator,maude,4.4174,115,49,Bath & Body,Body Care
burn trio—massage candle gift set,maude,5,1,54,Fragrance,Candles & Home Scents
Multi-Use Softening Leave In Conditioner,Melanin Haircare,4.4348,69,23,Hair,Hair Styling & Treatments
Multi-Use Pure Oil Blend,Melanin Haircare,4.303,33,22,Hair,Hair Styling & Treatments
African Black Soap Reviving Shampoo,Melanin Haircare,4.5938,32,20,Hair,Shampoo & Conditioner
Twist-Elongating Style Cream,Melanin Haircare,4.6667,24,20,Hair,Hair Styling & Treatments
Plumping Deep Conditioner,Melanin Haircare,4.6,25,32,Hair,Shampoo & Conditioner
Smoke Sessions Eyeshadow Palette,Melt Cosmetics,4.2561,289,48,Makeup,Eye
Cream Blushlight,Melt Cosmetics,4.4798,173,24,Makeup,Cheek
Liquid Lipstick,Melt Cosmetics,3.8091,110,19,Makeup,Lip
Ultra Matte Gel Eyeliner,Melt Cosmetics,4.1935,124,22,Makeup,Eye
Digital Dust Highlight,Melt Cosmetics,4.5217,69,39,Makeup,Face
Ultra-Matte Lipstick,Melt Cosmetics,3.582,122,22,Makeup,Lip
Digital Dust Duo Blush,Melt Cosmetics,4.5672,67,39,Makeup,Cheek
Slick Waterline Eye Pencil,Melt Cosmetics,4.075,40,19,Makeup,Eye
Four Twenty Eyeshadow Palette,Melt Cosmetics,4.043,93,58,Makeup,Eye
Twenty-Seven Eyeshadow Palette,Melt Cosmetics,4.36,50,58,Makeup,Eye
Blushlight,Melt Cosmetics,4.4412,34,22,Makeup,Cheek
She's In Parties Eyeshadow Palette,Melt Cosmetics,4.2703,74,48,Makeup,Eye
Mini Bad Side Zodiac Eyeshadow Palette,Melt Cosmetics,4.3333,12,38,Makeup,Eye
Rust Eyeshadow Palette,Melt Cosmetics,4.8,75,58,Makeup,Eye
Mary Jane Eyeshadow Palette,Melt Cosmetics,3.5455,132,58,Makeup,Eye
Millennial Pinx Eyeshadow Palette,Melt Cosmetics,3.3956,91,58,Makeup,Eye
Blush,Melt Cosmetics,3.587,46,22,Makeup,Cheek
Crushed Glitter Lip Gloss,Melt Cosmetics,3.3864,44,16,Makeup,Lip
Gemini Eyeshadow Palette 1,Melt Cosmetics,4.7059,17,58,Makeup,Eye
Monarca Blush Palette – Amor y Mariposas Collection,Melt Cosmetics,4.5263,19,58,Makeup,Cheek
Gemini Eyeshadow Palette 2,Melt Cosmetics,3.4865,37,58,Makeup,Eye
SexFoil Liquid Highlighter,Melt Cosmetics,4.3636,22,39,Makeup,Face
Perfectionist Lip Pencil,Melt Cosmetics,3.1905,21,19,Makeup,Lip
Brunet Eyeshadow Palette,Melt Cosmetics,3.9565,23,48,Makeup,Eye
The Deep Cream Bronzer and Contour Sculpt Stack,Melt Cosmetics,4.5,6,48,Makeup,Face
Supernatural Lash Mascara,Melt Cosmetics,3.8,35,24,Makeup,Eye
Ultra-Matte Bronzer,Melt Cosmetics,4,7,39,Makeup,Cheek
Perfectionist Brow Gel,Melt Cosmetics,4.6667,3,25,Makeup,Eye
Perfectionist Brow Ultra-Fine Pen,Melt Cosmetics,4.1667,6,24,Makeup,Eye
Perfectionist Brow Pencil,Melt Cosmetics,3,4,22,Makeup,Eye
Shade Slick Tinted Lip Oil,MERIT,4.3081,779,24,Makeup,Lip
Flush Balm Cream Blush,MERIT,4.5074,946,28,Makeup,Cheek
The Minimalist Perfecting Complexion Foundation and Concealer Stick,MERIT,4.056,500,38,Makeup,Face
Signature Lip Lightweight Lipstick,MERIT,4.4573,586,26,Makeup,Lip
Bronze Balm Sheer Sculpting Bronzer,MERIT,4.6625,397,30,Makeup,Cheek
Day Glow Dewy Highlighting Balm,MERIT,4.3953,516,30,Makeup,Face
Brush No. 1 Tapered Blending Brush,MERIT,4.6041,197,30,Makeup,Brushes & Applicators
Great Skin Instant Glow Serum with Niacinamide and Hyaluronic Acid,MERIT,4.6486,481,38,Skincare,Treatments
Clean Lash Lengthening Tubing Mascara,MERIT,4.1034,290,26,Makeup,Eye
Brow 1980 Volumizing Eyebrow Pomade Gel,MERIT,4.192,224,24,Makeup,Eye
Hydro Grip Hydrating Makeup Primer,MILK MAKEUP,4.1158,5680,38,Makeup,Face
Mini Hydro Grip Hydrating Makeup Primer,MILK MAKEUP,3.661,1401,20,Makeup,Mini Size
Lip + Cheek Cream Blush Stick,MILK MAKEUP,4.2705,1667,24,Makeup,Cheek
Matte Cream Bronzer Stick,MILK MAKEUP,3.9843,1658,24,Makeup,Cheek
KUSH High Volumizing Mascara,MILK MAKEUP,3.8976,10231,28,Makeup,Eye
Hydro Grip Setting + Refreshing Spray,MILK MAKEUP,4.523,1868,38,Makeup,Face
Mini Hydro Grip Setting + Refreshing Spray,MILK MAKEUP,3.8702,262,22,Makeup,Mini Size
Sunshine Skin Tint Clean SPF 30 Foundation,MILK MAKEUP,4.1277,705,42,Makeup,Face
Holographic Stick,MILK MAKEUP,3.9036,674,24,Makeup,Face
Vegan Milk Moisturizer,MILK MAKEUP,4.2213,1672,38,Skincare,Moisturizers
KUSH Fiber Eyebrow Gel,MILK MAKEUP,4.3577,1451,22,Makeup,Eye
Cooling Water,MILK MAKEUP,3.6775,1327,28,Skincare,Moisturizers
Cream Highlighter Stick,MILK MAKEUP,3.8355,602,24,Makeup,Face
Future Fluid All Over Medium Coverage Hydrating Concealer,MILK MAKEUP,4.3944,573,29,Makeup,Face
Mini KUSH High Volumizing Mascara,MILK MAKEUP,3.7667,9897,15,Mini Size,Makeup
Mini Holographic Stick,MILK MAKEUP,3.8278,389,24,Mini Size,Makeup
Flex Foundation Stick,MILK MAKEUP,4.1264,1123,36,Makeup,Face
Mini Pore Eclipse Mattifying + Blurring Makeup Primer,MILK MAKEUP,4.4828,841,20,Makeup,Face
Sunshine Vitamin C + Squalane Face Oil,MILK MAKEUP,4.3713,967,39,Skincare,Moisturizers
KUSH Lash + Brow Enhancing Serum,MILK MAKEUP,3.7877,457,52,Makeup,Eye
Hydro Grip Eyeshadow and Concealer Primer,MILK MAKEUP,3.9111,765,25,Makeup,Eye
Sculpt Cream Contour Stick,MILK MAKEUP,4.4381,315,24,Makeup,Face
Vegan Milk Cleanser,MILK MAKEUP,4.4259,789,30,Skincare,Cleansers
Sunshine Under Eye Brightening Light Coverage Concealer,MILK MAKEUP,4.3609,640,28,Makeup,Face
Pore Eclipse Mattifying + Blurring Makeup Primer,MILK MAKEUP,4.6054,626,38,Makeup,Face
Luminous Blur Stick Primer,MILK MAKEUP,4.1845,1073,36,Makeup,Face
Bionic Liquid Blush with Hyaluronic Acid,MILK MAKEUP,4.3404,1034,24,Makeup,Cheek
Electric Glossy Lip Plumper,MILK MAKEUP,4.0122,1062,25,Makeup,Lip
Bionic Sunkissed Liquid Bronzer with Hyaluronic Acid,MILK MAKEUP,4.5578,389,30,Makeup,Cheek
KUSH Clear Brow Gel,MILK MAKEUP,3.8917,277,22,Makeup,Eye
Color Chalk Multi-Use Powder Pigment,MILK MAKEUP,3.3947,76,18,Makeup,Eye
KUSH Lash Primer,MILK MAKEUP,3.9871,389,28,Makeup,Eye
Infinity Long Lasting Waterproof Eyeliner Pencil,MILK MAKEUP,4.6209,211,22,Makeup,Eye
Mini KUSH Waterproof Mascara,MILK MAKEUP,2.4578,509,15,Makeup,Mini Size
Watermelon Brightening Serum,MILK MAKEUP,3.7258,299,36,Skincare,Treatments
Hydrating Oil Stick,MILK MAKEUP,3.8478,276,32,Skincare,Moisturizers
Mini RISE Lifting + Lengthening Mascara,MILK MAKEUP,4.0784,1582,15,Mini Size,Makeup
Mini KUSH Lash Primer,MILK MAKEUP,3.033,91,15,Mini Size,Makeup
KUSH Waterproof Mascara,MILK MAKEUP,2.8077,780,15,Makeup,Eye
Mini Luminous Blur Stick Primer,MILK MAKEUP,3.1628,43,20,Mini Size,Makeup
RISE Lifting + Lengthening Mascara,MILK MAKEUP,4.1868,1124,28,Makeup,Eye
Bionic Glow Illuminating Liquid Highlighter with Hyaluronic Acid,MILK MAKEUP,4.6786,140,36,Makeup,Face
Hydro Ungrip Makeup Removing Cleansing Balm,MILK MAKEUP,4.6829,164,36,Skincare,Cleansers
Hydro Ungrip Makeup Remover + Cleansing Water,MILK MAKEUP,4.6475,139,32,Skincare,Cleansers
KUSH Liquid Eyeliner,MILK MAKEUP,3.2864,618,22,Makeup,Eye
Hydro Ungrip Reusable Makeup Remover Pads,MILK MAKEUP,1,3,25,Makeup,Accessories
Sunshine Skin Tint Clean SPF 30 Foundation Refill,MILK MAKEUP,3.8333,6,32,Makeup,Face
Pore Eclipse Mattifying + Blurring Setting Spray,MILK MAKEUP,4.8528,197,38,Makeup,Face
The Travel Stash Makeup Set,MILK MAKEUP,,,32,Makeup,Value & Gift Sets
25 Miracle Milk Heat Protectant Leave-In Conditioner,Mizani,4.4251,2171,40,Hair,Hair Styling & Treatments
Wonder Crown Scalp Clarifying Foaming Pre-Cleanse,Mizani,4.5264,946,25,Hair,Hair Styling & Treatments
25 Miracle Nourishing Hair Oil,Mizani,4.4792,505,25,Hair,Hair Styling & Treatments
Coco Dew Curl Pre-Styling & Restyling Refresher Spray,Mizani,4.2522,452,25,Hair,Hair Styling & Treatments
Scalp Care Soothing Scalp Lotion,Mizani,4.4474,266,24,Hair,Hair Styling & Treatments
Scalp Care Anti-Dandruff Shampoo,Mizani,4.4615,273,30,Hair,Shampoo & Conditioner
True Textures Moroccan Clay Steam Hair Mask,Mizani,4.6786,28,40,Hair,Hair Styling & Treatments
Moisture Fusion Intense Moisturizing Hair Mask,Mizani,4.612,250,36,Hair,Hair Styling & Treatments
25 Miracle Leave-In Cream,Mizani,4.3531,286,25,Hair,Hair Styling & Treatments
Styling Foam Hair Mousse,Mizani,3.5882,17,25,Hair,Hair Styling & Treatments
Heat Screen Hair Protectant Spray,Mizani,4.2025,479,25,Hair,Hair Styling & Treatments
Scalp Care Anti-Dandruff Conditioner,Mizani,4.431,239,32,Hair,Shampoo & Conditioner
"Press Agent Smoothing, Frizz Control Blow Dry Styling Serum",Mizani,4.1667,138,25,Hair,Hair Styling & Treatments
True Textures Perfect Coil Oil Gel,Mizani,3.9882,255,25,Hair,Hair Styling & Treatments
Mini 25 Miracle Cream,Mizani,4.3531,286,13.5,Hair,Mini Size
True Textures Moisture Replenish Shampoo,Mizani,3.8,5,20,Hair,Shampoo & Conditioner
Moisture Fusion Gentle Clarifying Shampoo,Mizani,4.4684,237,30,Hair,Shampoo & Conditioner
Moisture Fusion Moisture Rich Shampoo,Mizani,4.5164,275,46,Hair,Shampoo & Conditioner
True Textures Cream Cleansing Conditioner,Mizani,3.4615,13,32,Hair,Shampoo & Conditioner
"Press Agent Smoothing, Frizz Control Blow Dry Styling Cream",Mizani,4,143,25,Hair,Hair Styling & Treatments
Press Agent Smoothing Sulfate-Free Shampoo,Mizani,4.2346,179,22,Hair,Shampoo & Conditioner
Press Agent Smoothing Sulfate-Free Conditioner,Mizani,4.3165,158,25,Hair,Shampoo & Conditioner
True Textures Curl Enhancing Cream,Mizani,4.5227,352,25,Hair,Hair Styling & Treatments
True Textures Sleek Holding Hair Gel,Mizani,4.3972,214,25,Hair,Hair Styling & Treatments
True Textures Curl Define Styling Cream,Mizani,4.3333,6,25,Hair,Hair Styling & Treatments
Mini True Textures Sleek Holding Hair Gel,Mizani,4.3972,214,13.5,Mini Size,Hair
Texture Love Hair Kit,Mizani,,,28,Hair,Value & Gift Sets
Mini True Textures Coil Stretching & Styling Curl Cream,Mizani,4.39,100,13.5,Mini Size,Hair
True Textures Coil Stretching & Styling Curl Cream,Mizani,4.39,100,25,Hair,Hair Styling & Treatments
Artful Edges Edge Tamer,Mizani,4.2549,204,19,Hair,Hair Styling & Treatments
True Textures Twist and Coil Jelly,Mizani,3.5,6,25,Hair,Hair Styling & Treatments
True Textures Moisture Replenish Shampoo,Mizani,,,32,Hair,Shampoo & Conditioner
True Textures Moisture Replenish Conditioner,Mizani,,,35,Hair,Shampoo & Conditioner
Mini 25 Miracle Milk Leave-In Conditioner,Mizani,4.4251,2171,13.5,Hair,Hair Styling & Treatments
Legend Eau de Toilette,Montblanc,4.5868,881,98,Fragrance,Men
Explorer Eau de Parfum,Montblanc,4.9231,26,115,Fragrance,Men
Legend Travel Spray,Montblanc,4.625,16,35,Fragrance,Men
Legend Spirit Eau de Toilette,Montblanc,4.8125,32,80,Fragrance,Men
Legend Eau de Parfum,Montblanc,4.3448,29,115,Fragrance,Men
Legend Body Spray,Montblanc,4.871,31,25,Bath & Body,Body Care
Legend Night,Montblanc,4.875,8,78,Fragrance,Men
Legend Red Eau de Parfum,Montblanc,2.6667,3,85,Fragrance,Men
SuperYou Daily Stress Management,Moon Juice,4.5584,505,49,Skincare,Wellness
Mini SuperYou Daily Stress Management,Moon Juice,4.5749,494,25,Skincare,Mini Size
Acid Potion AHA + BHA Resurfacing Exfoliator,Moon Juice,4.547,404,42,Skincare,Treatments
SuperHair  Daily Hair Nutrition Supplement,Moon Juice,4.3648,244,60,Hair,Hair Styling & Treatments
Plump Jelly Hyaluronic Serum,Moon Juice,4.2605,215,58,Skincare,Treatments
Sex Dust   Adaptogens For Fire*,Moon Juice,3.8529,136,38,Skincare,Wellness
Cosmic Cream Collagen Protecting Moisturizer,Moon Juice,3.4667,75,58,Skincare,Moisturizers
SuperBeauty Daily Antioxidant SkinSupplement,Moon Juice,4.8696,69,60,Skincare,Wellness
Ting Energy + Metabolism Non-Stim Supplement With Ginseng,Moon Juice,4.5932,59,42,Skincare,Wellness
Magnesi-Om,Moon Juice,4.3146,89,42,Bath & Body,Beauty Supplements
Brain Dust,Moon Juice,3.9608,51,38,Skincare,Wellness
Milk Cleanse Gentle Foaming Cleanser,Moon Juice,4.4043,47,32,Skincare,Cleansers
"Collagen Protect Vegan Creamer for Hair, Skin & Nails",Moon Juice,4.0794,63,58,Hair,Hair Styling & Treatments
Mini Acid Potion AHA + BHA Resurfacing Exfoliator,Moon Juice,3.5,4,15,Skincare,Treatments
Supers Set,Moon Juice,1.25,4,75,Skincare,Wellness
Ashwagandha Organic Root Extract,Moon Juice,5,3,38,Skincare,Wellness
SuperPower Immune Support Supplement,Moon Juice,5,1,38,Skincare,Wellness
Moroccanoil Treatment Hair Oil,Moroccanoil,4.6131,1853,48,Hair,Hair Styling & Treatments
Mini Moroccanoil Treatment,Moroccanoil,4.6131,1853,16,Mini Size,Hair
Intense Hydrating Mask,Moroccanoil,4.603,1786,42,Hair,Hair Styling & Treatments
Hydrating Styling Cream,Moroccanoil,4.5601,1439,36,Hair,Hair Styling & Treatments
Curl Defining Cream,Moroccanoil,4.0681,1160,36,Hair,Hair Styling & Treatments
All in One Leave-In Conditioner,Moroccanoil,4.5997,1931,30,Hair,Hair Styling & Treatments
Hydrating Shampoo,Moroccanoil,4.3145,1790,26,Hair,Shampoo & Conditioner
Moroccanoil Treatment Light Hair Oil,Moroccanoil,4.7153,1377,34,Hair,Hair Styling & Treatments
Hydrating Conditioner,Moroccanoil,4.5304,1563,26,Hair,Shampoo & Conditioner
Perfect Defense Heat Protectant,Moroccanoil,3.5573,131,30,Hair,Hair Styling & Treatments
Moisture Repair Shampoo,Moroccanoil,4.2736,1049,26,Hair,Shampoo & Conditioner
Restorative Hair Mask,Moroccanoil,4.3989,188,42,Hair,Hair Styling & Treatments
Dry Shampoo Dark Tones,Moroccanoil,4.2877,431,12,Hair,Hair Styling & Treatments
Mending Infusion Styling Hair Serum,Moroccanoil,4.7514,1078,30,Hair,Hair Styling & Treatments
Mini Color Depositing Mask,Moroccanoil,3.5338,1124,8,Hair,Hair Styling & Treatments
Color Depositing Mask,Moroccanoil,3.6638,931,30,Hair,Hair Styling & Treatments
Moisture Repair Conditioner,Moroccanoil,4.3845,853,26,Hair,Shampoo & Conditioner
Mini All in One Leave-In Conditioner,Moroccanoil,4.2128,47,14,Hair,Hair Styling & Treatments
Dry Texture Spray,Moroccanoil,4.2746,193,30,Hair,Hair Styling & Treatments
Dry Shampoo Light Tones,Moroccanoil,4.6351,359,12,Hair,Hair Styling & Treatments
Dry Body Oil,Moroccanoil,4.1271,181,48,Bath & Body,Body Moisturizers
Dry Scalp Treatment,Moroccanoil,4.4484,252,40,Hair,Hair Styling & Treatments
Protect & Prevent Spray,Moroccanoil,4.5935,1808,30,Hair,Hair Styling & Treatments
Luminous Hairspray Strong Finish,Moroccanoil,3.975,120,26,Hair,Hair Styling & Treatments
Night Body Serum,Moroccanoil,4.6836,531,62,Bath & Body,Body Moisturizers
Blonde Perfecting Purple Shampoo,Moroccanoil,4.5647,3030,26,Hair,Shampoo & Conditioner
Mini Moroccanoil Treatment Light,Moroccanoil,4.4503,151,16,Mini Size,Hair
Hair & Body Fragrance Mist,Moroccanoil,4.4344,815,32,Fragrance,Women
Mini Dry Shampoo Dark Tones,Moroccanoil,3.9638,138,12,Mini Size,Hair
Body Lotion Moisturizer,Moroccanoil,4.6079,1941,28,Bath & Body,Body Moisturizers
Glimmer Shine,Moroccanoil,3.9636,55,30,Hair,Hair Styling & Treatments
Intense Hydrating Mask Packette,Moroccanoil,4.3841,138,8,Hair,Hair Styling & Treatments
Mini Hair & Body Fragrance Mist,Moroccanoil,3.6105,95,18,Fragrance,Women
Intense Curl Cream,Moroccanoil,3.6125,80,36,Hair,Hair Styling & Treatments
Blow-Dry Concentrate,Moroccanoil,4.5429,70,30,Hair,Hair Styling & Treatments
Mini Protect & Prevent Spray,Moroccanoil,3.6765,34,14,Mini Size,Hair
Mini Intense Hydrating Mask,Moroccanoil,4.5238,21,18,Hair,Hair Styling & Treatments
Luminous Hairspray Medium Hold,Moroccanoil,4.3111,45,26,Hair,Hair Styling & Treatments
Weightless Hydrating Mask,Moroccanoil,4.6559,1398,42,Hair,Hair Styling & Treatments
Clarifying Shampoo,Moroccanoil,4.1525,59,26,Hair,Shampoo & Conditioner
Shower Gel Cleanser,Moroccanoil,4.4915,295,20,Bath & Body,Bath & Shower
Mini Dry Shampoo Light Tones,Moroccanoil,4.2154,65,12,Mini Size,Hair
Smoothing Lotion,Moroccanoil,4.2787,61,36,Hair,Hair Styling & Treatments
Mini Hydrating Shampoo,Moroccanoil,2.9375,32,12,Mini Size,Hair
Mini Hydrating Conditioner,Moroccanoil,3.4706,17,12,Mini Size,Hair
Mini Luminous Hairspray Strong Hold,Moroccanoil,3.1633,49,12,Mini Size,Hair
Extra Volume Shampoo,Moroccanoil,3.3564,101,26,Hair,Shampoo & Conditioner
Root Boost,Moroccanoil,4.0167,60,30,Hair,Hair Styling & Treatments
Mini Moisture Repair Shampoo,Moroccanoil,3.4667,45,12,Mini Size,Hair
Shimmering Body Oil,Moroccanoil,3.7241,29,48,Bath & Body,Body Moisturizers
Mini Blonde Perfecting Purple Shampoo,Moroccanoil,3.7742,62,12,Hair,Shampoo & Conditioner
Mini Moisture Repair Conditioner,Moroccanoil,3.7586,29,12,Mini Size,Hair
Pure Argan Oil,Moroccanoil,4.2581,31,52,Bath & Body,Body Moisturizers
Extra Volume Conditioner,Moroccanoil,4.087,46,26,Hair,Shampoo & Conditioner
Mini Smoothing Lotion,Moroccanoil,3.9583,24,16,Mini Size,Hair
Moroccanoil Body Soap,Moroccanoil,3.7424,66,14,Bath & Body,Bath & Shower
Mini Dry Body Oil,Moroccanoil,4.5,18,29,Bath & Body,Body Moisturizers
Oily Scalp Treatment,Moroccanoil,4.5046,216,40,Hair,Hair Styling & Treatments
Body Butter Moisturizer,Moroccanoil,4.5,44,38,Bath & Body,Body Moisturizers
Volumizing Mousse,Moroccanoil,3.8947,19,30,Hair,Hair Styling & Treatments
Ceramic Paddle Brush,Moroccanoil,4.3158,38,30,Hair,Tools
Curl Control Mousse,Moroccanoil,3.4146,41,30,Hair,Hair Styling & Treatments
Hand Cream,Moroccanoil,4.3958,854,22,Bath & Body,Body Moisturizers
Body Souffle Moisturizer,Moroccanoil,4.3844,718,38,Bath & Body,Body Moisturizers
Hand Wash,Moroccanoil,4.8367,349,20,Bath & Body,Body Care
"Ionic Ceramic Thermal Brush - 55mm / 2-1/8""",Moroccanoil,3.3462,26,30,Hair,Tools
Hydrating Shampoo & Conditioner Half-Liter Duo,Moroccanoil,3,9,80,Hair,Value & Gift Sets
Smoothing Mask,Moroccanoil,4.4737,19,42,Hair,Hair Styling & Treatments
Thickening Lotion,Moroccanoil,3.9333,30,30,Hair,Hair Styling & Treatments
Blonde Perfecting Purple Conditioner,Moroccanoil,4.5623,907,26,Hair,Shampoo & Conditioner
Volumizing Mist,Moroccanoil,3.5,22,30,Hair,Hair Styling & Treatments
Curl Enhancing Conditioner,Moroccanoil,3.8182,11,26,Hair,Shampoo & Conditioner
Perfectly Polished Titanium Flat Iron,Moroccanoil,3.6,10,160,Hair,Tools
Texture Clay,Moroccanoil,4.3571,14,30,Hair,Hair Styling & Treatments
Mini Color Depositing Mask Copper,Moroccanoil,3.6429,28,8,Hair,Hair Styling & Treatments
Moisture Repair Shampoo & Conditioner Half-Liter Duo,Moroccanoil,3.4,5,80,Hair,Value & Gift Sets
Smart Styling Infrared Hair Dryer,Moroccanoil,4.1111,9,190,Hair,Tools
Mediterranean Escape: Volume Hair Set,Moroccanoil,1.5,2,58,Hair,Value & Gift Sets
Body Polishing Scrub,Moroccanoil,3.8,30,32,Bath & Body,Bath & Shower
Ceramic Brush 45mm,Moroccanoil,2.1429,7,30,Hair,Tools
Everlasting Curl Titanium Curling Iron,Moroccanoil,3.75,4,160,Hair,Tools
Mini Lilac Hair Color Depositing Mask,Moroccanoil,2.8333,12,8,Hair,Mini Size
Ceramic Brush 25mm,Moroccanoil,3.7143,7,30,Hair,Tools
Dive Into Hydration Head-to-Toe Set,Moroccanoil,5,1,44,Hair,Value & Gift Sets
Ceramic Brush 35 mm,Moroccanoil,,,30,Hair,Tools
Volume Travel Hair Set,Moroccanoil,,,52,Hair,Value & Gift Sets
Hydration Travel Hair Set,Moroccanoil,,,52,Hair,Value & Gift Sets
Color Care Shampoo,Moroccanoil,4.8363,171,26,Hair,Shampoo & Conditioner
Mini Color Care Shampoo,Moroccanoil,4.8363,171,12,Mini Size,Hair
Color Care Conditioner,Moroccanoil,4.848,171,26,Hair,Shampoo & Conditioner
Mini Color Care Conditioner,Moroccanoil,4.848,171,12,Mini Size,Hair
Gua Sha Facial Lifting Tool,Mount Lai,4.1254,303,30,Skincare,High Tech Tools
De-Puffing Jade Facial Roller,Mount Lai,3.8771,179,36,Skincare,Wellness
Calming Herbal Repair Overnight Recovery Balm for Skin Barrier Support,Mount Lai,4.0875,160,60,Skincare,Treatments
De-Puffing Rose Quartz Facial Roller,Mount Lai,4,75,40,Skincare,Wellness
Amethyst Roller,Mount Lai,4.3774,53,46,Skincare,Wellness
De-Puffing Rose Quartz Eye Treatment Tool,Mount Lai,4.7241,29,30,Skincare,Wellness
Massaging Jade Textured Facial Roller,Mount Lai,3.8276,29,36,Skincare,Wellness
Jade Tension Melting Massager for Face & Neck,Mount Lai,4.0909,22,72,Skincare,Wellness
De-Puffing Jade Eye Treatment Tool,Mount Lai,4.7368,19,30,Skincare,Wellness
Alien Eau de Parfum,Mugler,4.48,1102,150,Fragrance,Women
Alien Goddess Eau de Parfum Travel Spray,Mugler,4.6171,3259,35,Fragrance,Women
Alien Goddess Eau de Parfum,Mugler,4.6171,3259,180,Fragrance,Women
Angel Eau de Parfum,Mugler,4.0626,1231,95,Fragrance,Women
Alien Eau de Parfum Travel Spray,Mugler,4.48,1102,35,Fragrance,Women
Alien Goddess Eau de Parfum Intense,Mugler,4.5776,715,180,Fragrance,Women
Angel Eau de Parfum Travel Spray,Mugler,4.0626,1231,35,Fragrance,Women
Mini Alien Perfume Gift Set,Mugler,3.4667,15,30,Fragrance,Value & Gift Sets
Angel Nova Eau de Parfum Travel Spray,Mugler,4.339,643,32,Fragrance,Women
Angel Nova Eau de Parfum,Mugler,4.339,643,120,Fragrance,Women
Angel Nova Eau de Toilette,Mugler,4.5911,944,115,Fragrance,Women
Alien Goddess Eau De Parfum Solar Floral Fragrance Set,Mugler,,,125,Fragrance,Value & Gift Sets
Alien Goddess Eau de Parfum Perfume Set,Mugler,,,125,Fragrance,Value & Gift Sets
Acne Control Clarifying Cleanser,Murad,4.2348,2572,36,Skincare,Cleansers
Mini Acne Control Clarifying Cleanser,Murad,4.236,2449,14,Skincare,Mini Size
Retinol Youth Renewal Serum,Murad,4.5878,1031,92,Skincare,Treatments
Mini Retinol Youth Renewal Serum,Murad,4.6089,987,32,Skincare,Mini Size
Acne Control Clarifying Cream Cleanser,Murad,4.3477,906,39,Skincare,Cleansers
Clarifying Toner,Murad,4.318,890,30,Skincare,Cleansers
Essential-C Day Moisture Broad Spectrum SPF 30 PA+++,Murad,4.2485,829,68,Skincare,Moisturizers
AHA/BHA Exfoliating Cleanser,Murad,4.4981,789,46,Skincare,Cleansers
Invisiblur Perfecting Shield Broad Spectrum SPF 30 PA+++,Murad,3.9547,773,71,Skincare,Treatments
Mini AHA/BHA Exfoliating Cleanser,Murad,4.4898,733,17,Skincare,Mini Size
InvisiScar Post-Acne Resurfacing Treatment,Murad,4.1167,711,38,Skincare,Treatments
Rapid Dark Spot Correcting Serum,Murad,4.3876,663,83,Skincare,Treatments
Acne Control Clarifying Body Spray,Murad,4.2898,635,48,Skincare,Treatments
Nutrient-Charged Water Gel,Murad,4.4755,633,71,Skincare,Moisturizers
Rapid Relief Acne Spot Treatment,Murad,3.9253,589,26,Skincare,Treatments
Oil and Pore Control Mattifier Broad Spectrum SPF 45 PA++++,Murad,3.9357,544,49,Skincare,Moisturizers
Deep Relief Acne Treatment with Salicylic Acid,Murad,4.7074,516,45,Skincare,Treatments
Pure Skin Clarifying Dietary Supplement,Murad,4.0723,512,50,Skincare,Wellness
Targeted Wrinkle Corrector,Murad,4.7252,484,79,Skincare,Treatments
Correct & Protect Broad Spectrum SPF 45| PA++++,Murad,4.7366,467,69,Skincare,Sunscreen
Hydro-Dynamic Ultimate Moisture,Murad,4.3565,446,83,Skincare,Moisturizers
Acne Body Wash,Murad,3.9934,458,48,Bath & Body,Bath & Shower
Essential-C Cleanser,Murad,4.4962,391,44,Skincare,Cleansers
Retinol Youth Renewal Eye Masks,Murad,4.6294,367,42,Skincare,Eye Care
Retinol Youth Renewal Eye Serum,Murad,4.5278,360,89,Skincare,Eye Care
Vitamin C Triple Exfoliating Facial,Murad,4.7306,360,85,Skincare,Treatments
Replenishing Multi-Acid Peel,Murad,4.6106,357,79,Skincare,Treatments
Vitamin C Glycolic Brightening Serum,Murad,4.2621,351,88,Skincare,Treatments
City Skin Age Defense Broad Spectrum SPF 50 PA++++,Murad,4.3219,351,69,Skincare,Sunscreen
Mini Vitamin C Glycolic Brightening Serum,Murad,4.2621,351,30,Skincare,Mini Size
AHA/BHA/Retinoid Daily Clarifying Peel,Murad,4.739,341,44,Skincare,Treatments
Retinol Youth Renewal Night Cream,Murad,4.6078,334,88,Skincare,Moisturizers
Hydrating Toner,Murad,4.2934,317,42,Skincare,Cleansers
Revitalixir Recovery Serum,Murad,4.3693,306,97,Skincare,Treatments
Vitamin C Dark Circle Correcting Eye Serum,Murad,4.0687,291,67,Skincare,Eye Care
Essential-C Toner,Murad,4.3088,272,42,Skincare,Cleansers
Outsmart Acne Clarifying Treatment,Murad,4.1923,260,49,Skincare,Treatments
Renewing Cleansing Cream,Murad,4.4646,254,45,Skincare,Cleansers
Renewing Eye Cream,Murad,4.0316,253,89,Skincare,Eye Care
Perfecting Day Cream Broad Spectrum SPF 30 PA+++,Murad,4.1724,174,65,Skincare,Moisturizers
Mini Rapid Dark Spot Correcting Serum,Murad,4.3879,660,27,Mini Size,Skincare
Rapid Collagen Infusion,Murad,4.128,125,89,Skincare,Treatments
Multi-Vitamin Infusion Oil,Murad,4.4272,103,85,Skincare,Moisturizers
"Youth Renewal Retinol Trial Kit for Smoother, Younger-Looking Skin",Murad,3.7879,33,59,Skincare,Value & Gift Sets
Acne Control 30-Day Trial Kit for Clearer Skin,Murad,3.5333,15,36,Skincare,Value & Gift Sets
Clarifying Water Gel Moisturizer with Hyaluronic Acid,Murad,3,8,49,Skincare,Moisturizers
Mini City Skin Age Defense Broad Spectrum SPF 50 PA++++,Murad,4.3333,3,25,Skincare,Sunscreen
Brighten Trial Kit,Murad,5,2,52,Skincare,Value & Gift Sets
Retinal Rescuplt Overnight Treatment,Murad,,,105,Skincare,Treatments
Retinol Youth Renewal Value Duo,Murad,,,126,Skincare,Value & Gift Sets
Nail Polish,NAILS INC.,4.1035,396,15,Makeup,Nail
Gel Nail Polish,NAILS INC.,3.6771,96,15,Makeup,Nail
Unicorn Nail Polish Duo,NAILS INC.,4.6338,314,15,Makeup,Nail
73% Plant Power Nail Polish,NAILS INC.,3.6364,77,10,Makeup,Nail
NAILKALE - Superfood Base Coat,NAILS INC.,4.4575,247,15,Makeup,Nail
Naked In Neon Nail Polish set,NAILS INC.,4.4851,134,22,Makeup,Nail
Retinol 45 Second Top Coat,NAILS INC.,4.0114,88,15,Makeup,Nail
Manicure & Pedicure Must Haves Set,NAILS INC.,4.1765,51,37.5,Makeup,Nail
Glow Naturale Nail Polish Duo,NAILS INC.,4.4583,24,15,Makeup,Nail
Peachy and Perky Lip Gloss and Nail Polish Set,NAILS INC.,3.8333,18,15,Makeup,Nail
Artificial Press-On Nails,NAILS INC.,2.7778,9,8.99,Makeup,Nail
Freshly Juiced Nail Polish Duo,NAILS INC.,4.3226,31,15,Makeup,Nail
Choose Plant Nail Polish Duo,NAILS INC.,2.6364,11,15,Makeup,Nail
Feeling So Fly Duo and Sticker Nail Polish Set,NAILS INC.,3.3333,3,16,Makeup,Nail
On The Horizon Nail Set,NAILS INC.,4.2,5,22,Makeup,Nail
Made in Mykonos Nail Set With Stickers,NAILS INC.,3.75,4,16,Makeup,Nail
NAILPURE- Base Coat,NAILS INC.,3.8,10,15,Makeup,Nail
NailPure Top Coat,NAILS INC.,3.0435,23,15,Makeup,Nail
Gel-less Gel Nail Polish Remover Kit,NAILS INC.,3.4167,12,19,Makeup,Nail
Caught in Camo Nail Polish Quad Set,NAILS INC.,4.4,5,22,Makeup,Nail
NailKale Superfood Nail Oil Capsules,NAILS INC.,4.1111,9,20,Makeup,Nail
French Mani Hack Nail Polish Set,NAILS INC.,2,4,16,Makeup,Nail
Glazing Over Nail Polish Duo Set,NAILS INC.,5,2,15,Makeup,Nail
Serving Swirls Nail Polish Quad Set,NAILS INC.,5,2,22,Makeup,Nail
Maniplex Nail Treatment,NAILS INC.,2.3333,3,15,Makeup,Nail
Pure Musc Eau de Parfum,Narciso Rodriguez,4.3934,61,70,Fragrance,Women
Radiant Creamy Concealer,NARS,4.308,12887,32,Makeup,Face
Blush,NARS,4.6643,18127,32,Makeup,Cheek
Mini Radiant Creamy Concealer,NARS,4.1253,1708,15,Mini Size,Makeup
Velvet Matte Lipstick Pencil,NARS,4.4391,5463,27,Makeup,Lip
Soft Matte Complete Concealer,NARS,4.4704,2668,32,Makeup,Face
Audacious Lipstick,NARS,4.6191,2032,34,Makeup,Lip
Natural Radiant Longwear Foundation,NARS,3.6654,3724,50,Makeup,Face
Light Reflecting Advanced Skincare Foundation,NARS,4.1005,1393,50,Makeup,Face
Sheer Glow Foundation,NARS,4.2189,5336,47,Makeup,Face
Powermatte Lip Pigment,NARS,4.4027,1619,30,Makeup,Lip
Pure Radiant Tinted Moisturizer Broad Spectrum SPF 30,NARS,4.356,3312,46,Makeup,Face
Liquid Blush,NARS,4.1694,1157,30,Makeup,Cheek
Afterglow Lip Balm,NARS,4.0064,1095,28,Makeup,Lip
Lipstick,NARS,4.1729,428,26,Makeup,Lip
Bronzer Powder,NARS,4.676,3645,38,Makeup,Cheek
Soft Matte Complete Foundation,NARS,4.1135,1851,42,Makeup,Face
"The Multiple Cream Blush, Lip and Eye Stick",NARS,4.3353,2821,39,Makeup,Cheek
Pro-Prime Smudge Proof Eyeshadow Base,NARS,4.5911,2526,26,Makeup,Eye
Light Reflecting Pressed Setting Powder,NARS,4.0612,817,40,Makeup,Face
Mini Voyageur Eyeshadow Palette,NARS,4.0297,101,32,Makeup,Eye
Laguna Bronzing Cream,NARS,4.633,267,38,Makeup,Cheek
Afterglow Lip Shine Gloss,NARS,4.5504,278,26,Makeup,Lip
Mini Afterglow Lip Balm Duo,NARS,3.7375,80,22,Mini Size,Makeup
Powermatte Long-Lasting Lipstick,NARS,4.4923,260,34,Makeup,Lip
Blush/Bronzer Duo,NARS,4.4884,2586,42,Makeup,Cheek
Air Matte Liquid Lipstick,NARS,4.272,261,28,Makeup,Lip
Soft Matte Tinted Lip Balm,NARS,4.6048,248,28,Makeup,Lip
Mini Orgasm Blush,NARS,3.7808,73,17,Mini Size,Makeup
Pencil Sharpener,NARS,4.6264,910,7,Tools & Brushes,Beauty Tools
Light Reflecting Loose Setting Powder,NARS,4.0589,509,40,Makeup,Face
Mini Orgasm X Blush,NARS,4.5909,44,17,Mini Size,Makeup
Mini Blush/Bronzer Duo,NARS,3.4328,201,24,Mini Size,Makeup
Air Matte Sheer Cream Blush,NARS,3.5361,97,30,Makeup,Cheek
Afterglow Lip Balm - Laguna Collection,NARS,4.3604,222,28,Makeup,Lip
Mini Laguna Getaway Bronzer Powder,NARS,4.0933,75,18,Makeup,Mini Size
Mini Afterglow Lip Shine Gloss Set,NARS,3.6471,17,25,Makeup,Lip
Precision Lip Liner,NARS,4.4615,65,24,Makeup,Lip
Matte Bronzer Powder,NARS,3.88,100,38,Makeup,Cheek
Radiant Creamy Liquid Color Corrector,NARS,3.5045,111,30,Makeup,Face
Soft Matte Advanced Perfecting Powder,NARS,3.9524,42,36,Makeup,Face
Monoi Body Glow I,NARS,3.9669,181,59,Makeup,Cheek
High-Pigment Longwear Eyeliner,NARS,2.2627,236,24,Makeup,Eye
Mini Shine On Dolce Vita Lip Duo Set,NARS,4.625,8,25,Mini Size,Value & Gift Sets
Climax Mascara,NARS,3.2924,660,13,Makeup,Eye
Mini Blush Duo,NARS,3.9808,156,24,Makeup,Cheek
Mini Light Reflecting Setting Powder,NARS,3.5294,17,20,Makeup,Face
Radiance Primer Broad Spectrum SPF 35 Sunscreen,NARS,4.0353,85,36,Makeup,Face
Mini Climax Mascara,NARS,3.4078,179,13,Mini Size,Makeup
Sheer Glow Foundation Pump,NARS,3.1515,66,6,Makeup,Face
Mini Orgasm Blush and Lip Gloss Duo Set,NARS,4.3333,3,27,Makeup,Mini Size
"Orgasm The Multiple Cream Blush, Lip and Eye Stick",NARS,2.9231,13,39,Makeup,Cheek
Orgasm Rising Eyeshadow Palette,NARS,4.8182,11,49,Makeup,Makeup Palettes
#11 Soft Matte Complete Concealer Brush,NARS,4.9,20,26,Makeup,Brushes & Applicators
"Orgasm Four Play Blush, Contour, and Highlighter Palette",NARS,3.7143,7,45,Makeup,Cheek
Soft Matte Face Primer,NARS,3.7857,14,36,Makeup,Face
Climax Waterproof Liquid Eyeliner,NARS,3.3934,61,24,Makeup,Eye
Yachiyo Kabuki Brush,NARS,3.6364,11,40,Makeup,Brushes & Applicators
Orgasm Thrills Lip Balm and Blush Set,NARS,,,49,Makeup,Value & Gift Sets
ITA Kabuki Brush,NARS,2.8182,11,40,Makeup,Brushes & Applicators
Lunar New Year Light Reflecting Pressed Setting Powder and Puff,NARS,3,1,42,Makeup,Face
Mini Radiant Creamy Concealer and Afterglow Lip Shine Gloss Customizable Set,NARS,,,25,Makeup,Value & Gift Sets
#10 Radiant Creamy Concealer Brush,NARS,5,4,26,Makeup,Brushes & Applicators
#15 Precision Powder Brush,NARS,,,34,Makeup,Brushes & Applicators
#16 Blush Brush,NARS,,,36,Makeup,Brushes & Applicators
Afterglow Sensual Shine Hydrating Lipstick,NARS,,,32,Makeup,Lip
#22 Blending Brush,NARS,,,28,Makeup,Brushes & Applicators
#20 Allover Eyeshadow Brush,NARS,,,28,Makeup,Brushes & Applicators
Glam Eyeshadow Palette,Natasha Denona,4.5045,557,69,Makeup,Eye
Eyeshadow Palette 5,Natasha Denona,4.0902,244,48,Makeup,Eye
Mini Nude Eyeshadow Palette,Natasha Denona,4.5207,434,27,Makeup,Eye
Bronze Eyeshadow Palette,Natasha Denona,4.5815,356,69,Makeup,Eye
Retro Eyeshadow Palette,Natasha Denona,4.3802,192,69,Makeup,Eye
Mini Star Eyeshadow Palette,Natasha Denona,3.6311,534,25,Makeup,Eye
Mini Glam Eyeshadow Palette,Natasha Denona,4.1667,222,27,Makeup,Eye
Glam Face & Eye Palette,Natasha Denona,4.0171,175,62,Makeup,Face
Mini Retro Eyeshadow Palette,Natasha Denona,4.4227,220,27,Makeup,Mini Size
Star Eyeshadow Palette,Natasha Denona,4.0628,239,25,Makeup,Eye
Mini Gold Eyeshadow Palette,Natasha Denona,4.312,250,27,Makeup,Eye
My Dream Eyeshadow Palette,Natasha Denona,4.7524,311,69,Makeup,Eye
Mini Bronze & Glow Cheek Duo,Natasha Denona,4.0545,110,20,Makeup,Cheek
Pastel Eyeshadow Palette,Natasha Denona,3.9697,99,69,Makeup,Eye
Mini Biba Eyeshadow Palette,Natasha Denona,4.4091,66,27,Mini Size,Makeup
Zendo Eyeshadow Palette,Natasha Denona,3.7553,94,69,Makeup,Eye
Mini Love Eyeshadow Palette,Natasha Denona,4.42,100,27,Makeup,Mini Size
Bloom Cheek Palette,Natasha Denona,4.6331,308,59,Makeup,Cheek
Retro Glam Eyeshadow Palette,Natasha Denona,4.7652,264,69,Makeup,Eye
Mini Zendo Eyeshadow Palette,Natasha Denona,4.3913,92,27,Makeup,Eye
Tan Bronze & Glow Palette,Natasha Denona,4.5074,136,59,Makeup,Cheek
Mini Bronze Eyeshadow Palette,Natasha Denona,4.6875,16,27,Mini Size,Makeup
Hy-Gen Skinglass Energizing & Hydrating Primer Serum,Natasha Denona,4.6136,264,48,Makeup,Face
Transformatte Pore Vanishing Matte Foundation,Natasha Denona,3.3209,134,45,Makeup,Face
Puff Paint Liquid Blush,Natasha Denona,4.1333,45,24,Makeup,Cheek
I Need A Rose Cream Lipstick,Natasha Denona,4.6555,119,27,Makeup,Lip
Foundation X+,Natasha Denona,3.6753,77,45,Makeup,Face
"My Dream Cheek Trio - Cream Blush, Glow Cream Base and Glow Powder Highlighter",Natasha Denona,4.6948,213,48,Makeup,Cheek
I Need A Rose Long Lasting Easy Glide Lip Pencil,Natasha Denona,4.8122,229,24,Makeup,Lip
Transfix Matte Concealer,Natasha Denona,2.7031,64,28,Makeup,Face
Mini Pastel Eyeshadow Palette,Natasha Denona,4.5,8,27,Makeup,Eye
I Need A Rose Lipgloss,Natasha Denona,4.6296,81,27,Makeup,Lip
My Dream Lipstick - Creamy Lip Color,Natasha Denona,4.687,131,27,Makeup,Lip
My Dream Lip Crayon - Long Lasting Easy Glide Lip Liner,Natasha Denona,4.8597,221,24,Makeup,Lip
My Dream Lip Gloss - Soft & Hydrating Lip Shine,Natasha Denona,4.7107,121,27,Makeup,Lip
Work & Set Gel Eyeliner,Natasha Denona,3.2667,15,26,Makeup,Eye
Macro Tech Eyeliner Crayon,Natasha Denona,3.6333,30,24,Makeup,Eye
Macro Blade Liquid Eyeliner,Natasha Denona,3.4643,56,27,Makeup,Eye
Love Face Eyeshadow & Cheek Essential Palette,Natasha Denona,3.3,10,62,Makeup,Makeup Palettes
Travel Brush Set & Makeup Pouch,Natasha Denona,3.7143,7,139,Makeup,Brushes & Applicators
Get Even Cold-Pressed Peel Pads,Naturally Serious,4.7217,230,32,Skincare,Treatments
Fruit-Tox Resurfacing Facial Remedy,Naturally Serious,4.6,195,27,Skincare,Treatments
After-Dark Natural Peptide Sleeping Cream,Naturally Serious,4.4407,177,37,Skincare,Moisturizers
Skin Warrior Moisture Rescue Cream,Naturally Serious,4.1905,168,35,Skincare,Moisturizers
Mask-imum Revival Hydra-Plumping Mask,Naturally Serious,4.381,126,27,Skincare,Masks
Zero Baggage Anti-Dark Circle Eye Cream,Naturally Serious,4.2155,116,26,Skincare,Eye Care
Supercharge Anti-Oxidant Moisture Serum,Naturally Serious,4.5758,99,39,Skincare,Treatments
Illumi-nation Anti-Fatigue Power Serum,Naturally Serious,4.6705,88,39,Skincare,Treatments
Mineral Sun Defense Moisturizer Broad Spectrum SPF 30,Naturally Serious,4.3766,77,36,Skincare,Sunscreen
Lemon-Aid Makeup-Removing Cleansing Gel,Naturally Serious,4.5522,67,19,Skincare,Cleansers
Sleepover Retin-Oil Nighttime Treatment,Naturally Serious,4.7656,64,39,Skincare,Treatments
"The Body Wash - With Niacinamide, Vitamins + Plant Surfactants",Nécessaire,4.4633,1157,25,Bath & Body,Bath & Shower
"The Body Lotion - With Niacinamide, Vitamins + Peptides",Nécessaire,4.6814,1271,28,Bath & Body,Body Moisturizers
"The Body Serum - With Hyaluronic Acid, Niacinamide + Ceramide",Nécessaire,4.7424,590,45,Bath & Body,Body Moisturizers
The Body Exfoliator - With Bamboo Charcoal,Nécessaire,4.3193,119,30,Bath & Body,Bath & Shower
The Deodorant Gel - With 5% Alpha Hydroxy Acid (AHA) and Niacinamide,Nécessaire,4.1638,525,15,Bath & Body,Body Care
The Body Ritual,Nécessaire,4,55,45,Bath & Body,Value & Gift Sets
The Hand Cream - With Peptide,Nécessaire,4.1983,116,20,Bath & Body,Body Moisturizers
"The Sunscreen - 100% Mineral, Broad Spectrum SPF 30 with 20% Non-Nano Zinc, Hyaluronic Acid and Niacinamide",Nécessaire,4.5322,451,25,Skincare,Sunscreen
The Scalp Serum - With 5% Biomimetic Peptide Blend For Hair Growth,Nécessaire,4.6881,420,58,Hair,Hair Styling & Treatments
"The Shampoo- Balancing Cleanse With Hyaluronic Acid, Niacinamide + Panthenol",Nécessaire,4.6772,412,28,Hair,Shampoo & Conditioner
The Body Oil - 100% Organic. 100% Cold-Pressed.,Nécessaire,4.037,27,40,Bath & Body,Body Moisturizers
"The Conditioner- Hydrating Cream with Hyaluronic Acid, Niacinamide + Panthenol",Nécessaire,4.6471,408,28,Hair,Shampoo & Conditioner
The Neck Serum - With 5 Peptides | 9% Peptide Blend,Nécessaire,4.6903,226,60,Skincare,Moisturizers
"The Body Cream - With 5 Ceramides, Colloidal Oatmeal + Niacinamide",Nécessaire,4.8619,420,45,Bath & Body,Body Moisturizers
"The Body Bar - With 2% Physical Exfoliant, 5 Ceramides + Niacinamide",Nécessaire,4.1333,15,12,Bath & Body,Bath & Shower
"Mini The Body Lotion - With Niacinamide, Vitamins + Peptides",Nécessaire,3.9298,57,15,Bath & Body,Body Moisturizers
"The Body Wash - With Niacinamide, Vitamins + Plant Surfactants Refill",Nécessaire,3.7463,67,40,Bath & Body,Bath & Shower
Indigo Eau de Parfum,NEST New York,4.5041,607,86,Fragrance,Women
Madagascar Vanilla Perfume Oil,NEST New York,4.0165,242,98,Fragrance,Women
Madagascar Vanilla Perfume Oil Rollerball,NEST New York,4.0165,242,35,Fragrance,Women
Mini Fragrance Discovery Set,NEST New York,4.4468,47,40,Fragrance,Value & Gift Sets
Indigo Eau de Parfum Travel Spray,NEST New York,4.4944,267,30,Fragrance,Women
Black Tulip Eau de Parfum,NEST New York,4.5013,377,86,Fragrance,Women
Wild Poppy Eau de Parfum,NEST New York,4.4568,278,86,Fragrance,Women
Sunkissed Hibiscus Eau de Parfum,NEST New York,4.2291,275,86,Fragrance,Women
Golden Nectar Eau de Parfum,NEST New York,4.2,185,86,Fragrance,Women
Mini Perfume Oil Set,NEST New York,3.7627,59,48,Fragrance,Women
Seville Orange Perfume Oil Rollerball,NEST New York,4.3542,192,35,Fragrance,Women
Sunkissed Hibiscus Eau de Parfum Travel Spray,NEST New York,4.2291,275,30,Fragrance,Women
Balinese Coconut Perfume Oil,NEST New York,4.5714,161,98,Fragrance,Women
Turkish Rose Perfume Oil,NEST New York,4.3351,194,98,Fragrance,Women
Citrine Eau de Parfum,NEST New York,4.4343,297,86,Fragrance,Women
Golden Nectar Eau de Parfum Travel Spray,NEST New York,4.2,185,30,Fragrance,Women
Perfume Rollerball Set,NEST New York,4.5217,23,23,Fragrance,Value & Gift Sets
Wild Poppy Eau de Parfum Travel Spray,NEST New York,4.4568,278,30,Fragrance,Women
Turkish Rose Perfume Oil Rollerball,NEST New York,4.3351,194,35,Fragrance,Women
Seville Orange Perfume Oil,NEST New York,4.3542,192,98,Fragrance,Women
Indian Jasmine Perfume Oil Rollerball,NEST New York,4.3115,122,35,Fragrance,Women
Wisteria Blue Eau de Parfum,NEST New York,4.5208,96,86,Fragrance,Women
Indian Jasmine Perfume Oil,NEST New York,4.3115,122,98,Fragrance,Women
Black Tulip Eau de Parfum Travel Spray,NEST New York,4.5013,377,30,Fragrance,Women
Citrine Eau de Parfum Travel Spray,NEST New York,4.28,100,30,Fragrance,Women
Grapefruit Candle,NEST New York,4.4242,66,46,Fragrance,Candles & Home Scents
Balinese Coconut Perfume Oil Rollerball,NEST New York,4.5714,161,35,Fragrance,Women
Madagascar Vanilla Perfume Oil Set,NEST New York,3.9,10,100,Fragrance,Value & Gift Sets
Mini Perfume Oil Set,NEST New York,4.1538,13,25,Fragrance,Value & Gift Sets
Wisteria Blue Eau de Parfum Travel Spray,NEST New York,4.3288,73,30,Fragrance,Women
Mini Ornament Holiday Candle,NEST New York,4.5,14,18,Fragrance,Candles & Home Scents
Mini Festive Candle Set,NEST New York,4.1667,6,48,Fragrance,Candles & Home Scents
Rose Noir & Oud Candle,NEST New York,4.7431,109,46,Fragrance,Candles & Home Scents
Grapefruit Reed Diffuser,NEST New York,4.3448,29,58,Fragrance,Candles & Home Scents
Holiday Candle,NEST New York,4.4231,26,46,Fragrance,Candles & Home Scents
Moroccan Amber Candle,NEST New York,4.0811,37,46,Fragrance,Candles & Home Scents
Rose Noir & Oud Reed Diffuser,NEST New York,4.5833,24,58,Fragrance,Candles & Home Scents
South Pacific Sandalwood Perfume Oil,NEST New York,4.2568,74,98,Fragrance,Women
South Pacific Sandalwood Perfume Oil Rollerball,NEST New York,4.2568,74,35,Fragrance,Women
Moroccan Amber Reed Diffuser,NEST New York,4.6667,21,58,Fragrance,Candles & Home Scents
Bamboo Candle,NEST New York,4.5818,110,46,Fragrance,Candles & Home Scents
Amalfi Lemon & Mint Candle,NEST New York,3.6818,22,18,Fragrance,Candles & Home Scents
Wild Mint & Eucalyptus Candle,NEST New York,4.75,80,46,Fragrance,Candles & Home Scents
Bamboo Reed Diffuser,NEST New York,4.125,24,58,Fragrance,Candles & Home Scents
Sunkissed Hibiscus Fine Fragrance Set,NEST New York,4.2,5,86,Fragrance,Value & Gift Sets
Pumpkin Chai Candle,NEST New York,4.4821,56,46,Fragrance,Candles & Home Scents
Mini Pumpkin Chai Candle,NEST New York,4.4821,56,18,Fragrance,Candles & Home Scents
Wild Mint & Eucalyptus Reed Diffuser,NEST New York,3.6,20,58,Fragrance,Candles & Home Scents
Pura Smart Home Fragrance Diffuser Set,NEST New York,2.64,25,85,Fragrance,Candles & Home Scents
Festive Petite Diffuser Trio Set,NEST New York,2.5,12,58,Fragrance,Candles & Home Scents
Golden Nectar Perfume Set,NEST New York,4.1667,6,86,Fragrance,Value & Gift Sets
Ocean Mist & Sea Salt Reed Diffuser,NEST New York,3.2727,11,58,Fragrance,Candles & Home Scents
Birchwood Pine Candle,NEST New York,4.6364,11,78,Fragrance,Candles & Home Scents
Grapefruit Votive Candle,NEST New York,4.7333,45,18,Fragrance,Candles & Home Scents
Apricot Tea Scented Candle,NEST New York,3.4545,22,46,Fragrance,Candles & Home Scents
Wild Poppy Perfume Set,NEST New York,4.5833,12,84,Fragrance,Value & Gift Sets
Himalayan Salt & Rosewater Candle,NEST New York,4.9841,63,46,Fragrance,Candles & Home Scents
Smart Home Pura Diffuser Refills,NEST New York,2.3333,3,36,Fragrance,Candles & Home Scents
Mini Birchwood Pine Candle,NEST New York,3.8,5,18,Fragrance,Candles & Home Scents
Sicilian Tangerine Scented Candle,NEST New York,4.6667,9,46,Fragrance,Candles & Home Scents
Mini Himalayan Salt & Rosewater Candle,NEST New York,5,2,18,Fragrance,Candles & Home Scents
Mini Perfume Oil Discovery Sampler Set,NEST New York,,,25,Fragrance,Value & Gift Sets
Cedar Leaf & Lavender Reed Diffuser,NEST New York,3.4545,11,58,Fragrance,Candles & Home Scents
Velvet Pear Candle,NEST New York,4.4286,7,18,Fragrance,Candles & Home Scents
Amalfi Lemon & Mint Reed Diffuser,NEST New York,4.4444,9,58,Fragrance,Candles & Home Scents
Linen Scented Candle,NEST New York,4.4286,7,18,Fragrance,Candles & Home Scents
Ocean Mist & Sea Salt Scented Candle,NEST New York,4.25,8,46,Fragrance,Candles & Home Scents
Apricot Tea Reed Diffuser,NEST New York,3.4167,12,58,Fragrance,Candles & Home Scents
Himalayan Salt & Rosewater Diffuser,NEST New York,5,2,58,Fragrance,Candles & Home Scents
Holiday Reed Diffuser,NEST New York,4.4444,9,58,Fragrance,Candles & Home Scents
Holiday & Birchwood Pine Candle Duo Set,NEST New York,5,2,76,Fragrance,Candles & Home Scents
Driftwood & Chamomile Candle,NEST New York,4.7143,49,46,Fragrance,Candles & Home Scents
Grapefruit Hand Soap,NEST New York,5,1,22,Bath & Body,Bath & Shower
Mini Wild Mint & Eucalyptus Candle,NEST New York,,,18,Fragrance,Candles & Home Scents
Mini Perfume Oil Set,NEST New York,5,1,48,Fragrance,Value & Gift Sets
Wellness Votive Trio Set,NEST New York,5,1,48,Fragrance,Candles & Home Scents
Birchwood Pine Reed Diffuser,NEST New York,4.4,5,58,Fragrance,Candles & Home Scents
Bamboo Liquid Hand Soap,NEST New York,4.2857,7,22,Bath & Body,Bath & Shower
Mini Moroccan Amber Candle,NEST New York,5,2,18,Fragrance,Candles & Home Scents
Crystallized Ginger & Vanilla Bean Candle,NEST New York,4.7841,88,46,Fragrance,Candles & Home Scents
Mini Driftwood & Chamomile Candle,NEST New York,4.25,4,18,Fragrance,Candles & Home Scents
Wild Mint & Eucalyptus Misting Diffuser Set,NEST New York,,,98,Fragrance,Candles & Home Scents
Mini Wellness Candle Duo,NEST New York,,,54,Fragrance,Candles & Home Scents
Wall Diffuser Festive Set,NEST New York,2.5,2,38,Fragrance,Candles & Home Scents
Mini Velvet Pear Candle,NEST New York,3.25,4,18,Fragrance,Candles & Home Scents
Citrine Body Cream,NEST New York,5,2,55,Bath & Body,Body Moisturizers
Lime Zest & Matcha Votive Candle,NEST New York,5,3,18,Fragrance,Candles & Home Scents
Wild Mint & Eucalyptus Misting Diffuser Oil,NEST New York,4.6667,3,32,Fragrance,Candles & Home Scents
Pumpkin Chai Reed Diffuser,NEST New York,1.75,4,58,Fragrance,Candles & Home Scents
Charcoal Woods Candle,NEST New York,4.5231,65,46,Fragrance,Candles & Home Scents
Mini Charcoal Woods Candle,NEST New York,,,18,Fragrance,Candles & Home Scents
Driftwood & Chamomile Misting Diffuser Oil,NEST New York,5,1,32,Fragrance,Candles & Home Scents
Driftwood & Chamomile Diffuser,NEST New York,4,4,58,Fragrance,Candles & Home Scents
Pumpkin Chai Liquid Soap,NEST New York,,,22,Bath & Body,Body Care
Gray Malin Ocean Mist & Sea Salt Candle,NEST New York,3,1,48,Fragrance,Candles & Home Scents
Holiday Wall Diffuser Refill,NEST New York,5,1,28,Fragrance,Candles & Home Scents
Mini Linen Scented Candle,NEST New York,,,18,Fragrance,Candles & Home Scents
Lime Zest & Matcha Candle,NEST New York,4.8553,76,78,Fragrance,Candles & Home Scents
Lime Zest & Matcha Diffuser,NEST New York,,,58,Fragrance,Candles & Home Scents
Lime Zest & Matcha Misting Diffuser Oil,NEST New York,,,32,Fragrance,Candles & Home Scents
Gray Malin Ocean Mist & Sea Salt Reed Diffuser,NEST New York,,,46,Fragrance,Candles & Home Scents
Himalayan Salt & Rosewater Luxury Candle,NEST New York,,,180,Fragrance,Candles & Home Scents
Charcoal Woods Reed Diffuser,NEST New York,,,58,Fragrance,Candles & Home Scents
Birchwood Pine PURA Refill,NEST New York,,,36,Fragrance,Candles & Home Scents
Driftwood & Chamomile Wall Diffuser Refill,NEST New York,,,28,Fragrance,Candles & Home Scents
Driftwood & Chamomile  Luxury Candle,NEST New York,,,180,Fragrance,Candles & Home Scents
Lime Zest & Matcha Pura Refill,NEST New York,,,36,Fragrance,Candles & Home Scents
Wilderness Midnight Moss & Vetiver Reed Diffuser,NEST New York,,,58,Fragrance,Candles & Home Scents
Birchwood Pine Reed Diffuser,NEST New York,,,58,Fragrance,Candles & Home Scents
Smart Home Wall Diffuser Refills,NEST New York,,,28,Fragrance,Candles & Home Scents
Driftwood & Chamomile Misting Diffuser Oil,NEST New York,,,32,Fragrance,Candles & Home Scents
Wild Mint & Eucalyptus Misting Diffuser Oil,NEST New York,,,32,Fragrance,Candles & Home Scents
Rose Noir & Oud Votive Candle,NEST New York,3.3333,3,18,Fragrance,Candles & Home Scents
Amalfi Lemon & Mint Votive Candle,NEST New York,,,18,Fragrance,Candles & Home Scents
Misting Diffuser Set with Wild Mint & Eucalyptus,NEST New York,,,98,Fragrance,Candles & Home Scents
Nudies Matte Cream Blush,NUDESTIX,4.493,570,35,Makeup,Cheek
Magnetic Eye Color,NUDESTIX,4.1453,358,27,Makeup,Eye
Nude Metallics For Eyes,NUDESTIX,4.0865,266,30,Makeup,Eye
Nudies Bloom All Over Dewy Color,NUDESTIX,4.2869,352,35,Makeup,Cheek
Mini NUDIES Roses 'N Honey Nudes 3pc Kit,NUDESTIX,4.3026,152,29,Mini Size,Makeup
Intense Matte Lip + Cheek Pencil,NUDESTIX,4.3484,221,27,Makeup,Lip
Tinted Blur Foundation Stick,NUDESTIX,3.6797,459,32,Makeup,Face
Nudies All Over Face Color Bronze + Glow,NUDESTIX,4.2261,283,35,Makeup,Face
Sunset Nudes 3-piece Set,NUDESTIX,4.3953,43,27,Makeup,Face
Magnetic Matte Lip Color,NUDESTIX,3.6989,362,27,Makeup,Lip
Gel Color Lip + Cheek Balm,NUDESTIX,4.4444,99,27,Makeup,Lip
Nude Plumping Lip Glace,NUDESTIX,4.411,73,28,Makeup,Lip
Tinted Cover Skin Tint Foundation,NUDESTIX,4,5,36,Makeup,Face
Mini Nudefix Cream Concealer,NUDESTIX,4.3333,3,9,Mini Size,Makeup
Mini Soft & Warm Nudes 3-Piece Kit,NUDESTIX,4,5,29,Makeup,Face
Eyebrow Stylus Pencil & Gel,NUDESTIX,4.1958,240,27,Makeup,Eye
Nudies Matte Cream Bronzer,NUDESTIX,4.3312,308,35,Makeup,Cheek
Nudies Matte Lux All-Over Face Blush,NUDESTIX,4.6076,288,35,Makeup,Cheek
Nudefix Cream Concealer,NUDESTIX,4.3333,3,28,Makeup,Face
Nudescreen Daily Mineral Veil SPF 30,NUDESTIX,4.0789,152,36,Skincare,Moisturizers
Blend & Buff Brush,NUDESTIX,4.2821,39,26,Makeup,Brushes & Applicators
Tinted Blur Contour Sculpting Stick,NUDESTIX,4.3162,136,32,Makeup,Face
Glowy Nude Skin 2pcs,NUDESTIX,4,4,47,Makeup,Cheek
Blot & Blur Matte Stick,NUDESTIX,4.2796,186,34,Makeup,Face
Mini 90's Nude Lips 3-Piece Kit,NUDESTIX,4.2222,9,29,Makeup,Lip
Pretty Nude Skin 2pcs,NUDESTIX,3.4545,11,47,Makeup,Cheek
NUDESKIN Lemon-Aid Detox & Glow Micro-Peel,NUDESTIX,4.4691,81,35,Skincare,Treatments
NUDESKIN Citrus-C Mask & Daily Moisturizer,NUDESTIX,4.2603,73,39,Skincare,Moisturizers
NUDESKIN 3-Step: Citrus Renew Set For Makeup,NUDESTIX,3.7639,72,29,Skincare,Value & Gift Sets
"No Edit, No Filter, Just Glam 3-Piece Glamzilla Set",NUDESTIX,3.5,8,69,Makeup,Face
Euphoric Nudes 7pc Festival Palette,NUDESTIX,4.5429,105,79,Makeup,Eye
Brow Set Gel XL,NUDESTIX,4.0088,114,28,Makeup,Eye
Lash Lengthening Mascara,NUDESTIX,3.8355,152,28,Makeup,Eye
Hydra-Peptide Lip Butter with Mini Intense Matte Lip + Cheek Pencil,NUDESTIX,4.6019,103,18,Makeup,Lip
Mini Trendy Blush 3-Piece Kit,NUDESTIX,4.5,4,29,Makeup,Face
Brows & Lashes 3pc Kit,NUDESTIX,4.3152,92,32,Makeup,Value & Gift Sets
Nudescreen Lip Primer SPF 30 Natural,NUDESTIX,4.3333,6,18,Makeup,Lip
Nude Earth Eye Palette 6 Pc Kit,NUDESTIX,5,4,69,Makeup,Eye
Vegan Splashproof Mascara,NUDESTIX,4.3254,209,28,Makeup,Eye
NUDESKIN Citrus Clean Balm & Make-Up Melt,NUDESTIX,5,1,35,Makeup,Accessories
Gentle Hydra-Gel Face Cleanser,NUDESTIX,5,1,19,Skincare,Cleansers
5% Citrus Fruit & Glycolic Glow Toner,NUDESTIX,,,29,Skincare,Cleansers
Citrus Clean Balm & Makeup Melt,NUDESTIX,,,35,Makeup,Accessories
Love is Louder Lip + Cheek Pencil,NUDESTIX,4.377,61,27,Makeup,Lip
Nudestix Lemon-Aid Detox & Glow Micro-Peel,NUDESTIX,,,35,Skincare,Treatments
NuFACE Mini+ Petite Facial Toning Device,NuFACE,4.5314,175,245,Skincare,High Tech Tools
Trinity + Eye and Lip Enhancer Attachment Bundle,NuFACE,3.4381,105,449,Skincare,High Tech Tools
Trinity + Eye and Lip Enhancer Attachment Bundle,NuFACE,3.4381,105,429,Skincare,High Tech Tools
NuFACE Hydrating Aqua Gel,NuFACE,4.3182,22,39,Skincare,Moisturizers
NuBODY Skin Toning Device,NuFACE,4.25,20,399,Skincare,High Tech Tools
NuFACE Firming and Brightening Silk Crème,NuFACE,4.5625,16,69,Skincare,Moisturizers
Wrinkle Reducer Trinity Attachment,NuFACE,2.7143,14,159,Skincare,High Tech Tools
Trinity Facial Toning Device + Wrinkle Reducer Attachment Bundle,NuFACE,3.5385,13,449,Skincare,High Tech Tools
FIX  Line Smoothing Device,NuFACE,2,12,159,Skincare,High Tech Tools
Trinity Facial Toning Device + Wrinkle Reducer Attachment Bundle,NuFACE,3.6667,9,429,Skincare,High Tech Tools
NuBODY - Body Toning Device,NuFACE,1,2,399,Skincare,High Tech Tools
Trinity+ Starter Kit,NuFACE,5,2,395,Skincare,High Tech Tools
NuFACE Trinity+ & Effective Lip and Eye Attachment,NuFACE,,,495,Skincare,High Tech Tools
FIX Line Smoothing Serum,NuFACE,,,49,Skincare,Treatments
NuFACE Effective Lip & Eye Attachment,NuFACE,,,160,Skincare,High Tech Tools
WOMEN Clinically Proven Hair Growth Supplement for Thinning,Nutrafol,4.6882,186,88,Hair,Hair Styling & Treatments
Women’s Lightweight Thickening-Hair Serum for Thinning Hair,Nutrafol,4.7047,193,69,Hair,Hair Styling & Treatments
WOMEN’S BALANCE 45+ Clinically Proven Hair Growth Supplement for Thinning,Nutrafol,4.8286,70,88,Hair,Hair Styling & Treatments
Root Purifier Scalp Shampoo for Thinning Hair,Nutrafol,4.6872,195,44,Hair,Shampoo & Conditioner
Strand Defender Lightweight Strengthening Conditioner for Thinning Hair,Nutrafol,4.6791,187,44,Hair,Shampoo & Conditioner
Build-Up Blocker Scalp Exfoliating Hair Mask with AHAs and Jojoba Esters,Nutrafol,4.7354,189,49,Hair,Hair Styling & Treatments
WOMEN’S VEGAN Clinically Proven Hair Growth Supplement for Thinning,Nutrafol,4.7033,182,88,Hair,Hair Styling & Treatments
Stress Reliever Soothing Serum for Dry & Sensitive Scalps,Nutrafol,4.6471,187,59,Hair,Hair Styling & Treatments
MEN Clinically Proven Hair Growth Supplement for Thinning,Nutrafol,5,2,88,Hair,Hair Styling & Treatments
POSTPARTUM OBGYN-Formulated Hair Growth Supplement for Thinning & Full-Body Recovery Support,Nutrafol,4.5714,42,88,Hair,Hair Styling & Treatments
No. 3 Hair Repair Perfector,Olaplex,4.328,3908,30,Hair,Hair Styling & Treatments
No. 7 Bonding Hair Oil,Olaplex,4.1018,1336,30,Hair,Hair Styling & Treatments
No. 4 Bond Maintenance Shampoo,Olaplex,3.7813,1843,30,Hair,Shampoo & Conditioner
No. 6 Bond Smoother Reparative Styling Creme,Olaplex,4.3311,1169,30,Hair,Hair Styling & Treatments
No. 5 Bond Maintenance Conditioner,Olaplex,4.0582,1237,30,Hair,Shampoo & Conditioner
No. 0 Intensive Bond Building Hair Treatment,Olaplex,4.1482,1734,30,Hair,Hair Styling & Treatments
No. 8 Bond Intense Moisture Hair Mask,Olaplex,4.3818,1197,30,Hair,Hair Styling & Treatments
Mini No. 5 Bond Maintenance Conditioner,Olaplex,3.8848,217,15,Hair,Shampoo & Conditioner
Mini No. 4 Bond Maintenance Shampoo,Olaplex,3.822,264,15,Hair,Shampoo & Conditioner
No. 9 Bond Protector Nourishing Hair Serum,Olaplex,4.6358,1233,30,Hair,Hair Styling & Treatments
No.4P Blonde Enhancer Toning Purple Shampoo,Olaplex,3.9027,401,30,Hair,Shampoo & Conditioner
No. 4C Bond Maintenance Clarifying Shampoo,Olaplex,4.7719,1140,30,Hair,Shampoo & Conditioner
No. 3 & No. 8 Hair Repair Remedies Set,Olaplex,4.0938,32,56,Hair,Value & Gift Sets
No.4D Clean Volume Detox Dry Shampoo,Olaplex,4.4835,1212,30,Hair,Hair Styling & Treatments
C-Rush Vitamin C Gel Moisturizer,OLEHENRIKSEN,4.3404,2961,51,Skincare,Moisturizers
Glow2OH Dark Spot Toner,OLEHENRIKSEN,4.1922,2955,35,Skincare,Cleansers
PHAT Glow Facial Mask,OLEHENRIKSEN,4.3854,1785,52,Skincare,Masks
Balancing Force Oil Control Toner,OLEHENRIKSEN,4.3017,1674,35,Skincare,Cleansers
Cold Plunge Pore Mask,OLEHENRIKSEN,4.5335,1522,41,Skincare,Masks
Dewtopia 20% Acid Night Treatment,OLEHENRIKSEN,4.5614,1466,60,Skincare,Treatments
Find Your Balance Oil Control Cleanser,OLEHENRIKSEN,4.4299,1447,33,Skincare,Cleansers
Lemonade Smoothing Scrub,OLEHENRIKSEN,4.5795,1277,35,Skincare,Cleansers
Glow Cycle Retin-ALT Power Serum,OLEHENRIKSEN,4.2873,1239,60,Skincare,Treatments
Banana Bright 15% Vitamin C Serum,OLEHENRIKSEN,3.9404,1041,71,Skincare,Treatments
Cold Plunge Pore Remedy Moisturizer with BHA/LHA,OLEHENRIKSEN,4.3959,1033,51,Skincare,Moisturizers
Banana Bright Face Primer,OLEHENRIKSEN,4.3071,1781,40,Makeup,Face
Wrinkle Blur Bakuchiol Eye Gel Crème,OLEHENRIKSEN,4.3939,886,52,Skincare,Eye Care
Pore-Balance Facial Sauna Scrub,OLEHENRIKSEN,4.5597,879,35,Skincare,Cleansers
Strength Trainer Peptide Boost Moisturizer,OLEHENRIKSEN,4.5522,862,51,Skincare,Moisturizers
Truth Barrier Booster Orange Ferment Vitamin C Essence,OLEHENRIKSEN,4.814,602,48,Skincare,Moisturizers
Banana Bright+ Vitamin C Eye Crème,OLEHENRIKSEN,4.2017,575,42,Skincare,Eye Care
Truth Juice Daily Cleanser,OLEHENRIKSEN,4.2372,527,33,Skincare,Cleansers
Mini Truth Juice Daily Cleanser,OLEHENRIKSEN,4.2372,527,16,Skincare,Mini Size
Goodnight Glow Bakuchiol Sleeping Crème,OLEHENRIKSEN,3.8817,524,60,Skincare,Moisturizers
Dewtopia 5% AHA Firming Night Crème,OLEHENRIKSEN,4.8319,339,60,Skincare,Moisturizers
Banana Bright+ Vitamin CC Eye Sticks,OLEHENRIKSEN,4.604,298,34,Skincare,Eye Care
Hydrabarrier Nourishing Face Oil,OLEHENRIKSEN,4.8186,204,58,Skincare,Moisturizers
Firmly Yours Dry Body Oil with Peptides,OLEHENRIKSEN,4.4734,395,45,Bath & Body,Body Moisturizers
Truth Serum Vitamin C Serum,OLEHENRIKSEN,4.1875,128,56,Skincare,Treatments
Pout Preserve Peptide Lip Treatment,OLEHENRIKSEN,4.5727,110,22,Skincare,Lip Balms & Treatments
Mini Strength Trainer Peptide Boost Moisturizer,OLEHENRIKSEN,4.1818,11,20,Mini Size,Skincare
3 Mega Wonders,OLEHENRIKSEN,4.2346,81,65,Skincare,Value & Gift Sets
BeamCream Smoothing Body Moisturizer with AHAs,OLEHENRIKSEN,4.415,400,38,Bath & Body,Body Moisturizers
Mini Lemonade Smoothing Scrub,OLEHENRIKSEN,4.1923,52,18,Skincare,Mini Size
Acids Done Bright Smoothing Skincare Set,OLEHENRIKSEN,4.8182,11,44,Men,Value & Gift Sets
Stay in Touch Restorative Hand Crème,OLEHENRIKSEN,4.541,61,22,Bath & Body,Body Moisturizers
Balance It All Oil Control & Pore-Refining Set,OLEHENRIKSEN,3.6364,22,40,Skincare,Value & Gift Sets
Let's Get Luminous Brightening Essentials Set,OLEHENRIKSEN,3.4444,9,46,Skincare,Value & Gift Sets
Mini Glow2OH Dark Spot Toner,OLEHENRIKSEN,4.5,8,19,Skincare,Mini Size
The Night Time Edit- Jenna Rennert X OLEHENRIKSEN,OLEHENRIKSEN,3.4,5,65,Skincare,Value & Gift Sets
OLE Glow Icons Skincare Set,OLEHENRIKSEN,3.75,4,62,Skincare,Value & Gift Sets
Mini BeamCream Smoothing Body Moisturizer with AHAs,OLEHENRIKSEN,4,1,20,Bath & Body,Body Moisturizers
Glow Strong Mini Moisturizer + Eye Cream Duo,OLEHENRIKSEN,,,25,Skincare,Value & Gift Sets
Turn Up The Base Versatile Powder Foundation,ONE/SIZE by Patrick Starrr,4.2276,637,38,Makeup,Face
Cheek Clapper 3D Blush Trio Palette,ONE/SIZE by Patrick Starrr,4.7403,335,38,Makeup,Cheek
Mini Ultimate Blurring Setting Powder,ONE/SIZE by Patrick Starrr,4.3026,1170,18,Makeup,Mini Size
Ultimate Blurring Setting Powder,ONE/SIZE by Patrick Starrr,4.3138,1144,34,Makeup,Face
Turn Up the Base Blurring Foundation,ONE/SIZE by Patrick Starrr,4.2718,677,35,Makeup,Face
On 'Til Dawn Mattifying Waterproof Setting Spray,ONE/SIZE by Patrick Starrr,4.1483,809,32,Makeup,Face
Turn Up the Base Butter Silk Concealer,ONE/SIZE by Patrick Starrr,4.2798,411,28,Makeup,Face
Mini On 'Til Dawn Mattifying Waterproof Setting Spray,ONE/SIZE by Patrick Starrr,4.1483,809,17,Makeup,Mini Size
Point Made Waterproof Liquid Eyeliner Pen,ONE/SIZE by Patrick Starrr,4.2245,1292,19,Makeup,Eye
Secure the Blur Makeup Magnet Primer,ONE/SIZE by Patrick Starrr,4.1303,376,34,Makeup,Face
PATRICK STARRR Visionary Eyeshadow Palette,ONE/SIZE by Patrick Starrr,3.6182,165,42,Makeup,Eye
Made for Shade Bronze & Sculpt Trio Palette,ONE/SIZE by Patrick Starrr,4.8093,257,38,Makeup,Face
Eye Popper Sparkle Vision Liquid Eyeshadow,ONE/SIZE by Patrick Starrr,3.7284,81,24,Makeup,Eye
Lip Snatcher Hydrating Liquid Lipstick and Lip Gloss Duo,ONE/SIZE by Patrick Starrr,4.297,165,28,Makeup,Lip
Ultimate Setting & Baking Puff,ONE/SIZE by Patrick Starrr,3.5854,41,14,Makeup,Face
Point Made 24-Hour Gel Eyeliner Pencil,ONE/SIZE by Patrick Starrr,4.2252,151,19,Makeup,Eye
Lip Snatcher Waterproof Precision Lip Liner,ONE/SIZE by Patrick Starrr,4.569,239,14,Makeup,Lip
Mini GO OFF Makeup Dissolving Mist,ONE/SIZE by Patrick Starrr,4.168,256,18,Skincare,Mini Size
GO OFF Makeup Dissolving Mist,ONE/SIZE by Patrick Starrr,4.1746,252,24,Skincare,Cleansers
Fantasize Lifting & Lengthening Mascara,ONE/SIZE by Patrick Starrr,4.3293,413,25,Makeup,Eye
Disney Fantasia and ONE/SIZE Ultimate Mickey Puff,ONE/SIZE by Patrick Starrr,4.3333,6,16,Makeup,Brushes & Applicators
Full-On Faux Lashes,ONE/SIZE by Patrick Starrr,4.3333,45,20,Makeup,Eye
Mini Fantasize Lifting & Lengthening Mascara,ONE/SIZE by Patrick Starrr,4.1312,282,15,Makeup,Eye
BrowKiki Nourishing Tinted Brow Gel,ONE/SIZE by Patrick Starrr,4.375,56,21,Makeup,Eye
BrowKiki Micro Brow Defining Pencil,ONE/SIZE by Patrick Starrr,4.3026,76,19,Makeup,Eye
Disney Fantasia and ONE/SIZE Face and Eye Palette,ONE/SIZE by Patrick Starrr,4.6,15,49,Makeup,Face
Disney Fantasia and ONE/SIZE Versatile Complexion Brush,ONE/SIZE by Patrick Starrr,5,3,34,Makeup,Brushes & Applicators
Eye Popper Creamy Matte Liquid Eyeshadow,ONE/SIZE by Patrick Starrr,5,5,24,Makeup,Eye
BrowKiki Nourishing Clear Brow Gel,ONE/SIZE by Patrick Starrr,3.8929,28,21,Makeup,Eye
Gold Lust Repair & Restore Shampoo,Oribe,4.2889,720,53,Hair,Shampoo & Conditioner
Mini Gold Lust Nourishing Hair Oil,Oribe,4.4595,444,39,Hair,Mini Size
Dry Texturizing Spray,Oribe,4.4064,561,49,Hair,Hair Styling & Treatments
Gold Lust Nourishing Hair Oil,Oribe,4.4595,444,57,Hair,Hair Styling & Treatments
Gold Lust Repair & Restore Conditioner,Oribe,4.4257,639,56,Hair,Shampoo & Conditioner
#OribeObsessed Hair Set,Oribe,3.5152,33,54,Hair,Value & Gift Sets
Supershine Moisturizing Hair Cream,Oribe,4.4692,422,52,Hair,Hair Styling & Treatments
Mini Royal Blowout Heat Styling Spray,Oribe,4.5635,559,24,Hair,Mini Size
Royal Blowout Heat Styling Spray,Oribe,4.5635,559,69,Hair,Hair Styling & Treatments
Mini Dry Texturizing Spray,Oribe,4.4064,561,24,Hair,Mini Size
Gold Lust Transformative Hair Mask,Oribe,4.6115,381,69,Hair,Hair Styling & Treatments
Hair Alchemy Strengthening Treatment Serum,Oribe,4.4741,386,66,Hair,Hair Styling & Treatments
Serene Scalp Thickening Hair Treatment Spray,Oribe,3.9138,58,76,Hair,Hair Styling & Treatments
Hair Alchemy Strengthening Shampoo,Oribe,4.3753,453,52,Hair,Shampoo & Conditioner
Mini Gold Lust Repair & Restore Shampoo,Oribe,4.2889,720,21,Hair,Mini Size
Serene Scalp Anti-Dandruff Shampoo,Oribe,4.1143,385,52,Hair,Shampoo & Conditioner
Mini Gold Lust Repair & Restore Conditioner,Oribe,4.4257,639,22,Hair,Mini Size
Maximista Hair Thickening Spray,Oribe,4.0928,97,39,Hair,Hair Styling & Treatments
Straight Away Smoothing Blowout Hair Cream,Oribe,4.5185,27,44,Hair,Hair Styling & Treatments
Run-Through Detangling Hair Primer,Oribe,4.4233,215,39,Hair,Hair Styling & Treatments
Hair Alchemy Strengthening Conditioner,Oribe,4.36,175,55,Hair,Shampoo & Conditioner
Mini Supershine Moisturizing Hair Cream,Oribe,4.4692,422,19.5,Hair,Hair Styling & Treatments
Gold Lust Dry Shampoo,Oribe,4.0726,179,48,Hair,Hair Styling & Treatments
Moisture & Control Deep Treatment Hair Mask,Oribe,4.4545,22,66,Hair,Hair Styling & Treatments
Signature Shampoo,Oribe,3.2927,41,49,Hair,Shampoo & Conditioner
Shampoo for Magnificent Volume,Oribe,3.9,30,49,Hair,Shampoo & Conditioner
Imperial Blowout Transformative Styling Hair Cream,Oribe,4,20,68,Hair,Hair Styling & Treatments
Split End Seal Beautiful Color Hair Treatment,Oribe,4.2143,14,48,Hair,Hair Styling & Treatments
Shampoo for Moisture & Control,Oribe,4.04,25,49,Hair,Shampoo & Conditioner
Serene Scalp Balancing Conditioner,Oribe,4.3118,356,55,Hair,Shampoo & Conditioner
Mini Gold Lust Transformative mask,Oribe,4.6115,381,26,Hair,Hair Styling & Treatments
Mini Impermeable Anti-Humidity Hair Spray,Oribe,3,11,23,Hair,Mini Size
Hair Priming Lotion Leave-In Conditioning Detangler,Oribe,3.76,25,38,Hair,Hair Styling & Treatments
Aprés Beach Wave and Shine Spray,Oribe,4.1875,16,44,Hair,Hair Styling & Treatments
Grandiose Hair Plumping Mousse,Oribe,3.7333,30,39,Hair,Hair Styling & Treatments
Serene Scalp Soothing Leave-On Hair Treatment,Oribe,4.4318,88,48,Hair,Hair Styling & Treatments
Superfine Hair Spray,Oribe,4.5079,63,44,Hair,Hair Styling & Treatments
Supershine Light Moisturizing Hair Cream,Oribe,4.4,20,52,Hair,Hair Styling & Treatments
Signature Blowout Hair Set,Oribe,5,6,79,Hair,Value & Gift Sets
Shampoo for Beautiful Color,Oribe,3.5333,30,49,Hair,Shampoo & Conditioner
Impermeable Anti-Humidity Hair Spray,Oribe,4.1429,21,42,Hair,Hair Styling & Treatments
Replenishing Body Wash,Oribe,4.4138,29,48,Bath & Body,Bath & Shower
Intense Conditioner for Moisture & Control,Oribe,3.6667,12,52,Hair,Shampoo & Conditioner
Gold Lust Power Drops Damage Hair Repair Booster,Oribe,3.4737,19,58,Hair,Hair Styling & Treatments
Lunar New Year Gold Lust Travel Hair Set,Oribe,4.3333,3,25,Hair,Value & Gift Sets
Mini Gold Lust Dry Shampoo,Oribe,4,5,23,Hair,Mini Size
The Cleanse Clarifying Shampoo,Oribe,4.5263,19,49,Hair,Shampoo & Conditioner
Restorative Body Crème,Oribe,4.6818,22,65,Bath & Body,Body Moisturizers
Bright Blonde Sun Lightening Hair Mist,Oribe,3.7097,31,38,Hair,Hair Styling & Treatments
Mini Superfine Hair Spray,Oribe,3.3333,6,23,Hair,Mini Size
Curl Gloss,Oribe,3.5714,14,42,Hair,Hair Styling & Treatments
Mini Bright Blonde Shampoo for Beautiful Color,Oribe,3.8,10,19,Hair,Mini Size
Matte Waves Texture Hair Lotion,Oribe,4.1667,18,42,Hair,Hair Styling & Treatments
Shampoo for Brilliance & Shine,Oribe,4.1667,18,49,Hair,Shampoo & Conditioner
Bright Blonde Shampoo for Beautiful Color,Oribe,3.4286,28,49,Hair,Shampoo & Conditioner
Cleansing Cream for Moisture & Control,Oribe,4.5455,22,49,Hair,Shampoo & Conditioner
Serene Scalp Exfoliating Scrub,Oribe,3.5,10,52,Hair,Hair Styling & Treatments
Conditioner for Brilliance & Shine,Oribe,4.3333,27,52,Hair,Shampoo & Conditioner
Curl Control Silkening Cream,Oribe,4.0833,12,42,Hair,Hair Styling & Treatments
Bright Blonde Essential Priming Hair Serum,Oribe,4.5714,7,42,Hair,Hair Styling & Treatments
Signature Moisture Hair Mask,Oribe,4.2667,15,66,Hair,Hair Styling & Treatments
Signature Conditioner,Oribe,3.25,16,52,Hair,Shampoo & Conditioner
Curl Gelée for Shine and Definition,Oribe,4,11,44,Hair,Hair Styling & Treatments
Invisible Defense Universal Protection Hair Spray,Oribe,3.7273,11,44,Hair,Hair Styling & Treatments
Mini Maximista Hair Thickening Spray,Oribe,5,2,19,Hair,Hair Styling & Treatments
Mini Bright Blonde Conditioner for Beautiful Color,Oribe,4.8333,6,20,Hair,Mini Size
Conditioner for Beautiful Color,Oribe,3.3333,15,52,Hair,Shampoo & Conditioner
Gold Lust All Over Oil,Oribe,4.1111,9,62,Hair,Hair Styling & Treatments
Styling Butter Curl Enhancing Cream,Oribe,4.25,8,46,Hair,Hair Styling & Treatments
Superfine Strong Hair Spray,Oribe,4.3,10,44,Hair,Hair Styling & Treatments
Conditioner for Magnificent Volume,Oribe,3.375,8,52,Hair,Shampoo & Conditioner
Bright Blonde Conditioner for Beautiful Color,Oribe,4.8333,6,52,Hair,Shampoo & Conditioner
Airbrush Root Touch-Up Spray,Oribe,3.2727,22,34,Hair,Hair Styling & Treatments
Run Through Detangling Shampoo,Oribe,3.7083,24,49,Hair,Shampoo & Conditioner
Tres Set Structure Spray,Oribe,4.1818,11,46,Hair,Hair Styling & Treatments
Hair Mask for Beautiful Color,Oribe,4,9,66,Hair,Hair Styling & Treatments
Curl Shaping Mousse,Oribe,3.4375,16,39,Hair,Hair Styling & Treatments
Hair Alchemy Strengthening Mask,Oribe,4.4251,247,68,Hair,Hair Styling & Treatments
Flat Brush,Oribe,5,6,100,Hair,Tools
Hair Cream for Style,Oribe,4.3333,3,42,Hair,Hair Styling & Treatments
Mini Hair Alchemy Strengthening Shampoo,Oribe,4.3753,453,20,Hair,Shampoo & Conditioner
Bright Blonde Radiance & Repair Treatment,Oribe,3.8333,6,58,Hair,Hair Styling & Treatments
Silverati Conditioner,Oribe,4.4,5,52,Hair,Shampoo & Conditioner
Mini Hair Alchemy Strengthening Conditioner,Oribe,4.36,175,21,Hair,Shampoo & Conditioner
Dry Texturizing Spray,Oribe,5,1,49,Hair,Hair Styling & Treatments
Large Round Brush,Oribe,5,2,125,Hair,Tools
Medium Round Brush,Oribe,5,1,125,Hair,Tools
Mini Straight Away Smoothing Blowout Hair Cream,Oribe,,,18,Hair,Hair Styling & Treatments
Mini Run-Through Detangling Hair Primer,Oribe,,,19,Mini Size,Hair
Mini Shampoo for Beautiful Color,Oribe,,,19,Mini Size,Hair
Mini Conditioner for Beautiful Color,Oribe,,,20,Mini Size,Hair
Mini Signature Shampoo,Oribe,,,19,Mini Size,Hair
Mini Masque for Beautiful Color,Oribe,,,22,Hair,Mini Size
Mini Signature Conditioner,Oribe,,,20,Mini Size,Hair
Clear Improvement Active Charcoal Mask to Clear Pores,Origins,4.3292,4526,17,Skincare,Masks
Checks and Balances Frothy Face Wash,Origins,4.2888,3286,27,Skincare,Cleansers
GinZing Ultra-Hydrating Energy-Boosting Cream,Origins,4.401,3135,36,Skincare,Moisturizers
Original Skin Matte Moisturizer with Willowherb,Origins,4.4089,2306,40,Skincare,Moisturizers
Original Skin Retexturizing Mask with Rose Clay,Origins,4.6207,1769,32,Skincare,Masks
Super Spot Remover Acne Treatment Gel,Origins,3.9349,1706,20,Skincare,Treatments
Drink Up Intensive Overnight Hydrating Mask with Avocado & Swiss Glacier Water,Origins,4.4954,1643,32,Skincare,Masks
GinZing Refreshing Scrub Cleanser,Origins,4.4763,1627,27,Skincare,Cleansers
High-Potency Night-a-Mins Resurfacing Cream with Fruit-Derived AHAs,Origins,4.3159,1336,52,Skincare,Moisturizers
Clear Improvement Pore Clearing Moisturizer with Salicylic Acid,Origins,4.2685,1270,40,Skincare,Moisturizers
Clear Improvement Charcoal Honey Mask to Purify and Nourish,Origins,4.6453,1074,37,Skincare,Masks
Out of Trouble 10 Minute Mask to Rescue Problem Skin,Origins,4.397,1000,32,Skincare,Masks
Ginzing Vitamin C Eye Cream to Brighten and Depuff,Origins,4.457,965,37,Skincare,Eye Care
Dr. Andrew Weil for Origins Mega-Mushroom Relief & Resilience Soothing Treatment Lotion,Origins,4.4028,571,40,Skincare,Moisturizers
Eye Doctor Moisture Care For Skin Around Eyes,Origins,4.0519,501,49,Skincare,Eye Care
High-Potency Night-A-Mins Oil-Free Resurfacing Cream with Fruit Derived AHAs,Origins,4.3358,402,52,Skincare,Moisturizers
GinZing Into the Glow Brightening Serum,Origins,4.5328,259,46,Skincare,Treatments
PLANTSCRIPTION Multi-powered Anti-Aging Peptide Serum,Origins,4.4356,225,61,Skincare,Treatments
Dr. Andrew Weil For Origins Mega-Bright SPF 30 Skin Tone Correcting Oil-Free Moisturizer,Origins,4.0966,207,63,Skincare,Moisturizers
Ginger Souffle Whipped Body Cream,Origins,4.42,100,41,Bath & Body,Body Moisturizers
Plantscription Anti-Aging Power Eye Cream,Origins,3.8372,129,58,Skincare,Eye Care
Mini Clear Improvement Active Charcoal Mask to Clear Pore,Origins,3.9843,127,17,Skincare,Mini Size
GinZing Energizing Gel Cream with Caffeine & Niacinamide,Origins,4.5966,119,36,Skincare,Moisturizers
Mini Original Skin Retexturizing Mask with Rose Clay,Origins,4.4762,105,17,Skincare,Mini Size
Mini Drink Up Intensive Overnight Hydrating Mask with Avocado & Swiss Glacier Water,Origins,4.1143,105,17,Skincare,Mini Size
Plantscription Anti-Aging Cleanser,Origins,4.2871,101,36,Skincare,Cleansers
Checks and Balances Polishing Exfoliator,Origins,4.4624,93,27,Skincare,Cleansers
Mega-Mushroom Skin Relief Micellar Cleanser,Origins,4.5,86,37,Skincare,Cleansers
Plantscription Youth-Renewing Power Night Cream,Origins,4.5897,78,73,Skincare,Moisturizers
Pretty in Bloom SPF 20 Flower-Infused Long-Wear Foundation,Origins,3.5,14,38,Makeup,Face
Plantscription SPF 25 Power Anti-Aging Cream,Origins,4.254,63,73,Skincare,Moisturizers
Plantscription SPF 25 Power Anti-Aging Oil-Free Cream,Origins,4.4,45,73,Skincare,Moisturizers
Bestsellers Recruitment Set,Origins,3.881,42,29,Skincare,Value & Gift Sets
MINI GINZING VITAMIN C EYE CREAM TO BRIGHTEN AND DEPUFF,Origins,3.45,40,29,Skincare,Eye Care
Plantscription Retinol Night Moisturizer,Origins,4.5385,39,73,Skincare,Moisturizers
Dr. Andrew Weil for Origins Mega-Mushroom Relief & Resilience Hydra Burst Gel Lotion,Origins,4.0345,29,71,Skincare,Moisturizers
Dr. Andrew Weil for Origins Mega-Mushroom Relief & Resilience Soothing Cream,Origins,4.2667,15,71,Skincare,Moisturizers
Mini Original Skin Matte Moisturizer with Willowherb,Origins,4.0714,14,24,Skincare,Mini Size
Dr. Andrew Weil for Origins Mega-Mushroom Weightless Hydrating Moisturizer,Origins,4.1,10,40,Skincare,Moisturizers
Clear Improvement Zero Oil Cleanser With Charcoal,Origins,3.5,8,27,Skincare,Cleansers
Rattan Sandalwood Vegan Candle,OTHERLAND,4.3333,24,36,Fragrance,Candles & Home Scents
Fallen Fir Vegan Candle,OTHERLAND,4,21,36,Fragrance,Candles & Home Scents
Black Velvet Jasmine Vegan Candle,OTHERLAND,4.1111,9,36,Fragrance,Candles & Home Scents
Canopy Fig Vegan Candle,OTHERLAND,3.7647,17,36,Fragrance,Candles & Home Scents
Daybed Rose Vegan Candle,OTHERLAND,3.8182,11,36,Fragrance,Candles & Home Scents
Extra Hour Shiso and Mint Vegan Candle,OTHERLAND,3.6,5,36,Fragrance,Candles & Home Scents
Old Fashioned Vegan Candle,OTHERLAND,3.1667,6,36,Fragrance,Candles & Home Scents
Dappled Wood Vegan Candle,OTHERLAND,4.2,5,36,Fragrance,Candles & Home Scents
Mountain Lace Vegan Candle,OTHERLAND,3.5,2,36,Fragrance,Candles & Home Scents
Coco Blossom Vegan Candle,OTHERLAND,5,1,36,Fragrance,Candles & Home Scents
Discovery Set,OTHERLAND,,,36,Fragrance,Value & Gift Sets
Sun Suede Vegan Candle,OTHERLAND,4,2,36,Fragrance,Candles & Home Scents
Ruby Root Ginger Vegan Candle,OTHERLAND,3.5556,9,36,Fragrance,Candles & Home Scents
Tapestry Vegan Candle,OTHERLAND,3.5,4,36,Fragrance,Candles & Home Scents
Crisp Cornflower Vegan Candle,OTHERLAND,3.25,4,36,Fragrance,Candles & Home Scents
Detox Shampoo,OUAI,4.5259,1352,32,Hair,Shampoo & Conditioner
Detangling and Frizz Fighting Leave In Conditioner,OUAI,3.9394,1584,30,Hair,Hair Styling & Treatments
Hair Oil,OUAI,4.3853,1682,30,Hair,Hair Styling & Treatments
Cleansing Scalp & Body Sugar Scrub,OUAI,4.4454,577,40,Hair,Shampoo & Conditioner
Wave Spray,OUAI,3.5819,1966,28,Hair,Hair Styling & Treatments
Treatment Mask for Fine and Medium Hair,OUAI,4.5262,726,38,Hair,Hair Styling & Treatments
Rose Hair & Body Oil,OUAI,3.9283,642,32,Hair,Hair Styling & Treatments
"Hydrating Scalp Serum for Healthy, Fuller Looking Hair",OUAI,4.1516,541,52,Hair,Hair Styling & Treatments
St. Barts Cleansing Scalp & Body Sugar Scrub,OUAI,4.7489,876,40,Hair,Shampoo & Conditioner
Heat Protection Spray,OUAI,3.7937,252,28,Hair,Hair Styling & Treatments
Fine Hair Shampoo,OUAI,3.6611,537,32,Hair,Shampoo & Conditioner
Mini Wave Spray,OUAI,3.5819,1966,14,Mini Size,Hair
Mini Detangling and Frizz Fighting Leave in Conditioner,OUAI,3.6564,195,16,Hair,Hair Styling & Treatments
Mini Detox Shampoo,OUAI,4.4808,104,14,Hair,Shampoo & Conditioner
Texturizing Hair Spray,OUAI,3.9788,378,28,Hair,Hair Styling & Treatments
Fine Hair Conditioner,OUAI,3.8371,307,32,Hair,Shampoo & Conditioner
Mini Hair Oil,OUAI,3.9857,70,16,Hair,Hair Styling & Treatments
Melrose Place Eau De Parfum,OUAI,4.127,189,64,Fragrance,Women
Matte Pomade,OUAI,3.8643,140,26,Hair,Hair Styling & Treatments
Chill Pills,OUAI,3.883,94,30,Bath & Body,Bath & Shower
Volume Spray,OUAI,4.1534,789,26,Hair,Hair Styling & Treatments
Air Dry Foam,OUAI,3.8423,279,28,Hair,Hair Styling & Treatments
Super Dry Shampoo,OUAI,4.245,800,26,Hair,Hair Styling & Treatments
Treatment Mask for Thick Hair,OUAI,4.5073,619,38,Hair,Hair Styling & Treatments
Anti-Dandruff Shampoo,OUAI,4.1538,429,36,Hair,Shampoo & Conditioner
Mini Melrose Place Eau De Parfum,OUAI,4.1142,254,26,Fragrance,Women
Finishing Crème,OUAI,4.1077,195,26,Hair,Hair Styling & Treatments
Shibuya Moisturizing Body Cream,OUAI,4,605,38,Bath & Body,Body Moisturizers
Melrose Place Gentle Body Wash,OUAI,4.5152,264,28,Bath & Body,Bath & Shower
Melrose Place Moisturizing Body Cream,OUAI,4.7096,365,38,Bath & Body,Body Moisturizers
Medium Hair Conditioner,OUAI,4.0611,229,32,Hair,Shampoo & Conditioner
Medium Hair Shampoo,OUAI,3.8016,383,32,Hair,Shampoo & Conditioner
Thick Hair Conditioner,OUAI,4.1121,223,32,Hair,Shampoo & Conditioner
North Bondi Eau De Parfum,OUAI,4.1644,146,64,Fragrance,Women
Dean Street Gentle Body Wash,OUAI,4.2787,348,28,Bath & Body,Bath & Shower
Thick Hair Shampoo,OUAI,3.7875,287,32,Hair,Shampoo & Conditioner
Mini Texturizing Hair Spray,OUAI,3.2632,95,14,Mini Size,Hair
Mini North Bondi Eau De Parfum,OUAI,4.0628,191,26,Fragrance,Women
Thick and Full Hair Supplements,OUAI,3.9665,388,42,Hair,Hair Styling & Treatments
Hand Wash,OUAI,4.2813,32,32,Bath & Body,Body Care
Dean Street Eau De Parfum,OUAI,4.4589,377,64,Fragrance,Women
Pet Shampoo,OUAI,4.6133,75,32,Hair,Shampoo & Conditioner
Curl Cream with North Bondi Fragrance,OUAI,4.2667,75,32,Hair,Hair Styling & Treatments
Mini Super Dry Shampoo,OUAI,3.3778,45,14,Hair,Hair Styling & Treatments
Hand Lotion,OUAI,3.4444,27,32,Bath & Body,Body Moisturizers
Rue St. Honoré Eau De Parfum,OUAI,4.0767,391,64,Fragrance,Women
"Hydrating Scalp Serum & Supplements Set for Healthy, Fuller Looking Hair",OUAI,4.6667,3,75,Hair,Hair Styling & Treatments
Scalp Scrub St. Barts & Hair Oil Set,OUAI,3.5,2,52,Hair,Value & Gift Sets
Mini St. Barts Cleansing Scalp & Body Sugar Scrub,OUAI,3.8889,9,18,Mini Size,Hair
Hand Cream,OUAI,3.3793,29,24,Bath & Body,Body Moisturizers
Curl Cream Fragrance Free,OUAI,4.2778,54,32,Hair,Hair Styling & Treatments
St. Barts Moisturizing Body Cream,OUAI,4.8769,65,38,Bath & Body,Body Moisturizers
St. Barts Gentle Body Wash,OUAI,4.78,50,28,Bath & Body,Bath & Shower
Detox Shampoo & Refill Hair Set,OUAI,,,72,Hair,Value & Gift Sets
Detox Shampoo,OUAI,4.5259,1352,64,Hair,Shampoo & Conditioner
Valkiria Pink Candle,Overose,3.3636,11,58,Fragrance,Candles & Home Scents
Auraflowne Purple Candle,Overose,2.3333,3,58,Fragrance,Candles & Home Scents
1 Million Eau de Toilette,Paco Rabanne,4.6917,545,106,Fragrance,Men
Invictus Eau de Toilette,Paco Rabanne,4.7729,207,106,Fragrance,Men
Phantom Eau de Toilette,Paco Rabanne,4.4944,178,133,Fragrance,Men
1 Million Parfum,Paco Rabanne,4.5287,174,120,Fragrance,Men
FAME Eau de Parfum,Paco Rabanne,4.4512,82,132,Fragrance,Women
1 Million Lucky Eau de Toilette,Paco Rabanne,4.5515,194,106,Fragrance,Men
Invictus Victory,Paco Rabanne,4.9231,13,120,Fragrance,Men
Mini Fame Perfume Set,Paco Rabanne,4.3333,6,35,Fragrance,Value & Gift Sets
Invictus Legend,Paco Rabanne,4.9474,19,106,Fragrance,Men
1 Million Elixir,Paco Rabanne,4,11,126,Fragrance,Men
Invictus Platinum Eau de Parfum,Paco Rabanne,4.4545,11,120,Fragrance,Men
Fame Eau de Parfum,Paco Rabanne,4.1111,9,132,Fragrance,Women
Deluxe Mini Gift Set,Paco Rabanne,3,1,35,Fragrance,Value & Gift Sets
1 Million Eau de Toilette Cologne Set,Paco Rabanne,,,86,Fragrance,Value & Gift Sets
1 Million Eau de Toilette Travel Spray,Paco Rabanne,,,35,Fragrance,Men
MatteTrance Lipstick,PAT McGRATH LABS,4.0646,836,39,Makeup,Lip
LUST: Lip Gloss,PAT McGRATH LABS,4.5563,631,29,Makeup,Lip
Sublime Perfection Foundation,PAT McGRATH LABS,4.1832,1938,68,Makeup,Face
Mothership V Eyeshadow Palette - Bronze Seduction,PAT McGRATH LABS,4.3811,530,128,Makeup,Eye
Skin Fetish: Divine Powder Blush,PAT McGRATH LABS,4.7783,672,39,Makeup,Cheek
Sublime Perfection Concealer,PAT McGRATH LABS,4.4077,986,34,Makeup,Face
Permagel Ultra Lip Pencil,PAT McGRATH LABS,4.4746,177,29,Makeup,Lip
Lip Fetish Noir Lip Balm,PAT McGRATH LABS,3.4611,373,38,Makeup,Lip
BlitzTrance Lipstick,PAT McGRATH LABS,3.75,216,40,Makeup,Lip
Sublime Perfection Blurring Under-Eye Setting Powder,PAT McGRATH LABS,4.0519,597,32,Makeup,Face
Mothership II Eyeshadow Palette – Sublime,PAT McGRATH LABS,4.3418,158,128,Makeup,Eye
Major Mini Lip Trios,PAT McGRATH LABS,4.46,50,25,Makeup,Lip
Mothership VII Eyeshadow Palette - Divine Rose Collection,PAT McGRATH LABS,4.4851,134,128,Makeup,Eye
FetishEyes Lengthening Mascara,PAT McGRATH LABS,3.8628,1006,32,Makeup,Eye
Mothership I Eyeshadow Palette - Subliminal,PAT McGRATH LABS,4.5325,169,128,Makeup,Eye
PermaGel Eyeliner Pencil,PAT McGRATH LABS,4.1978,460,29,Makeup,Eye
Mothership IX Eyeshadow Palette: Huetopian Dream,PAT McGRATH LABS,4.4222,90,128,Makeup,Eye
Sublime Skin Highlighting Trio,PAT McGRATH LABS,4.5249,181,53,Makeup,Face
Lip Fetish Divinyl Lip Shine,PAT McGRATH LABS,3.8657,67,38,Makeup,Lip
Skin Fetish Highlighter & Balm Duo,PAT McGRATH LABS,3.7234,94,50,Makeup,Face
Mothership VIII Artistry Eyeshadow Palette - Divine Rose II Collection,PAT McGRATH LABS,4.5825,103,128,Makeup,Eye
Mini Eye Shadow Palette: Midnight Voyage,PAT McGRATH LABS,4,89,29,Makeup,Eye
Lip Fetish Sheer Colour Balm,PAT McGRATH LABS,3.4773,44,38,Makeup,Lip
Mini Lip Shine Trio: Nude Venus,PAT McGRATH LABS,4.4444,18,25,Mini Size,Makeup
Mothership VI Eyeshadow Palette - Midnight Sun,PAT McGRATH LABS,4.6246,586,128,Makeup,Eye
LiquiLUST: Legendary Wear Matte Lipstick,PAT McGRATH LABS,4.6343,525,32,Makeup,Lip
PERMA PRECISION Liquid Eyeliner,PAT McGRATH LABS,3.7236,398,34,Makeup,Eye
Mothership X Eyeshadow Palette:  Moonlit Seduction,PAT McGRATH LABS,4.7849,279,128,Makeup,Eye
Dark Star Volumizing Mascara,PAT McGRATH LABS,4.157,790,32,Makeup,Eye
Sublime Perfection Setting Powder,PAT McGRATH LABS,3.7536,69,39,Makeup,Face
Divine Blush + Glow Face Palette: Nude Venus,PAT McGRATH LABS,4.2857,21,62,Makeup,Makeup Palettes
Divine Rose Luxe Eyeshadow Palette: Eternal Eden - Divine Rose II Collection,PAT McGRATH LABS,4.7727,22,58,Makeup,Eye
Celestial Divinity Eyeshadow Palette,PAT McGRATH LABS,4.3617,47,58,Makeup,Eye
Skin Fetish: Sublime Perfection Concealer Brush,PAT McGRATH LABS,4.0491,346,35,Makeup,Brushes & Applicators
MatteTrance Lipstick - Divine Rose Collection,PAT McGRATH LABS,3.9444,18,39,Makeup,Lip
Venus in Fleurs Luxe Eyeshadow Palette: Voyeuristic Vixen,PAT McGRATH LABS,4.7544,456,58,Makeup,Eye
IntensifEYES Artistry Wand,PAT McGRATH LABS,3.4286,49,34,Makeup,Eye
Sublime Perfection Hydrating Primer,PAT McGRATH LABS,3.3895,95,45,Makeup,Face
PermaGel Ultra Lip Pencil - Divine Rose II Collection,PAT McGRATH LABS,3.375,8,29,Makeup,Lip
Skin Fetish: Divine Blush Brush,PAT McGRATH LABS,4.5,4,39,Makeup,Brushes & Applicators
Skin Fetish: Divine Glow Highlighter,PAT McGRATH LABS,4.4167,12,48,Makeup,Face
ChromaLuxe Artistry Pigment Star Wars Edition,PAT McGRATH LABS,4,5,32,Makeup,Eye
The Golden One Eye Shadow Palette Star Wars Edition,PAT McGRATH LABS,4.875,8,36,Makeup,Eye
Mothership VI: Midnight Sun Star Wars Edition,PAT McGRATH LABS,5,3,128,Makeup,Eye
Lunar New Year Collection: Venus in Fleurs Luxe Eyeshadow Quad: Voyeuristic Vixen,PAT McGRATH LABS,3.2,5,58,Makeup,Eye
The Love Collection MTHRSHP: Iconic Infatuation,PAT McGRATH LABS,3.8333,6,65,Makeup,Eye
LUST: Gloss Star Wars Edition,PAT McGRATH LABS,4.6667,3,29,Makeup,Lip
The Love Collection MTHRSHP: Velvet Liaison,PAT McGRATH LABS,4.6667,3,65,Makeup,Eye
Lunar New Year Collection: Skin Fetish: Sublime Perfection Blurring Under-Eye Powder,PAT McGRATH LABS,,,32,Makeup,Face
Lunar New Year Collection:  MatteTrance Lipstick,PAT McGRATH LABS,5,2,39,Makeup,Lip
Major Beauty Headlines - Double-Take Crème & Powder Blush,PATRICK TA,4.8471,1452,36,Makeup,Cheek
Major Sculpt Creme Contour & Powder Bronzer Duo,PATRICK TA,4.6678,903,40,Makeup,Face
Major Dimension Eyeshadow Palette,PATRICK TA,4.5648,563,70,Makeup,Eye
Major Skin Crème Foundation and Finishing Powder Duo,PATRICK TA,4.6322,908,52,Makeup,Face
Major Glow Lip Shine,PATRICK TA,4.6809,470,26,Makeup,Lip
Major Glow Body Oil,PATRICK TA,3.7028,646,58,Bath & Body,Body Moisturizers
Monochrome Moment - Precision Lip Crayon,PATRICK TA,4.5775,329,26,Makeup,Lip
Major Volume Plumping Lip Gloss,PATRICK TA,4.6579,757,26,Makeup,Lip
Major Dimension II Rose Eyeshadow Palette,PATRICK TA,4.7937,703,70,Makeup,Eye
Major Brow Shaping Wax,PATRICK TA,4.2711,1579,24,Makeup,Eye
Monochrome Moment - Silky Lip Crème,PATRICK TA,4.339,410,26,Makeup,Lip
Major Brow Lamination Gel,PATRICK TA,4.2965,1184,27,Makeup,Eye
Mini Major Glow Body Oil,PATRICK TA,3.6471,204,24,Bath & Body,Body Moisturizers
Major Sculpt Contour Brush,PATRICK TA,4.816,326,35,Makeup,Brushes & Applicators
Major Dimension Precision Gel Eyeliner,PATRICK TA,4.2616,688,27,Makeup,Eye
Major Beauty Headlines - Matte Suede Lipstick,PATRICK TA,4.6011,356,32,Makeup,Lip
Major Glow Balm,PATRICK TA,4.3445,209,50,Bath & Body,Body Moisturizers
Major Beauty Headlines - Precision Lip Crayon,PATRICK TA,4.7973,291,26,Makeup,Lip
Major Glow Dewy Milk Mist,PATRICK TA,4.3716,183,38,Makeup,Face
Major Glow Softening Lip Masque,PATRICK TA,4.5738,305,24,Makeup,Lip
Major Brow Dual Ended Brow Brush,PATRICK TA,4.087,23,18,Makeup,Brushes & Applicators
Monochrome Moment - Blush Brush #1,PATRICK TA,4.7959,49,35,Makeup,Brushes & Applicators
Dual-Ended Complexion Brush,PATRICK TA,4.8333,228,45,Makeup,Brushes & Applicators
Precision Dual Ended Sculpting Brush,PATRICK TA,4.8913,46,45,Makeup,Brushes & Applicators
Body Brush,PATRICK TA,3.2,20,35,Makeup,Brushes & Applicators
Major Brow Defining Pencil,PATRICK TA,4.8657,685,27,Makeup,Eye
Mini Major Brow Lamination Gel,PATRICK TA,3.16,25,15,Makeup,Eye
Lip Brush,PATRICK TA,4.6667,12,18,Makeup,Brushes & Applicators
Eyeshadow Brush,PATRICK TA,4.8571,14,22,Makeup,Brushes & Applicators
Major Volume Mascara,PATRICK TA,4.3301,415,29,Makeup,Eye
Precision Dual Ended Nose Brush,PATRICK TA,,,26,Makeup,Brushes & Applicators
Mist Spray Bottle,PATTERN by Tracee Ellis Ross,4.1778,45,13,Hair,Tools
Mini Shower Detangling Brush,PATTERN by Tracee Ellis Ross,4.9118,34,9,Hair,Tools
Leave- In Conditioner for Curly & Coily Hair,PATTERN by Tracee Ellis Ross,4.6213,169,25,Hair,Hair Styling & Treatments
Shower Detangling Brush,PATTERN by Tracee Ellis Ross,4.2449,49,17,Hair,Tools
Styling Cream for Curly &Coily Hair,PATTERN by Tracee Ellis Ross,4.5696,79,25,Hair,Hair Styling & Treatments
Hair Clip,PATTERN by Tracee Ellis Ross,4.1515,66,10,Hair,Tools
Hydration Shampoo,PATTERN by Tracee Ellis Ross,4.4688,64,20,Hair,Shampoo & Conditioner
Edge Tool,PATTERN by Tracee Ellis Ross,4.375,16,12,Tools & Brushes,Hair Tools
Treatment Mask,PATTERN by Tracee Ellis Ross,4.2927,41,25,Hair,Hair Styling & Treatments
Mini Wide Tooth Comb,PATTERN by Tracee Ellis Ross,4.4375,16,8,Hair,Tools
Curl Gel,PATTERN by Tracee Ellis Ross,4.1228,57,25,Hair,Hair Styling & Treatments
Jojoba Hair & Scalp Oil Blend,PATTERN by Tracee Ellis Ross,4.7692,26,25,Hair,Hair Styling & Treatments
Mini Hydrating Hair Mist,PATTERN by Tracee Ellis Ross,3.5789,19,7,Hair,Hair Styling & Treatments
Microfiber Hair Towel,PATTERN by Tracee Ellis Ross,3.9167,12,19,Hair,Tools
Curl Mousse,PATTERN by Tracee Ellis Ross,4.7632,38,20,Hair,Hair Styling & Treatments
Mini Leave-In Conditioner,PATTERN by Tracee Ellis Ross,3.9091,33,9,Hair,Shampoo & Conditioner
Leave-In Conditioner & Mini Hydration Shampoo Hair Set,PATTERN by Tracee Ellis Ross,4.6,30,25,Hair,Value & Gift Sets
Scalp Serum for Dry Hair & Scalp,PATTERN by Tracee Ellis Ross,3.3913,23,25,Hair,Hair Styling & Treatments
Hydrating Hair Mist,PATTERN by Tracee Ellis Ross,3.95,60,18,Hair,Hair Styling & Treatments
Cleansing Shampoo,PATTERN by Tracee Ellis Ross,4.5102,49,20,Hair,Shampoo & Conditioner
Mini Styling Cream for Curly &Coily Hair,PATTERN by Tracee Ellis Ross,3.4286,14,9,Hair,Hair Styling & Treatments
Curl Cocktail Hair Set,PATTERN by Tracee Ellis Ross,4.5333,30,27,Hair,Value & Gift Sets
Detangling Nectar,PATTERN by Tracee Ellis Ross,4.25,40,25,Hair,Hair Styling & Treatments
Wide Tooth Comb,PATTERN by Tracee Ellis Ross,4.4211,19,15,Hair,Tools
Mini Curl Gel,PATTERN by Tracee Ellis Ross,2.9394,33,9,Hair,Hair Styling & Treatments
Hair Tools Kit,PATTERN by Tracee Ellis Ross,4.3333,9,35,Hair,Value & Gift Sets
Medium Conditioner,PATTERN by Tracee Ellis Ross,4.7273,33,25,Hair,Shampoo & Conditioner
Mini Strong Hold Hair Gel,PATTERN by Tracee Ellis Ross,3.8,15,9,Hair,Hair Styling & Treatments
Argan Hair & Scalp Oil Blend,PATTERN by Tracee Ellis Ross,4.3333,9,25,Hair,Hair Styling & Treatments
Hair Pick,PATTERN by Tracee Ellis Ross,4.2,10,9,Hair,Tools
Edge Control,PATTERN by Tracee Ellis Ross,4.2143,70,12,Hair,Hair Styling & Treatments
Styling Custard Hair Gel,PATTERN by Tracee Ellis Ross,4.3529,34,25,Hair,Hair Styling & Treatments
Heavy Conditioner,PATTERN by Tracee Ellis Ross,4.4068,59,25,Hair,Shampoo & Conditioner
Strong Hold Hair Gel,PATTERN by Tracee Ellis Ross,3.5682,44,25,Hair,Hair Styling & Treatments
Lightweight Conditioner,PATTERN by Tracee Ellis Ross,4.4146,41,25,Hair,Shampoo & Conditioner
Intensive Conditioner,PATTERN by Tracee Ellis Ross,3.8276,29,25,Hair,Shampoo & Conditioner
Transition Mask,PATTERN by Tracee Ellis Ross,4.7097,31,25,Hair,Hair Styling & Treatments
Jojoba Oil Hair Serum Self-Heating Packs,PATTERN by Tracee Ellis Ross,3.5556,9,15,Hair,Hair Styling & Treatments
Double-Sided Bristle Brush,PATTERN by Tracee Ellis Ross,5,9,20,Hair,Tools
Mini Hydration Shampoo,PATTERN by Tracee Ellis Ross,3.7778,9,9,Hair,Shampoo & Conditioner
Mini Conditioners Kit,PATTERN by Tracee Ellis Ross,5,4,24,Hair,Shampoo & Conditioner
Mini Medium Conditioner,PATTERN by Tracee Ellis Ross,3.3333,3,9,Hair,Shampoo & Conditioner
Mini Intensive Conditioner,PATTERN by Tracee Ellis Ross,4.6667,9,9,Hair,Shampoo & Conditioner
Mini Heavy Conditioner,PATTERN by Tracee Ellis Ross,4.75,8,9,Hair,Shampoo & Conditioner
Heat Protectant,PATTERN by Tracee Ellis Ross,4.6667,9,20,Hair,Hair Styling & Treatments
Shine Spray,PATTERN by Tracee Ellis Ross,4.2857,7,20,Hair,Hair Styling & Treatments
Paddle Brush,PATTERN by Tracee Ellis Ross,4.875,8,20,Hair,Tools
Mini Lightweight Conditioner,PATTERN by Tracee Ellis Ross,,,9,Hair,Shampoo & Conditioner
Skin Perfecting 2% BHA Liquid Exfoliant,Paula's Choice,4.4399,1182,34,Skincare,Cleansers
C15 Vitamin C Super Booster,Paula's Choice,4.2097,434,55,Skincare,Treatments
Mini Skin Perfecting 2% BHA Liquid Exfoliant,Paula's Choice,4.2217,406,13,Skincare,Mini Size
RESIST Youth-Extending Daily Hydrating Fluid SPF 50,Paula's Choice,4.2691,405,37,Skincare,Sunscreen
C5 Super Boost Vitamin C Eye Cream,Paula's Choice,4.5,340,39,Skincare,Eye Care
C5 Super Boost Vitamin C Moisturizer,Paula's Choice,4.6986,292,45,Skincare,Moisturizers
Mini RESIST Youth-Extending Daily Hydrating Fluid SPF 50,Paula's Choice,4.3966,58,12,Mini Size,Skincare
Pro Collagen Multi-Peptide Booster,Paula's Choice,4.7386,264,58,Skincare,Treatments
CLINICAL 1% Retinol Treatment,Paula's Choice,4.5551,263,62,Skincare,Treatments
RESIST Advanced Replenishing Toner with Hyaluronic Acid,Paula's Choice,4.73,237,26,Skincare,Cleansers
Weightless Body Treatment 2% BHA,Paula's Choice,4.6667,96,29,Bath & Body,Body Moisturizers
CLINICAL Niacinamide 20% Treatment,Paula's Choice,4.5318,220,52,Skincare,Treatments
10% Azelaic Acid Booster,Paula's Choice,4.7535,215,39,Skincare,Treatments
RESIST Perfectly Balanced Foaming Cleanser,Paula's Choice,4.73,200,22,Skincare,Cleansers
10% Niacinamide Booster,Paula's Choice,4.7526,194,49,Skincare,Treatments
Clinical 0.3% Retinol + 2% Bakuchiol Treatment,Paula's Choice,4.8235,170,62,Skincare,Treatments
Omega + Complex Cleansing Balm,Paula's Choice,4.6667,165,29,Skincare,Cleansers
Skin Perfecting BHA 9 Treatment,Paula's Choice,4.7055,146,46,Skincare,Treatments
CLINICAL Discoloration Repair Serum,Paula's Choice,4.6522,138,52,Skincare,Treatments
Skin Perfecting 25% AHA + 2% BHA Exfoliant Peel,Paula's Choice,4.5036,137,42,Skincare,Treatments
RESIST Super-Light Daily Wrinkle Defense SPF 30,Paula's Choice,4.2556,133,37,Skincare,Sunscreen
CLEAR Oil-Free Moisturizer,Paula's Choice,4.5281,89,29,Skincare,Moisturizers
CLEAR Pore Normalizing Acne Cleanser,Paula's Choice,4.137,73,15,Skincare,Cleansers
CLEAR Daily Skin Clearing Treatment with 2.5% Benzoyl Peroxide,Paula's Choice,4.8333,66,22,Skincare,Treatments
Omega+ Complex Moisturizer,Paula's Choice,4.3281,64,37,Skincare,Moisturizers
The UnScrub Gentle Cleansing Scrub,Paula's Choice,4.5484,62,35,Skincare,Cleansers
CLEAR Ultra-Light Daily Hydrating Fluid SPF 30+,Paula's Choice,4.4915,59,37,Skincare,Sunscreen
Omega+ Complex Serum,Paula's Choice,4.0545,55,42,Skincare,Treatments
CLEAR Anti-Redness Exfoliating Solution with 2% Salicylic Acid,Paula's Choice,4.7091,55,34,Skincare,Cleansers
Hyaluronic Acid + Peptide Lip Treatment Booster,Paula's Choice,4.1538,52,32,Skincare,Lip Balms & Treatments
Skin Perfecting 8% AHA Gel Exfoliant,Paula's Choice,4.617,47,34,Skincare,Cleansers
Hyaluronic Acid Booster,Paula's Choice,4.413,46,39,Skincare,Treatments
Water-Infusing Electrolyte Moisturizer,Paula's Choice,3.7273,44,37,Skincare,Moisturizers
CLINICAL Ceramide-Enriched Firming Eye Cream,Paula's Choice,4.1163,43,49,Skincare,Eye Care
RESIST Barrier Repair Moisturizer with Retinol,Paula's Choice,4.3243,37,37,Skincare,Moisturizers
RESIST Weightless Advanced Repairing Toner,Paula's Choice,3.8,25,26,Skincare,Cleansers
RESIST Anti-Aging Clear Skin Hydrator,Paula's Choice,3.4,25,37,Skincare,Moisturizers
Clear Skin Kit Acne Treatment Kit,Paula's Choice,3.4375,16,75,Skincare,Value & Gift Sets
Complexion Clarity Kit,Paula's Choice,4.4444,9,64,Skincare,Value & Gift Sets
Salicylic Acid Acne Healing Dots,Peace Out,4.1779,4560,19,Skincare,Treatments
Oil-Absorbing Pore Treatment Strips,Peace Out,3.975,1562,19,Skincare,Treatments
Retinol Eye Stick,Peace Out,4.2062,1329,28,Skincare,Eye Care
Microneedling Anti-Wrinkle Retinol Patches,Peace Out,3.9965,1128,24,Skincare,Treatments
Salicylic Acid Acne Day Dots,Peace Out,4.4974,384,19,Skincare,Treatments
Microneedling Dark Spot Brightening Dots,Peace Out,4.0386,363,28,Skincare,Treatments
Retinol Face Stick,Peace Out,4.5148,270,34,Skincare,Treatments
Instant Pore Perfector,Peace Out,4.5843,255,28,Skincare,Treatments
Dark Spots Serum,Peace Out,4.2262,252,29,Skincare,Treatments
Blemish Balm Cleanser,Peace Out,4.5597,243,22,Skincare,Cleansers
Daily Blemish Repairing Moisturizer,Peace Out,4.2624,221,28,Skincare,Moisturizers
Puffy Under-Eye Patches,Peace Out,4.2599,177,25,Skincare,Eye Care
Salicylic Acid Acne Treatment Serum,Peace Out,3.6667,120,34,Skincare,Treatments
Acne Salicylic Acid Day & Night Duo,Peace Out,4.7073,82,19,Skincare,Value & Gift Sets
Retinol Anti-Aging Power Duo,Peace Out,4.2222,18,48,Skincare,Value & Gift Sets
Water Drench Hyaluronic Acid Moisturizer,Peter Thomas Roth,4.265,1830,54,Skincare,Moisturizers
FIRMx Exfoliating Peel Gel,Peter Thomas Roth,4.5391,1686,49,Skincare,Treatments
Mini FIRMx Exfoliating Peel Gel,Peter Thomas Roth,4.5391,1686,16,Skincare,Mini Size
Anti-Aging Cleansing Gel,Peter Thomas Roth,4.3699,1603,39,Skincare,Cleansers
Mini Anti-Aging Cleansing Gel,Peter Thomas Roth,4.3699,1603,12,Skincare,Mini Size
Goodbye Acne  Max Complexion Correction Pads,Peter Thomas Roth,4.4199,1529,48,Skincare,Treatments
Therapeutic Sulfur Acne Treatment Mask,Peter Thomas Roth,4.5111,1217,52,Skincare,Masks
Water Drench Hyaluronic Hydrating Moisturizer SPF 45,Peter Thomas Roth,4.2886,842,55,Skincare,Moisturizers
Mini Water Drench  Hyaluronic Hydrating Moisturizer SPF 45,Peter Thomas Roth,4.3149,794,23,Skincare,Mini Size
Potent-C Vitamin C Power Serum,Peter Thomas Roth,4.0276,762,105,Skincare,Treatments
Pumpkin Enzyme Mask Enzymatic Dermal Resurfacer,Peter Thomas Roth,4.6611,720,60,Skincare,Masks
Vital-E Antioxidant Recovery Cream,Peter Thomas Roth,4.4112,676,75,Skincare,Moisturizers
Instant FIRMx Eye Temporary Eye Tightener,Peter Thomas Roth,3.3254,627,38,Skincare,Eye Care
Goodbye Acne AHA/BHA Acne Clearing Gel Face Body Spot Treatment,Peter Thomas Roth,4.2768,625,48,Skincare,Treatments
Mini Goodbye Acne  AHA/BHA Acne Clearing Gel Face Body Spot Treatment,Peter Thomas Roth,4.2768,625,20,Skincare,Mini Size
Vital-E Antioxidant Recovery Eye Cream,Peter Thomas Roth,4.3255,599,55,Skincare,Eye Care
Mini Water Drench Hyaluronic Acid Moisturizer,Peter Thomas Roth,4.265,1830,23,Mini Size,Skincare
Retinol Fusion PM Night Serum,Peter Thomas Roth,4.3262,564,65,Skincare,Treatments
Peptide 21 Wrinkle Resist Serum,Peter Thomas Roth,4.4472,559,125,Skincare,Treatments
Acne-Clear Invisible Dots,Peter Thomas Roth,3.4314,554,32,Skincare,Treatments
Peptide 21 Amino Acid Exfoliating Peel Pads,Peter Thomas Roth,4.6453,547,55,Skincare,Treatments
Irish Moor Mud Purifying Black Mask,Peter Thomas Roth,4.3724,537,60,Skincare,Masks
Cucumber Gel Mask Extreme Detoxifying Hydrator,Peter Thomas Roth,4.1989,533,55,Skincare,Masks
Peptide 21 Wrinkle Resist Moisturizer,Peter Thomas Roth,4.5531,508,95,Skincare,Moisturizers
Water Drench Hyaluronic Glow Serum,Peter Thomas Roth,4.444,482,72,Skincare,Treatments
Instant FIRMx Temporary Face Tightener,Peter Thomas Roth,3.5567,476,49,Skincare,Treatments
Even Smoother Glycolic Retinol Resurfacing Serum,Peter Thomas Roth,4.5803,467,65,Skincare,Treatments
PRO Strength Microdermabrasion Blackhead Eliminator,Peter Thomas Roth,4.4936,466,68,Skincare,Cleansers
Goodbye Acne   Complete Acne Treatment Gel,Peter Thomas Roth,4.2702,459,44,Skincare,Treatments
PRO Strength Lactic Pore Treatment,Peter Thomas Roth,4.5779,443,88,Skincare,Treatments
Even Smoother Glycolic Retinol Resurfacing Peel Pads,Peter Thomas Roth,4.6009,441,52,Skincare,Treatments
PRO Strength 10% PHA Exfoliating Clarifying Liquid,Peter Thomas Roth,4.3836,438,58,Skincare,Treatments
Cucumber De-Tox Hydra-Gel Eye Patches,Peter Thomas Roth,3.9668,391,55,Skincare,Eye Care
PRO Strength Niacinamide Discoloration Treatment,Peter Thomas Roth,4.1608,367,88,Skincare,Treatments
Potent-C Vitamin C Power Eye Cream,Peter Thomas Roth,4.0116,345,68,Skincare,Eye Care
24K Gold Pure Luxury Lift & Firm Hydra-Gel Eye Patches,Peter Thomas Roth,3.7594,320,75,Skincare,Eye Care
Potent-C Vitamin C Targeted Spot Brightener,Peter Thomas Roth,4.3428,318,62,Skincare,Treatments
Water Drench Hyaluronic Cloud Hydra-Gel Eye Patches,Peter Thomas Roth,4.069,290,55,Skincare,Eye Care
Max Clear Invisible Priming Sunscreen Broad Spectrum SPF 45,Peter Thomas Roth,4.4746,276,38,Skincare,Sunscreen
Water Drench Hyaluronic Cloud Rich Barrier Moisturizer,Peter Thomas Roth,4.7489,219,58,Skincare,Moisturizers
FIRMx Collagen Face & Eye Hydra-Gel Patches,Peter Thomas Roth,4.6912,217,65,Skincare,Eye Care
Instant FIRMx No-Filter Primer,Peter Thomas Roth,4.3913,253,42,Makeup,Face
24K Gold Mask Pure Luxury Lift & Firm,Peter Thomas Roth,3.5,196,85,Skincare,Masks
PRO Strength Vitamin A/C/E Retinoid Treatment,Peter Thomas Roth,4.7416,178,65,Skincare,Treatments
Max Mineral Tinted Sunscreen Broad Spectrum SPF 45,Peter Thomas Roth,4.2035,172,38,Skincare,Sunscreen
PRO Strength Stretch Mark Cream,Peter Thomas Roth,4.6216,222,58,Bath & Body,Body Care
Max Vitamin D-Fense Sunscreen Serum Broad Spectrum SPF 50,Peter Thomas Roth,4.8514,148,42,Skincare,Sunscreen
Acne Clearing Wash,Peter Thomas Roth,4.2263,137,39,Skincare,Cleansers
Potent-C Vitamin C Bright & Plump Moisturizer,Peter Thomas Roth,3.6239,109,72,Skincare,Moisturizers
Full-Size Water Drench Hydra-Pair 2-Piece Kit,Peter Thomas Roth,4.6,40,58,Skincare,Value & Gift Sets
Water Drench Hyaluronic Cloud Hydrating Eye Gel,Peter Thomas Roth,3.4595,37,43,Skincare,Eye Care
Lashes to Die For Turbo Conditioning Lash Enhancer,Peter Thomas Roth,3.7254,284,85,Makeup,Eye
Max Matte Shine Control Sunscreen Broad Spectrum SPF 45,Peter Thomas Roth,2.4865,37,38,Skincare,Sunscreen
FIRMx Collagen Moisturizer,Peter Thomas Roth,3.3871,31,88,Skincare,Moisturizers
Potent-C Power Brightening Hydra-Gels,Peter Thomas Roth,2.6429,28,65,Skincare,Eye Care
Water Drench Hyaluronic Cloud Hydrating Body Cream,Peter Thomas Roth,4.8333,6,40,Bath & Body,Body Moisturizers
Water Drench Hyaluronic Cloud Makeup Removing Gel Cleanser,Peter Thomas Roth,4,14,32,Skincare,Cleansers
Water Drench Hyaluronic Cloud Mask Hydrating Gel,Peter Thomas Roth,4.25,12,55,Skincare,Masks
Masking Minis 5-Piece Mask Kit,Peter Thomas Roth,4,7,19,Skincare,Value & Gift Sets
Multi-Masker 4-Piece Mask Kit,Peter Thomas Roth,4,5,58,Skincare,Value & Gift Sets
Acne-Clear Essentials 4-Piece Acne Kit,Peter Thomas Roth,2.75,4,35,Skincare,Value & Gift Sets
Patch & Protect Summer Essentials 2-Piece Kit,Peter Thomas Roth,,,55,Skincare,Value & Gift Sets
Full-Size FIRMx Face & Eye Firmers 2-Piece Kit,Peter Thomas Roth,,,65,Skincare,Value & Gift Sets
"Snow Angel Shampoo, Shower Gel & Bubble Bath",philosophy,,,24,Bath & Body,Value & Gift Sets
Missing Person Eau de Parfum,PHLUR,3.4273,433,96,Fragrance,Women
Missing Person Eau de Parfum Travel Spray,PHLUR,3.4273,433,26,Fragrance,Women
Discovery Sampler Set,PHLUR,3.65,20,35,Fragrance,Value & Gift Sets
Missing Person Perfume Set,PHLUR,4.3636,22,98,Fragrance,Value & Gift Sets
Perfume Sampler Set,PHLUR,2.56,25,25,Fragrance,Value & Gift Sets
Somebody Wood Eau de Parfum Travel Spray,PHLUR,3.9153,59,26,Fragrance,Women
Tangerine Boy Eau de Parfum,PHLUR,4.0513,39,96,Fragrance,Women
Not Your Baby Eau de Parfum,PHLUR,3.5304,115,96,Fragrance,Women
Apricot Privée Eau de Parfum,PHLUR,3.3409,88,96,Fragrance,Women
Somebody Wood Eau de Parfum,PHLUR,3.95,20,96,Fragrance,Women
Apricot Privée Eau de Parfum Travel Spray,PHLUR,3.3409,88,26,Fragrance,Women
Not Your Baby Eau de Parfum Travel Spray,PHLUR,3.5304,115,26,Fragrance,Women
Ameline Eau de Parfum,PHLUR,3.9077,65,96,Fragrance,Women
Lost Cause Eau de Parfum,PHLUR,3.963,27,96,Fragrance,Women
Phloria Eau de Parfum,PHLUR,3.8857,35,96,Fragrance,Women
Ameline Eau de Parfum Travel Spray,PHLUR,3.9077,65,26,Fragrance,Women
Lost Cause Eau de Parfum Travel Spray,PHLUR,3.963,27,26,Fragrance,Women
Phloria Eau de Parfum Travel Spray,PHLUR,3.8857,35,26,Fragrance,Women
Sweet Smoke Candle,PHLUR,5,1,45,Fragrance,Candles & Home Scents
Solar Power Eau de Parfum Travel Spray,PHLUR,,,26,Fragrance,Women
Missing Person Body Lotion,PHLUR,,,36,Bath & Body,Body Moisturizers
Solar Power Eau de Parfum,PHLUR,,,96,Fragrance,Women
Clean Smart Facial Cleansing Device,PMD,3.9825,171,99,Skincare,High Tech Tools
Clean Pro Rose Quartz,PMD,4.4559,136,179,Skincare,High Tech Tools
Personal Microderm Pro,PMD,4.4355,124,199,Skincare,High Tech Tools
PMD Personal Microderm with Hand & Foot Kit,PMD,4.6494,77,159,Skincare,High Tech Tools
Clean Pro,PMD,4.2857,77,149,Skincare,High Tech Tools
Personal Microderm Elite Pro,PMD,4.6667,60,299,Skincare,High Tech Tools
Personal Microderm,PMD,4.322,59,159,Skincare,High Tech Tools
Clean Pro Obsidian,PMD,4.7069,58,179,Skincare,High Tech Tools
Clean Pro Jade,PMD,4.8205,39,179,Skincare,High Tech Tools
CANDY Eau de Parfum,Prada,4.2084,1545,135,Fragrance,Women
Paradoxe Eau de Parfum,Prada,4.6005,1184,32,Fragrance,Women
Candy Eau de Parfum Travel Spray,Prada,4.205,1517,30,Fragrance,Women
Paradoxe Eau de Parfum Travel Spray,Prada,4.303,33,32,Fragrance,Women
Mini Paradoxe Perfume Giftset,Prada,4.1818,11,32,Fragrance,Value & Gift Sets
Prada Amber,Prada,4.5586,222,145,Fragrance,Women
Candy Eau de Parfum Giftset,Prada,5,4,30,Fragrance,Value & Gift Sets
Luna Rossa Ocean Eau de Toilette,Prada,4.6972,1070,115,Fragrance,Men
Luna Rossa Carbon,Prada,4.4028,422,115,Fragrance,Men
Luna Rossa Black Eau de Parfum,Prada,4.2888,419,107,Fragrance,Men
Luna Rossa,Prada,4.3909,504,95,Fragrance,Men
Luna Rossa Sport Eau de Toilette,Prada,4.8073,109,115,Fragrance,Men
Luna Rossa Ocean Eau de Toilette Travel Spray,Prada,4.1429,7,25,Fragrance,Women
Prada Amber Pour Homme,Prada,4.39,100,115,Fragrance,Men
Luna Rossa Carbon Eau de Toilette Set,Prada,,,114,Fragrance,Value & Gift Sets
Night Magic Restorative Face Oil with Firming Botanicals,Prima,4.3488,410,68,Skincare,Moisturizers
The Afterglow Deep Moisturizing Cream with Hyaluronic Acid & Vegan Collagen,Prima,4.5302,381,68,Skincare,Moisturizers
Unwind Bath Gem Relaxing Bath Soak with Epsom Salt + Moisturizing Oils,Prima,4.5244,82,15,Bath & Body,Bath & Shower
"Beyond Body Oil Lightweight, Anti-Aging & Nourishing Oil",Prima,4.8036,56,56,Bath & Body,Body Moisturizers
R+R Cream Cooling Recovery Rub for Soothing Comfort with Menthol + Hemp,Prima,4.4054,37,38,Bath & Body,Body Moisturizers
Skin Therapy Rich Ultra-Hydrating Body Butter for Dry Skin,Prima,3.7857,14,32,Bath & Body,Body Moisturizers
Recover Bath Gem Body-Soothing Bath Soak with Arnica + Magnesium,Prima,3.5,2,18,Bath & Body,Bath & Shower
Arousal Bath Gem Sensual Bath Soak with Natural Aphrodisiacs,Prima,4.5,2,16,Bath & Body,Bath & Shower
"Personalized Cleanser, SPF Day Moisturizer, Night Cream Set",PROVEN Skincare,4.3397,209,169.99,Skincare,Value & Gift Sets
Color Fanatic Heat Protectant Leave-In Conditioner,Pureology,4.5761,1937,34,Hair,Hair Styling & Treatments
"Hydrate Shampoo for Dry, Color-Treated Hair",Pureology,4.4734,2028,36,Hair,Shampoo & Conditioner
"Hydrate Conditioner for Dry, Color-Treated Hair",Pureology,4.4808,1460,36,Hair,Shampoo & Conditioner
Strength Cure Strengthening Shampoo for Damaged Color-Treated Hair,Pureology,4.6766,2019,36,Hair,Shampoo & Conditioner
Mini Hydrating + Color Protecting Hair Kit,Pureology,4.3611,36,24,Hair,Value & Gift Sets
Strength Cure Strengthening Conditioner for Damaged Color-Treated Hair,Pureology,4.6966,1773,36,Hair,Shampoo & Conditioner
Strength Cure Miracle Filler Heat Protectant Spray,Pureology,4.5449,1681,31,Hair,Hair Styling & Treatments
Hydrate Nourishing Superfoods Treatment Hair Mask,Pureology,4.5805,1149,41.5,Hair,Hair Styling & Treatments
"Hydrate Sheer Shampoo for Fine, Dry, Color-Treated Hair",Pureology,4.4629,404,36,Hair,Shampoo & Conditioner
Strength Cure Blonde Purple Shampoo,Pureology,4.6076,1496,36,Hair,Shampoo & Conditioner
Mini Hydrate Shampoo,Pureology,4.4734,2028,11,Hair,Shampoo & Conditioner
Strength Cure Superfoods Treatment Hair Mask,Pureology,4.5591,1134,41.5,Hair,Hair Styling & Treatments
Color Fanatic Multi-Tasking Deep-Conditioning Hair Mask,Pureology,4.75,276,41.5,Hair,Hair Styling & Treatments
Mini Hydrate Conditioner,Pureology,4.4808,1460,11,Hair,Shampoo & Conditioner
"Hydrate Sheer Conditioner for Fine, Dry, Color-Treated Hair",Pureology,4.3383,334,36,Hair,Shampoo & Conditioner
Nanoworks Gold Hydrating Shampoo,Pureology,4.5029,1547,50,Hair,Shampoo & Conditioner
Color Fanatic Top Coat + Tone Hair Gloss,Pureology,4.2737,1085,36,Hair,Hair Styling & Treatments
Strength Cure Blonde Purple Conditioner,Pureology,4.5492,1362,36,Hair,Shampoo & Conditioner
Strength Cure Split-End Salve Leave-In Treatment,Pureology,4.4286,56,31,Hair,Hair Styling & Treatments
Pure Volume Shampoo,Pureology,3.9478,345,36,Hair,Shampoo & Conditioner
Nanoworks Gold Strengthening Hydrating Conditioner,Pureology,4.4971,1386,50,Hair,Shampoo & Conditioner
"Mini Hydrate Sheer Shampoo for Fine, Dry, Color-Treated Hair",Pureology,4.4629,404,11,Hair,Shampoo & Conditioner
Smooth Perfection Smoothing Hair Serum,Pureology,4.6786,56,31,Hair,Hair Styling & Treatments
Color Fanatic Top Coat + Clear Hair Gloss,Pureology,4.5113,530,36,Hair,Hair Styling & Treatments
Smooth Perfection Shampoo,Pureology,4.5701,335,36,Hair,Shampoo & Conditioner
Hydrate Soft Softening Treatment Hair Mask,Pureology,4.5882,777,41.5,Hair,Hair Styling & Treatments
Style + Protect Refresh & Go Dry Shampoo,Pureology,4.2454,326,31,Hair,Hair Styling & Treatments
Mini Strength Cure Blonde Shampoo,Pureology,4.6076,1496,11,Hair,Shampoo & Conditioner
Smooth Perfection Smoothing Hair Lotion,Pureology,4.4352,301,31,Hair,Hair Styling & Treatments
Smooth Perfection Conditioner,Pureology,4.5034,292,36,Hair,Shampoo & Conditioner
Pure Volume Conditioner,Pureology,4.316,307,36,Hair,Shampoo & Conditioner
"Mini Hydrate Sheer Conditioner for Fine, Dry, Color-Treated Hair",Pureology,4.3383,334,11,Hair,Shampoo & Conditioner
Hydrate Shampoo & Conditioner Jumbo Value Set,Pureology,3.75,4,145,Hair,Value & Gift Sets
Mini Style + Protect Refresh & Go Dry Shampoo,Pureology,4.2454,326,11,Hair,Hair Styling & Treatments
Mini Strength Cure Blonde Conditioner,Pureology,4.5492,1362,11,Hair,Shampoo & Conditioner
Style + Protect Soft Finish Hairspray,Pureology,4.1818,66,31,Hair,Hair Styling & Treatments
Style + Protect Weightless Hair Mousse,Pureology,3.8056,36,31,Hair,Hair Styling & Treatments
Style + Protect Volumizing Texture Finishing Hairspray,Pureology,4.157,293,31,Hair,Hair Styling & Treatments
Mini Nanoworks Gold Conditioner,Pureology,4.4971,1386,17,Hair,Shampoo & Conditioner
Strength Cure Shampoo & Conditioner Jumbo Value Set,Pureology,3.6667,3,145,Hair,Value & Gift Sets
Mini Nanoworks Gold Shampoo,Pureology,4.5029,1547,17,Hair,Shampoo & Conditioner
Hydrate & Color Fanatic Kit,Pureology,,,72,Hair,Value & Gift Sets
Strength Cure & Color Fanatic Kit,Pureology,,,72,Hair,Value & Gift Sets
"Color Fanatic Spray, Clear Topcoat Kit",Pureology,,,45,Hair,Value & Gift Sets
Hydration Detangler + UV Barrier,Rahua,4.5,12,32,Hair,Hair Styling & Treatments
Omega 9 Hair Mask,Rahua,3.1975,162,58,Hair,Hair Styling & Treatments
Romance,Ralph Lauren,4.5744,524,63,Fragrance,Women
Ralph,Ralph Lauren,4.6895,554,90,Fragrance,Women
Polo Red Eau de Toilette,Ralph Lauren,4.6933,238,88,Fragrance,Men
Ralph's Club Eau de Parfum,Ralph Lauren,4.7908,2576,129,Fragrance,Men
Polo Blue Eau de Toilette,Ralph Lauren,4.5113,354,88,Fragrance,Men
Polo Blue Eau de Parfum,Ralph Lauren,4.4118,2013,74,Fragrance,Men
Ralph's Club Eau de Parfum Travel Spray,Ralph Lauren,4.7908,2576,34,Fragrance,Mini Size
Polo Red Eau de Parfum,Ralph Lauren,4.4249,386,128,Fragrance,Men
Ralph's Club Parfum,Ralph Lauren,4.442,1052,140,Fragrance,Men
Brightening Saffron Serum - Radiant Rani,RANAVAT,4.7824,216,135,Skincare,Treatments
Renewing Bakuchi Crème - Eternal Reign,RANAVAT,4.3676,204,95,Skincare,Moisturizers
Resurfacing Saffron AHA Masque - Radiant Rani,RANAVAT,4.6298,181,75,Skincare,Masks
Smoothing Facial Polish - Imperial Glow,RANAVAT,4.6364,176,45,Skincare,Cleansers
Balancing Crème Cleanser - Luminous Ceremony,RANAVAT,4.4682,173,45,Skincare,Cleansers
Restoring Moonseed Treatment - L’Immortale Empress,RANAVAT,4.7222,54,125,Skincare,Moisturizers
Fortifying Hair Serum - Mighty Majesty,RANAVAT,4.6053,190,70,Hair,Hair Styling & Treatments
Hydrating Jasmine Mist - Royal Refresh,RANAVAT,4.4571,35,45,Skincare,Moisturizers
Mini Brightening Saffron Serum - Radiant Rani,RANAVAT,4.7824,216,35,Mini Size,Skincare
Detoxifying Facial Massage Tool - Kansa Wand,RANAVAT,4.6364,22,70,Skincare,Wellness
Regenerative Veda⁴ Bond Repair Shampoo - Mighty Majesty,RANAVAT,4.5926,81,48,Hair,Shampoo & Conditioner
Regenerative Veda⁴ Bond Repair Conditioner- Mighty Majesty,RANAVAT,4.6173,81,48,Hair,Shampoo & Conditioner
Sacred Rose Restoring Hand Crème with Antioxidants,RANAVAT,4,1,32,Bath & Body,Body Moisturizers
Soft Pinch Liquid Blush,Rare Beauty by Selena Gomez,4.5356,4733,23,Makeup,Cheek
Positive Light Liquid Luminizer Highlight,Rare Beauty by Selena Gomez,4.3411,1240,25,Makeup,Face
Warm Wishes Effortless Bronzer Sticks,Rare Beauty by Selena Gomez,4.5792,1516,26,Makeup,Cheek
Liquid Touch Weightless Foundation,Rare Beauty by Selena Gomez,4.0332,5186,30,Makeup,Face
Liquid Touch Brightening Concealer,Rare Beauty by Selena Gomez,4.1963,1615,22,Makeup,Face
Stay Vulnerable Melting Cream Blush,Rare Beauty by Selena Gomez,4.3357,986,22,Makeup,Cheek
Positive Light Silky Touch Highlighter,Rare Beauty by Selena Gomez,4.4501,551,25,Makeup,Face
Lip Soufflé Matte Cream Lipstick,Rare Beauty by Selena Gomez,4.2939,1276,20,Makeup,Lip
Kind Words Lip Liner,Rare Beauty by Selena Gomez,4.6231,451,15,Makeup,Lip
Positive Light Under Eye Brightener,Rare Beauty by Selena Gomez,4.2621,782,24,Makeup,Eye
With Gratitude Dewy Lip Balm,Rare Beauty by Selena Gomez,3.5823,1142,16,Makeup,Lip
Kind Words Matte Lipstick,Rare Beauty by Selena Gomez,4.5277,542,20,Makeup,Lip
Stay Vulnerable Glossy Lip Balm,Rare Beauty by Selena Gomez,4.6973,697,20,Makeup,Lip
Liquid Touch Concealer Brush,Rare Beauty by Selena Gomez,4.545,422,18,Makeup,Brushes & Applicators
Perfect Strokes Universal Volumizing Mascara,Rare Beauty by Selena Gomez,4.3716,1480,20,Makeup,Eye
Always An Optimist 4-in-1 Prime & Set Mist,Rare Beauty by Selena Gomez,4.274,416,27,Makeup,Face
Always an Optimist Soft Radiance Setting Powder,Rare Beauty by Selena Gomez,4.587,1046,25,Makeup,Face
Liquid Touch Foundation Brush,Rare Beauty by Selena Gomez,4.5796,490,29,Makeup,Brushes & Applicators
Pore Diffusing Primer - Always an Optimist Collection,Rare Beauty by Selena Gomez,4.4882,1055,28,Makeup,Face
Perfect Strokes Matte Liquid Liner,Rare Beauty by Selena Gomez,4.2939,2140,21,Makeup,Eye
Mini Pore Diffusing Primer- Always An Optimist Collection,Rare Beauty by Selena Gomez,3.6892,148,15,Mini Size,Makeup
Soft Pinch Blush Brush,Rare Beauty by Selena Gomez,4.7143,49,23,Makeup,Brushes & Applicators
Stay Vulnerable Liquid Eyeshadow,Rare Beauty by Selena Gomez,4.6114,458,20,Makeup,Eye
Blot & Glow Touch-Up Kit,Rare Beauty by Selena Gomez,3.7402,408,26,Makeup,Face
Mini Perfect Strokes Universal Volumizing Mascara,Rare Beauty by Selena Gomez,4.2572,797,11,Mini Size,Makeup
Illuminating Primer- Always An Optimist Collection,Rare Beauty by Selena Gomez,4.2245,343,28,Makeup,Face
Mini Always an Optimist 4-in-1 Mist,Rare Beauty by Selena Gomez,3.9167,48,14,Mini Size,Makeup
Mini Illuminating Primer- Always An Optimist Collection,Rare Beauty by Selena Gomez,4.1716,134,15,Mini Size,Makeup
Brow Harmony Pencil & Gel,Rare Beauty by Selena Gomez,4.2179,459,22,Makeup,Eye
Brow Harmony Shape & Fill Duo,Rare Beauty by Selena Gomez,4.4929,700,27,Makeup,Eye
Always An Optimist Powder Brush,Rare Beauty by Selena Gomez,4.5,28,28,Makeup,Brushes & Applicators
Weightless Eyeshadow Primer- Always An Optimist Collection,Rare Beauty by Selena Gomez,4.2515,338,21,Makeup,Eye
Positive Light Precision Highlighter Brush,Rare Beauty by Selena Gomez,4.875,16,18,Makeup,Brushes & Applicators
Stay Vulnerable All - Over Eyeshadow Brush,Rare Beauty by Selena Gomez,4.6346,52,15,Makeup,Brushes & Applicators
Magnetic Spirit Eyeshadow Palette,Rare Beauty by Selena Gomez,4.3768,69,25,Makeup,Eye
Discovery Eyeshadow Palette,Rare Beauty by Selena Gomez,4.1593,226,29,Makeup,Eye
Blot & Glow Blotting Paper Refill,Rare Beauty by Selena Gomez,3.6607,56,5,Makeup,Accessories
Mini Sincerely Me Eye Essentials,Rare Beauty by Selena Gomez,4.375,16,25,Mini Size,Makeup
Blot & Glow Powder Puff Refill,Rare Beauty by Selena Gomez,3.7917,24,15,Makeup,Face
Discovery Eyeshadow Palette - Give Yourself Grace,Rare Beauty by Selena Gomez,4,10,29,Makeup,Eye
Brow Sculpt Shape and Hold Gel with Lamination Effect,REFY,3.6148,823,24,Makeup,Eye
Lip Sculpt Lip Liner and Setter,REFY,3.5698,265,26,Makeup,Lip
Duo Face Brush,REFY,3.439,41,24,Makeup,Brushes & Applicators
Glow and Sculpt Face Serum Primer with Niacinamide,REFY,4.2759,29,34,Makeup,Face
Lip Gloss,REFY,4.2778,54,20,Makeup,Lip
Cream Blush,REFY,4.1897,58,20,Makeup,Cheek
Gloss Highlighter,REFY,3.9859,71,26,Makeup,Face
"Universal Collection - Brow Sculpt, Lip Gloss, and Gloss Highlighter",REFY,3.6,5,38,Makeup,Value & Gift Sets
"Lip Collection: Lip Liner, Setter, and Lip Gloss",REFY,3.1333,45,40,Makeup,Lip
Cream Bronzer,REFY,4.0408,49,26,Makeup,Cheek
"REFY 3.0 Stage Brow Collection- Sculpt, Pomade & Pencil",REFY,4.0239,209,55,Makeup,Eye
Brow Pencil,REFY,4.2714,70,20,Makeup,Eye
Body Glow Highlighting Serum,REFY,4.2,5,40,Bath & Body,Body Moisturizers
Brow Pomade,REFY,4.2889,45,20,Makeup,Eye
Skin Finish Water Based Loose Setting Powder,REFY,3.8947,19,32,Makeup,Face
Brow Tint Eyebrow Gel,REFY,,,24,Makeup,Eye
Glycol Lactic Radiance Renewal Mask,REN Clean Skincare,4.4022,1283,58,Skincare,Masks
Ready Steady Glow Daily AHA Tonic,REN Clean Skincare,4.143,1238,40,Skincare,Cleansers
Mini Ready Steady Glow Daily AHA Tonic,REN Clean Skincare,4.143,1238,22,Skincare,Cleansers
Evercalm Barrier Support Antioxidant Moisturizer,REN Clean Skincare,4.2017,1031,52,Skincare,Moisturizers
Evercalm Overnight Recovery Balm,REN Clean Skincare,4.4864,623,55,Skincare,Moisturizers
Evercalm Ultra Comforting Rescue Mask,REN Clean Skincare,4.5168,505,52,Skincare,Masks
Perfect Canvas Clean Primer,REN Clean Skincare,4.5058,518,49,Makeup,Face
Overnight Glow Dark Spot Sleeping Cream,REN Clean Skincare,4.1408,476,55,Skincare,Moisturizers
AHA Smart Renewal Body Serum,REN Clean Skincare,3.9149,188,46,Bath & Body,Body Moisturizers
Clean Screen Mineral SPF 30 Mattifying Face Sunscreen,REN Clean Skincare,3.3558,416,40,Skincare,Sunscreen
Radiance Vitamin C Glow Serum,REN Clean Skincare,4.682,412,69,Skincare,Treatments
Brightening Dark Circle Eye Cream,REN Clean Skincare,4.3027,370,51,Skincare,Eye Care
Evercalm Redness Relief Serum,REN Clean Skincare,4.3985,271,60,Skincare,Treatments
Perfect Canvas Clean Jelly Oil Cleanser,REN Clean Skincare,4.0263,266,37,Skincare,Cleansers
Evercalm Barrier Support Face Oil,REN Clean Skincare,4.8391,261,60,Skincare,Moisturizers
Atlantic Kelp and Magnesium Anti-Fatigue Body Wash - 100% Recycled Plastic,REN Clean Skincare,4.3361,119,30,Bath & Body,Bath & Shower
Glow Daily Vitamin C Gel Cream,REN Clean Skincare,4.5825,194,54,Skincare,Moisturizers
Evercalm Gentle Cleansing Milk,REN Clean Skincare,4.3208,159,38,Skincare,Cleansers
"Perfect Canvas Smooth, Prep & Plump Essence",REN Clean Skincare,4.7677,155,55,Skincare,Moisturizers
Evercalm Gentle Cleansing Gel,REN Clean Skincare,4.36,125,38,Skincare,Cleansers
Stop Being So Sensitive Evercalm Kit,REN Clean Skincare,3.6087,69,34,Skincare,Value & Gift Sets
Clearcalm Clarifying Clay Cleanser,REN Clean Skincare,4.6,40,38,Skincare,Cleansers
Glow One Step Further Radiance Kit,REN Clean Skincare,3.931,29,28,Skincare,Value & Gift Sets
Evercalm Skin Zen Trio,REN Clean Skincare,4.5,2,66,Skincare,Value & Gift Sets
Evercalm Skin Zen Trio,REN Clean Skincare,,,66,Skincare,Value & Gift Sets
The Essential Refillable Travel Container,RIES,4.4023,87,18,Hair,Tools
The Essential Refillable Travel Container - Blue,RIES,4.4023,87,18,Tools & Brushes,Beauty Accessories
UnCoverup Natural Finish Concealer,rms beauty,4.0897,847,38,Makeup,Face
Living Luminizer Highlighter,rms beauty,4.2897,818,40,Makeup,Face
ReDimension Hydra Powder Blush,rms beauty,4.6681,238,35,Makeup,Cheek
Hydrating Tinted Daily Lip Balm,rms beauty,4.6723,296,24,Makeup,Lip
Eyelights Cream Eyeshadow,rms beauty,4.6222,225,28,Makeup,Eye
UnCoverup Natural Finish Cream Foundation,rms beauty,3.5339,118,58,Makeup,Face
Mini Living Luminizer Highlighter Glow Quad,rms beauty,4.1593,113,32,Makeup,Face
ReEvolve Radiance Locking Hydrating Primer,rms beauty,4.7103,107,42,Makeup,Face
ReEvolve Medium Coverage Liquid Foundation,rms beauty,4.4802,177,52,Makeup,Face
Straight Up Volumizing Peptide Mascara,rms beauty,4.2745,306,28,Makeup,Eye
Mini Straight Up Volumizing Peptide Mascara,rms beauty,3.125,16,15,Makeup,Mini Size
Cream Blush Refillable Cheek & Lip Color,ROSE INC,4.6015,394,32,Makeup,Cheek
Skin Enhance Luminous Skin Tint Serum Foundation,ROSE INC,4.2818,628,49,Makeup,Face
Softlight Clean Dewy Hydrating Concealer,ROSE INC,4.3727,499,30,Makeup,Face
Satin Lip Color Refillable Hydrating Lipstick,ROSE INC,4.7082,401,28,Makeup,Lip
Lip Sculpt Clean Moisturizing Pigmented Lipstick,ROSE INC,3.1918,73,26,Makeup,Lip
Solar Power Luminous SPF 30 Brightening Serum,ROSE INC,4.4604,265,46,Skincare,Treatments
Solar Infusion Moisturizing Cream Bronzer,ROSE INC,4.7111,180,36,Makeup,Cheek
Hydration Replenish Microencapsulated Plumping Gel Moisturizer,ROSE INC,4.6561,189,70,Skincare,Moisturizers
Eye Revival Brightening Eye Cream,ROSE INC,4.6915,188,55,Skincare,Eye Care
Skin Resolution Clean Exfoliating Acid Toner,ROSE INC,4.6848,184,32,Skincare,Cleansers
Mini Skin Resolution Clarifying Acid Toner,ROSE INC,4.6848,184,15,Skincare,Cleansers
Skin Enhancing Duo: Luminous Skin Tint Serum Foundation & Foundation Brush,ROSE INC,4.4831,267,59,Makeup,Value & Gift Sets
Solar Radiance Hydrating Cream Highlighter,ROSE INC,4.7784,167,30,Makeup,Face
Radiant Reveal Clean Brightening Vitamin C Serum,ROSE INC,4.6687,166,74,Skincare,Treatments
Number 3 Foundation Brush,ROSE INC,4.5893,224,32,Makeup,Brushes & Applicators
Mini Hydration Replenish Microencapsulated Plumping Gel Moisturizer,ROSE INC,4.6561,189,20,Mini Size,Skincare
Number 1 Concealer Brush,ROSE INC,4.8182,22,26,Makeup,Brushes & Applicators
Ultra-Black Lash Lifting & Lengthening Serum Mascara,ROSE INC,4.3358,274,28,Makeup,Eye
Brow Renew Clean Tinted Eyebrow-Growth Gel,ROSE INC,4.3447,206,26,Makeup,Eye
Brow Renew Clean Clear Eyebrow-Growth Gel,ROSE INC,4.319,116,26,Makeup,Eye
Satin & Shimmer Duet Powder & Cream Eyeshadow,ROSE INC,4.5479,146,30,Makeup,Eye
Number 2 Blush Brush,ROSE INC,4.5211,71,28,Makeup,Brushes & Applicators
Mini Ultra-Black Lash Lifting & Lengthening Serum Mascara,ROSE INC,4,14,15,Mini Size,Makeup
Cream Blush Refillable Cheek & Lip Color Refill,ROSE INC,4.3958,48,18,Makeup,Cheek
Number 8 Dual-Ended Eyehadow Brush,ROSE INC,4.8261,23,28,Makeup,Brushes & Applicators
Satin Lip Color Hydrating Lipstick Refill,ROSE INC,3.1818,11,18,Makeup,Lip
No. 5 Bronzer Brush,ROSE INC,4.7647,17,28,Makeup,Brushes & Applicators
The Brightening Essentials Skincare Gift Set,ROSE INC,5,4,66,Skincare,Value & Gift Sets
Mini Solar Power Luminous SPF 30 Serum,ROSE INC,3,4,18,Skincare,Sunscreen
No. 6 Highlighter Brush,ROSE INC,4.6842,19,26,Makeup,Brushes & Applicators
Solar Radiance Hydrating Cream Highlighter Refill,ROSE INC,4,2,18,Makeup,Face
Signature Moisturizer,ROSE Ingleton MD,4.7,120,85,Skincare,Moisturizers
Complexion Brightening Booster Serum,ROSE Ingleton MD,4.5,34,70,Skincare,Treatments
Blemish Control Booster Serum,ROSE Ingleton MD,4.8182,33,70,Skincare,Treatments
Calming Hydration Booster Serum,ROSE Ingleton MD,4.7143,21,70,Skincare,Treatments
Retexturizing Retinol Booster Serum,ROSE Ingleton MD,4.5556,18,70,Skincare,Treatments
SuperFruit Gentle Brightening Cleanser,ROSE Ingleton MD,4.7143,14,38,Skincare,Cleansers
SuperFruit Exfoliating Tonic 8% AHA Solution,ROSE Ingleton MD,4.8571,7,48,Skincare,Cleansers
Mini SuperFruit Gentle Brightening Cleanser,ROSE Ingleton MD,2.3333,3,14,Mini Size,Skincare
Rosebud Salve,Rosebud Perfume Co.,4.6463,5199,7,Skincare,Lip Balms & Treatments
Strawberry Lip Balm,Rosebud Perfume Co.,4.559,2440,8,Skincare,Lip Balms & Treatments
Rosebud Salve in a Tube,Rosebud Perfume Co.,4.3797,2399,7,Skincare,Lip Balms & Treatments
Minted Rose Lip Balm,Rosebud Perfume Co.,4.5225,1981,8,Skincare,Lip Balms & Treatments
Menthol And Eucalyptus Lip Balm,Rosebud Perfume Co.,4.0998,401,7,Skincare,Lip Balms & Treatments
Strawberry Lip Balm,Rosebud Perfume Co.,4.1518,112,8,Skincare,Lip Balms & Treatments
Grandioso Volumizing Spray,Rossano Ferretti Parma,4.5556,36,48,Hair,Hair Styling & Treatments
Grandioso Extra Volume Shampoo,Rossano Ferretti Parma,4.9545,22,39,Hair,Shampoo & Conditioner
Brillante Protect & Shine Hair Oil,Rossano Ferretti Parma,4.6111,18,56,Hair,Hair Styling & Treatments
Dolce 16 Protective and Detangling Spray,Rossano Ferretti Parma,4.5,14,46,Hair,Hair Styling & Treatments
Prodigio Regenerating Hair Treatment Oil,Rossano Ferretti Parma,4.5455,11,64,Hair,Hair Styling & Treatments
Intenso Smoothing Mask for Thick Hair,Rossano Ferretti Parma,4.0909,22,64,Hair,Hair Styling & Treatments
Velluto Anti-Frizz Straightening Serum,Rossano Ferretti Parma,3.8889,9,50,Hair,Hair Styling & Treatments
Mini Grandioso Extra Volume Shampoo,Rossano Ferretti Parma,3,6,16,Hair,Shampoo & Conditioner
Mini Grandioso Extra Volumizing Hair Set,Rossano Ferretti Parma,3.1,10,59,Hair,Value & Gift Sets
Mini Intenso Smoothing Hair Set for Thick Hair,Rossano Ferretti Parma,3.8333,6,59,Hair,Value & Gift Sets
Dry Shampoo Cream,Rossano Ferretti Parma,4,5,20,Hair,Hair Styling & Treatments
Favoloso Volumizing Mousse,Rossano Ferretti Parma,4.1111,9,50,Hair,Hair Styling & Treatments
Intenso Smoothing Shampoo for Thick Hair,Rossano Ferretti Parma,4.875,8,39,Hair,Shampoo & Conditioner
Vita Rejuvenating Anti-Aging Hair Mask,Rossano Ferretti Parma,3.7273,11,72,Hair,Hair Styling & Treatments
Vita Rejuvenating Anti-Aging Shampoo,Rossano Ferretti Parma,4.5556,9,52,Hair,Shampoo & Conditioner
Mini Intenso Smoothing Mask for Thick Hair,Rossano Ferretti Parma,3,2,18,Hair,Hair Styling & Treatments
Favoloso Hair Movement Spray,Rossano Ferretti Parma,4,4,50,Hair,Hair Styling & Treatments
Prodigio Regenerating Pre-Wash Hair Mask Treatment,Rossano Ferretti Parma,,,105,Hair,Hair Styling & Treatments
Dolce Satin Glow Booster,Rossano Ferretti Parma,5,3,50,Hair,Hair Styling & Treatments
Mini Grandioso Extra Volumizing Conditioner,Rossano Ferretti Parma,1,1,17,Hair,Shampoo & Conditioner
Dolce Nourishing Shampoo,Rossano Ferretti Parma,5,3,16,Hair,Shampoo & Conditioner
Grandioso 02 Volumising Conditioner,Rossano Ferretti Parma,4.1429,7,17,Hair,Shampoo & Conditioner
Grandioso Volumising Conditioner,Rossano Ferretti Parma,4,8,46,Hair,Shampoo & Conditioner
Dolce Nourishing Hair Mask,Rossano Ferretti Parma,5,3,54,Hair,Hair Styling & Treatments
Mini Dolce Nourishing Hair Mask,Rossano Ferretti Parma,5,1,18,Hair,Hair Styling & Treatments
Mini Dolce Nourishing Shampoo,Rossano Ferretti Parma,,,16,Hair,Shampoo & Conditioner
Dew Blush Liquid Cheek Blush,Saie,4.4085,590,25,Makeup,Cheek
Slip Tint Dewy Tinted Moisturizer SPF 35 Sunscreen,Saie,3.9033,1045,36,Makeup,Face
Glowy Super Gel Lightweight Dewy Highlighter,Saie,4.4717,761,28,Makeup,Face
Sun Melt Natural Cream Bronzer,Saie,4.562,548,32,Makeup,Cheek
Mini Glowy Super Gel Lightweight Dewy Highlighter,Saie,4.1938,356,16,Makeup,Face
Hydrabeam Brightening + Hydrating Creamy Under Eye Concealer,Saie,4.2018,654,26,Makeup,Eye
The Big Buffing Bronzer Brush,Saie,4.8867,300,26,Makeup,Brushes & Applicators
Airset Radiant Loose Setting Powder,Saie,4.4662,296,30,Makeup,Face
Lip Blur Soft-Matte Hydrating Lipstick with Hyaluronic Acid,Saie,4.5964,275,24,Makeup,Lip
Mascara 101 Lengthening and Lifting,Saie,4.3762,428,26,Makeup,Eye
The Fluffy Setting Powder Brush,Saie,4.78,200,26,Makeup,Brushes & Applicators
Sunvisor Radiant Moisturizing Face Sunscreen SPF 35,Saie,4.0939,181,38,Skincare,Sunscreen
Brow Butter Styling and Volumizing Eyebrow Gel,Saie,3.5471,276,20,Makeup,Eye
Mini Mascara 101 Lengthening and Lifting,Saie,4.3514,74,16,Mini Size,Makeup
Mini Sunvisor Radiant Moisturizing Face Sunscreen SPF 35,Saie,3.3333,6,16,Mini Size,Skincare
Glowy Super Skin Lightweight Hydrobounce  Serum Foundation,Saie,4.7824,193,40,Makeup,Face
The Base Foundation Brush,Saie,4.8802,167,26,Makeup,Brushes & Applicators
Luxury Beauty Serum Calming Treatment,Saint Jane Beauty,4.3972,355,125,Skincare,Treatments
Luxury Sun Ritual Pore Smoothing Sunscreen SPF 30,Saint Jane Beauty,4.8262,282,38,Skincare,Sunscreen
Bright Repair Eye Cream – 10% Vitamin C,Saint Jane Beauty,4.2948,173,65,Skincare,Eye Care
The C Drops – 20% Vitamin C Blend Brightening Serum,Saint Jane Beauty,4.75,100,90,Skincare,Treatments
Hydrating Petal Cream – 1% Pure Hyaluronic Acid Moisturizer,Saint Jane Beauty,4.5395,76,68,Skincare,Moisturizers
Luxury Body Nourishing Serum,Saint Jane Beauty,4.5082,61,58,Bath & Body,Body Moisturizers
Sacred Sleep Overnight Repair with Retinol,Saint Jane Beauty,4.7544,57,70,Skincare,Treatments
Luxury Lip Shine – Longwear Hydration Lip Oil with Vitamin C,Saint Jane Beauty,4.6552,29,28,Skincare,Lip Balms & Treatments
Hydrabloom Body Silk With Hyaluronic Acid,Saint Jane Beauty,4.9375,16,48,Bath & Body,Body Moisturizers
Mini Luxury Beauty Serum Calming Treatment,Saint Jane Beauty,,,38,Skincare,Mini Size
Cream Lip Stain Liquid Lipstick,SEPHORA COLLECTION,4.3201,11111,15,Makeup,Lip
Sephora Colorful Eyeshadow,SEPHORA COLLECTION,3.7494,1656,10,Makeup,Eye
#LIPSTORIES Lipstick,SEPHORA COLLECTION,4.3942,3653,10,Makeup,Lip
Retractable Waterproof Eyeliner,SEPHORA COLLECTION,4.2359,6756,13,Makeup,Eye
12 Hour Contour Pencil Eyeliner,SEPHORA COLLECTION,4.0558,3693,11,Makeup,Eye
Cleansing & Exfoliating Wipes,SEPHORA COLLECTION,4.3383,3837,3,Skincare,Cleansers
Sephora Colorful Waterproof Eyeshadow & Eyeliner Multi-Stick,SEPHORA COLLECTION,4.2275,3253,14,Makeup,Eye
Lip Balm & Scrub,SEPHORA COLLECTION,3.6994,3885,7,Makeup,Lip
Retractable Rouge Gel Lip Liner,SEPHORA COLLECTION,4.3028,1136,13,Makeup,Lip
Ultra Shine Lip Gloss,SEPHORA COLLECTION,4.4214,3434,12,Makeup,Lip
Lip Liner To Go,SEPHORA COLLECTION,4.0169,827,6,Makeup,Lip
Retractable Brow Pencil - Waterproof,SEPHORA COLLECTION,4.2546,4132,12,Makeup,Eye
Outrageous Plumping Lip Gloss,SEPHORA COLLECTION,4.1272,967,13,Makeup,Lip
Bright Future Gel Serum Under Eye Concealer,SEPHORA COLLECTION,4.0272,3377,15,Makeup,Face
Sephora Colorful Lip Gloss Balm,SEPHORA COLLECTION,4.1907,1143,10,Makeup,Lip
10 Hour Wear Perfection Foundation,SEPHORA COLLECTION,4.0199,4028,20,Makeup,Face
"Sephora Colorful Face Powders – Blush, Bronze, Highlight, & Contour",SEPHORA COLLECTION,4.1794,602,14,Makeup,Cheek
Best Skin Ever Liquid Foundation,SEPHORA COLLECTION,4.2702,1136,20,Makeup,Face
Glossed Lip Gloss,SEPHORA COLLECTION,4.4226,523,12,Makeup,Lip
Sephora Colorful Wink-It Felt Tip Liquid Waterproof Eyeliner,SEPHORA COLLECTION,3.5836,1405,14,Makeup,Eye
Perfection Mist Airbrush Foundation,SEPHORA COLLECTION,4.2877,2273,20,Makeup,Face
Color Hit Mini Nail Polish,SEPHORA COLLECTION,3.4892,462,5,Makeup,Nail
Daily Brush Cleaner,SEPHORA COLLECTION,4.4494,830,16,Makeup,Brushes & Applicators
Solid Brush and Sponge Cleaner with Pad,SEPHORA COLLECTION,4.7919,2182,16,Makeup,Brushes & Applicators
PRO Concealer Brush #57,SEPHORA COLLECTION,4.7776,1043,22,Makeup,Brushes & Applicators
Matte Perfection Powder Foundation,SEPHORA COLLECTION,4.1824,1299,20,Makeup,Face
Waterproof Eye Makeup Remover,SEPHORA COLLECTION,4.3673,3899,11,Makeup,Accessories
PRO Foundation Brush #56,SEPHORA COLLECTION,4.6859,1111,30,Makeup,Brushes & Applicators
PRO Foundation Brush #70,SEPHORA COLLECTION,4.4966,294,30,Makeup,Brushes & Applicators
MicroSmooth Baked Powder Foundation,SEPHORA COLLECTION,4.3925,1544,20,Makeup,Face
Astrology Lip Stories Lipstick,SEPHORA COLLECTION,4.0924,238,9,Makeup,Lip
Vegan False Eyelashes,SEPHORA COLLECTION,4.475,739,10,Makeup,Eye
Rouge Lacquer Long-Lasting Lipstick,SEPHORA COLLECTION,4.121,372,15,Makeup,Lip
Ultra Glow Serum: Glow + Strengthen Vitamin C Serum,SEPHORA COLLECTION,4.125,1488,20,Skincare,Treatments
Silicone Scalp Massager,SEPHORA COLLECTION,4.8072,363,12,Hair,Tools
PRO Concealer Brush #71,SEPHORA COLLECTION,4.7657,303,22,Makeup,Brushes & Applicators
Melting Lip Clicks Lip Balm,SEPHORA COLLECTION,4.5631,586,14,Makeup,Lip
Make No Mistake Foundation & Concealer Stick,SEPHORA COLLECTION,3.8994,785,20,Makeup,Face
PRO Powder Brush #50,SEPHORA COLLECTION,4.8346,405,34,Makeup,Brushes & Applicators
Sheer Liquid Eyeshadow,SEPHORA COLLECTION,3.4476,286,10,Makeup,Eye
Matte Perfection Lightweight Tinted Moisturizer,SEPHORA COLLECTION,3.7148,561,18,Makeup,Face
Microsmooth Multi-Tasking Baked Face Powder Foundation,SEPHORA COLLECTION,4.6284,436,20,Makeup,Face
Best Skin Ever Full Coverage Multi-Use Concealer,SEPHORA COLLECTION,4.3443,366,15,Makeup,Face
PRO Blush Brush #99,SEPHORA COLLECTION,4.7313,227,30,Makeup,Brushes & Applicators
Cream Lip Shine Liquid Lipstick,SEPHORA COLLECTION,3.861,187,15,Makeup,Lip
Golden Hour Luminizing Powder,SEPHORA COLLECTION,4.3532,487,17,Makeup,Face
Pack It All Organizer,SEPHORA COLLECTION,4.7866,239,45,Makeup,Accessories
Ultimate Gel Waterproof Eyeliner Pencil,SEPHORA COLLECTION,4.0843,332,13,Makeup,Eye
All Day Makeup Setting Spray,SEPHORA COLLECTION,4.6761,494,13,Makeup,Face
Eyeliner Pencil To Go,SEPHORA COLLECTION,4.1269,197,6,Makeup,Eye
PRO Bronzer Brush #80,SEPHORA COLLECTION,4.8284,204,34,Makeup,Brushes & Applicators
Long Lasting Eyeliner High Precision Brush,SEPHORA COLLECTION,4.1031,1310,12,Makeup,Eye
Lilly Lashes for Sephora Collection,SEPHORA COLLECTION,3.3284,341,30,Makeup,Eye
Organic Cotton Pads,SEPHORA COLLECTION,4.4944,267,4.5,Makeup,Accessories
Makeup Match Brow Brush,SEPHORA COLLECTION,4.7742,124,8,Makeup,Brushes & Applicators
PRO Foundation Brush #47,SEPHORA COLLECTION,4.2219,329,30,Makeup,Brushes & Applicators
Essential Eye Brush Set,SEPHORA COLLECTION,4.8523,298,29,Makeup,Brushes & Applicators
PRO Eye Liner Brush #22,SEPHORA COLLECTION,4.1472,299,16,Makeup,Brushes & Applicators
PRO Contour Brush #78,SEPHORA COLLECTION,4.48,25,30,Makeup,Brushes & Applicators
Velour Makeup Face Puff,SEPHORA COLLECTION,4.4423,52,5,Makeup,Brushes & Applicators
Make No Mistake Full Coverage Concealer,SEPHORA COLLECTION,3.9533,600,14,Makeup,Face
PRO Foundation Brush #55,SEPHORA COLLECTION,4.5538,697,30,Makeup,Brushes & Applicators
PRO Blush Brush #93,SEPHORA COLLECTION,4.5043,117,30,Makeup,Brushes & Applicators
Complete Brush Set,SEPHORA COLLECTION,4.7174,138,49,Makeup,Brushes & Applicators
House of Lashes x Sephora Collection False Lash,SEPHORA COLLECTION,3.8916,609,15,Makeup,Eye
Long Lasting Kohl Pencil,SEPHORA COLLECTION,3.5515,544,10,Makeup,Eye
Clean Lip Balm & Scrub,SEPHORA COLLECTION,2.282,610,7,Skincare,Lip Balms & Treatments
Translucent Loose Setting Powder,SEPHORA COLLECTION,4,107,15,Makeup,Face
Apple Cider Vinegar Cleansing Scalp Scrub,SEPHORA COLLECTION,3.7911,292,12,Hair,Hair Styling & Treatments
PRO Blush Brush #96,SEPHORA COLLECTION,4.6991,113,30,Makeup,Brushes & Applicators
Deep-Cleaning Brush and Sponge Shampoo,SEPHORA COLLECTION,4.4715,263,16,Makeup,Brushes & Applicators
Lip Blush Blotted Matte Lipstick,SEPHORA COLLECTION,4.1524,105,12,Makeup,Lip
Makeup Tape,SEPHORA COLLECTION,3.675,40,8,Makeup,Brushes & Applicators
Mini Pocket Palette Eyeshadow Palette,SEPHORA COLLECTION,3.8681,91,10,Makeup,Eye
Brightening Eye Cream with Caffeine and Hyaluronic Acid,SEPHORA COLLECTION,4.375,528,18,Skincare,Eye Care
Clean Glossy Lip Oil,SEPHORA COLLECTION,4.2331,236,12,Makeup,Lip
Strengthening Hair Serum with Biotin and Phytoprotiens,SEPHORA COLLECTION,4.3333,54,18,Hair,Hair Styling & Treatments
Outrageous Plump Intense Hydrating Lip Gloss,SEPHORA COLLECTION,4.2647,102,13,Makeup,Lip
Spice Market Contour Powder & Blush Palette,SEPHORA COLLECTION,4.555,200,20,Makeup,Cheek
Soft Matte Perfection Blush Duos,SEPHORA COLLECTION,4.2727,132,16,Makeup,Cheek
Clean Cleansing & Gentle Exfoliating Wipes,SEPHORA COLLECTION,2.5641,523,6,Skincare,Cleansers
Ready to Roll Brush Set,SEPHORA COLLECTION,2.8235,17,72,Makeup,Brushes & Applicators
Microsmooth Multi-Tasking Baked Face Palette,SEPHORA COLLECTION,4.645,307,20,Makeup,Cheek
Dry Shampoo Brush Cleaner,SEPHORA COLLECTION,4.4772,329,16,Makeup,Brushes & Applicators
Soft Matte Bronzer Powder,SEPHORA COLLECTION,4.3621,243,18,Makeup,Cheek
Brush-tip Lash Adhesive,SEPHORA COLLECTION,3.7361,288,9,Makeup,Eye
PRO Lip Brush #85,SEPHORA COLLECTION,4.4688,64,16,Makeup,Brushes & Applicators
Moisturizing Body Lotion,SEPHORA COLLECTION,3.6887,106,6,Bath & Body,Body Moisturizers
Lashcraft Lengthening & Volumizing Mascara,SEPHORA COLLECTION,3.6565,1403,12,Makeup,Eye
PRO Brow Brush #20,SEPHORA COLLECTION,4.3089,259,18,Makeup,Brushes & Applicators
Charged Up Liquid Eyeshadow,SEPHORA COLLECTION,4.1176,51,12,Makeup,Eye
PRO Crease Brush #19,SEPHORA COLLECTION,4.7232,112,20,Makeup,Brushes & Applicators
Lip Last Matte Lipstick,SEPHORA COLLECTION,3.5059,85,15,Makeup,Lip
Intense Felt-Tip Liquid Waterproof Eyeliner,SEPHORA COLLECTION,3.2886,246,12,Makeup,Eye
Clean Lip Balm & Scrub,SEPHORA COLLECTION,4.5128,470,7,Skincare,Lip Balms & Treatments
Nourishing Moisturizer with Prebiotics,SEPHORA COLLECTION,4.5182,467,18,Skincare,Moisturizers
Clean Vegan Hydrating Satin Lipstick,SEPHORA COLLECTION,4.102,49,12,Makeup,Lip
#LIPSTORIES Natural Wonders Lipstick,SEPHORA COLLECTION,3.8133,75,10,Makeup,Lip
Beauty Amplifier Clear Universal Waterproof Lip Liner,SEPHORA COLLECTION,3.7312,372,10,Makeup,Lip
Flushed Cream Blush,SEPHORA COLLECTION,3.5,110,10,Makeup,Cheek
Instant Masks,SEPHORA COLLECTION,3.5165,455,8,Skincare,Masks
Glow Peel Pads,SEPHORA COLLECTION,3.9956,452,15,Skincare,Treatments
Makeup Match Foundation Brush,SEPHORA COLLECTION,4.4586,181,16,Makeup,Brushes & Applicators
Color Shifter Mini Eyeshadow Palette,SEPHORA COLLECTION,3.9286,28,10,Makeup,Eye
Bubble Bath & Shower Gel,SEPHORA COLLECTION,4.06,100,6,Bath & Body,Bath & Shower
3-in-1 Pencil Sharpener,SEPHORA COLLECTION,4.4634,41,6,Tools & Brushes,Beauty Tools
PRO Contour Brush #79,SEPHORA COLLECTION,4.4333,90,30,Makeup,Brushes & Applicators
Eye Love Bloom Eyeshadow Palette,SEPHORA COLLECTION,3.2029,69,14,Makeup,Eye
All Day Hyaluronic Acid Hydrator Moisturizer,SEPHORA COLLECTION,4.5647,425,18,Skincare,Moisturizers
Clean Skin Gel Cleanser with Prebiotics,SEPHORA COLLECTION,4.6286,420,12,Skincare,Cleansers
Clear and Cover Acne Treatment Cream Concealer with 2% Salicylic Acid,SEPHORA COLLECTION,3.9733,75,14,Makeup,Face
Size Up Volumizing Mascara,SEPHORA COLLECTION,3.6923,416,12,Makeup,Eye
Season to Sparkle 8 Piece Makeup Brush Set,SEPHORA COLLECTION,4.3333,21,45,Makeup,Brushes & Applicators
Hot Line Brush Tip Waterproof Liquid Eyeliner,SEPHORA COLLECTION,4.1208,811,14,Makeup,Eye
LashCraft Big Volume Volumizing Mascara,SEPHORA COLLECTION,3.8353,996,14,Makeup,Eye
Weightless False Eyelashes,SEPHORA COLLECTION,4.6518,359,16,Makeup,Eye
Organic Cotton Swabs,SEPHORA COLLECTION,4.4624,93,3,Makeup,Accessories
Vegan Hydrating Lip Balm,SEPHORA COLLECTION,3.8678,242,5,Makeup,Lip
Clean Face Mask,SEPHORA COLLECTION,4.1455,385,5.5,Skincare,Masks
Clean Hair Sleeping Mask,SEPHORA COLLECTION,3.7544,57,5,Hair,Hair Styling & Treatments
Brow Shaper Pencil - Waterproof,SEPHORA COLLECTION,3.2125,160,12,Makeup,Eye
Beauty Amplifier Pore Primer,SEPHORA COLLECTION,3.6716,67,14,Makeup,Face
Clean Eye Mask,SEPHORA COLLECTION,4.1698,371,3.5,Skincare,Masks
Essential Mini Brush Set,SEPHORA COLLECTION,4.0667,15,20,Mini Size,Makeup
Clear Long-Lasting Brow Gel,SEPHORA COLLECTION,4.0909,319,12,Makeup,Eye
Sephora Colorful Gloss Balm Super Fruits,SEPHORA COLLECTION,4.1667,36,10,Makeup,Lip
Charcoal Brush Set,SEPHORA COLLECTION,4.1875,16,55,Makeup,Brushes & Applicators
Total Coverage Angled Sponge,SEPHORA COLLECTION,4.8994,159,12,Tools & Brushes,Brushes & Applicators
Reusable Makeup Sponge Case,SEPHORA COLLECTION,4.6,25,8,Makeup,Brushes & Applicators
Targeted Pores Serum with BHA + PHA,SEPHORA COLLECTION,4.6844,339,20,Skincare,Treatments
Total Coverage Blending Sponge Set,SEPHORA COLLECTION,4.5568,88,10,Tools & Brushes,Brushes & Applicators
Insta-Brow Waxy Brow Pencil,SEPHORA COLLECTION,4.232,625,12,Makeup,Eye
Melting Cleansing Balm Cleanse + Balance,SEPHORA COLLECTION,3.6314,331,12,Skincare,Cleansers
Targeted Dark Spots Serum with Enzymes,SEPHORA COLLECTION,4.6447,318,20,Skincare,Treatments
Mini PRO Foundation Brush #56.5,SEPHORA COLLECTION,4.1333,15,20,Mini Size,Makeup
Eyebrow Tool Set,SEPHORA COLLECTION,4.4545,11,20,Makeup,Accessories
Lip Sleeping Mask,SEPHORA COLLECTION,3.5475,316,5,Skincare,Lip Balms & Treatments
Trio Face Palette,SEPHORA COLLECTION,4.3088,68,15,Makeup,Makeup Palettes
Lilly Lashes x Sephora Collection Faux 3D Lashes,SEPHORA COLLECTION,4.7803,487,28,Makeup,Eye
PRO Powder Brush #59,SEPHORA COLLECTION,4.6943,265,34,Makeup,Brushes & Applicators
Smooth + Blur Primer,SEPHORA COLLECTION,4.6702,373,16,Makeup,Face
Triple Action Cleansing Water - Cleanse + Purify,SEPHORA COLLECTION,4.131,145,12,Makeup,Accessories
Retractable Face Brush,SEPHORA COLLECTION,4.2308,65,24,Makeup,Brushes & Applicators
PRO Foundation Brush #64,SEPHORA COLLECTION,4.0741,27,30,Makeup,Brushes & Applicators
Wishing You Outrageous Plump Intense Set,SEPHORA COLLECTION,4.1818,11,13,Makeup,Value & Gift Sets
Beauty on the Fly Reusable Bag,SEPHORA COLLECTION,4.7,60,4.95,Tools & Brushes,Beauty Accessories
Makeup Match Smudge Eyeshadow Brush,SEPHORA COLLECTION,4.2222,18,8,Makeup,Brushes & Applicators
One Two Lash Magnetic Lashes,SEPHORA COLLECTION,3.1055,218,69,Makeup,Eye
Dual Ended Lip Exfoliator and Applicator Tool,SEPHORA COLLECTION,3.6,25,10,Makeup,Lip
Mini Gloss: Dual Boar Bristle Brush,SEPHORA COLLECTION,4.0462,65,15,Hair,Tools
PRO Crease Brush #26,SEPHORA COLLECTION,4.75,16,20,Makeup,Brushes & Applicators
Sheer Matte Lip Balm,SEPHORA COLLECTION,3.7,50,10,Makeup,Lip
Mini Daily Brush Cleaner,SEPHORA COLLECTION,4.0645,31,10,Makeup,Brushes & Applicators
PRO Shadow Brush #18,SEPHORA COLLECTION,4.6429,14,20,Makeup,Brushes & Applicators
PRO Concealer Brush #45,SEPHORA COLLECTION,4.7886,175,22,Makeup,Brushes & Applicators
Wishing You Cream Lip Stain Set,SEPHORA COLLECTION,4.5263,19,30,Makeup,Lip
PRO Crease Brush #24,SEPHORA COLLECTION,4.3636,11,20,Makeup,Brushes & Applicators
Makeup Match Crease Eyeshadow Brush,SEPHORA COLLECTION,4.5952,42,8,Makeup,Brushes & Applicators
Big By Definition Defining & Volumizing Mascara,SEPHORA COLLECTION,3.9957,1383,12,Makeup,Eye
Satin Hydrating Lipstick,SEPHORA COLLECTION,4.7668,193,15,Makeup,Lip
Resurfacing Peel Mask,SEPHORA COLLECTION,4.8299,241,18,Skincare,Treatments
Vegan Makeup Remover and Cleansing Brush,SEPHORA COLLECTION,4.3651,241,14,Skincare,High Tech Tools
Dry Body Brush,SEPHORA COLLECTION,3.7209,43,16,Tools & Brushes,Brushes & Applicators
Face Serum,SEPHORA COLLECTION,3.3235,238,9,Skincare,Treatments
Hydrating Serum,SEPHORA COLLECTION,4.8445,238,20,Skincare,Treatments
Trio Contour Face Palette,SEPHORA COLLECTION,3.381,21,15,Makeup,Cheek
Metal Facial Razor,SEPHORA COLLECTION,4.4726,237,18,Skincare,High Tech Tools
Overnight Hydrating Mask,SEPHORA COLLECTION,4.8268,231,16,Skincare,Masks
PRO Highlight Brush #98,SEPHORA COLLECTION,4.375,8,30,Makeup,Brushes & Applicators
Mini Holiday Vibes Makeup Brush Set,SEPHORA COLLECTION,3.6667,6,15,Makeup,Brushes & Applicators
Total Coverage Blending Sponge Set,SEPHORA COLLECTION,3.4167,12,10,Makeup,Brushes & Applicators
Wishing You Blockbuster Multi-Use Makeup Palette,SEPHORA COLLECTION,3.9,10,36,Makeup,Eye
False Eyelash Applicator,SEPHORA COLLECTION,4.375,8,12,Tools & Brushes,Brushes & Applicators
Hand Balm with Shea Butter,SEPHORA COLLECTION,4.1228,57,6,Bath & Body,Body Moisturizers
Golden Hour Liquid Highlighter,SEPHORA COLLECTION,4.0139,72,14,Makeup,Face
Targeted Anti-Aging Bakuchiol Serum,SEPHORA COLLECTION,4.6,205,20,Skincare,Treatments
PRO Shadow Brush #15,SEPHORA COLLECTION,4.4878,82,20,Makeup,Brushes & Applicators
All Day Body Hydrator,SEPHORA COLLECTION,4.0141,213,17,Bath & Body,Body Moisturizers
Vitamin Mask,SEPHORA COLLECTION,4.4826,201,10,Skincare,Masks
Golden Hour Highlighter Duo,SEPHORA COLLECTION,4.12,25,18,Makeup,Face
Clean Liquid Lip Mousse,SEPHORA COLLECTION,4.3776,143,15,Makeup,Lip
Makeup Match Blush Brush,SEPHORA COLLECTION,4.7097,93,12,Tools & Brushes,Brushes & Applicators
Weekend Warrior Tone Up Cream,SEPHORA COLLECTION,3.602,98,16,Makeup,Face
Clean Charcoal Nose Strip,SEPHORA COLLECTION,3.0273,183,3,Skincare,Masks
Wishing You 8 Pan Eyeshadow Palette,SEPHORA COLLECTION,4.4,15,8,Makeup,Eye
Makeup Match Powder Brush,SEPHORA COLLECTION,4.2,40,18,Makeup,Brushes & Applicators
PRO Highlight Brush #87,SEPHORA COLLECTION,4.5,10,30,Makeup,Brushes & Applicators
Hand Wash,SEPHORA COLLECTION,3.5833,36,5,Bath & Body,Body Care
Mini Wishing You Blockbuster Palette,SEPHORA COLLECTION,3.2,10,20,Mini Size,Makeup
Fine Line Waterproof Felt Tip Liquid Eyeliner,SEPHORA COLLECTION,3.5812,117,14,Makeup,Eye
Smoothing Cleanser,SEPHORA COLLECTION,4.638,163,12,Skincare,Cleansers
Mini Blue Aventurine De-Puffing Facial Roller,SEPHORA COLLECTION,4.24,25,12,Mini Size,Skincare
Clean Solid Deodorants,SEPHORA COLLECTION,3.5474,190,8,Bath & Body,Body Care
Clean Foot Mask,SEPHORA COLLECTION,4.2692,156,5,Skincare,Masks
PRO Powder Brush #50 + #50.5 Brush Duo Set,SEPHORA COLLECTION,4.5,2,36,Makeup,Brushes & Applicators
Melting Cleansing Balm Cleanse + Balance,SEPHORA COLLECTION,4.0131,153,12,Skincare,Cleansers
PRO Shadow Brush #10,SEPHORA COLLECTION,4.5,10,20,Makeup,Brushes & Applicators
Blue Aventurine De-Puffing Facial Roller,SEPHORA COLLECTION,4.8993,149,20,Skincare,Wellness
Hand Sanitizer,SEPHORA COLLECTION,4.1515,33,3.5,Bath & Body,Body Care
Break Apart Brush Set,SEPHORA COLLECTION,2.9231,13,40,Makeup,Brushes & Applicators
False Eyelash Fuser,SEPHORA COLLECTION,4.5109,92,12,Makeup,Accessories
Volumizing Fiber Brow Gel,SEPHORA COLLECTION,3.3804,92,12,Makeup,Eye
Sephora Collection x Wet Brush Luxe Quick Dry,SEPHORA COLLECTION,4.7279,147,19,Hair,Tools
Rose Quartz Facial Roller,SEPHORA COLLECTION,3.7111,135,22,Skincare,Wellness
Hold It Together: No-Slip Bobby Pins,SEPHORA COLLECTION,4.4074,27,5,Hair,Tools
Eyelash Curler,SEPHORA COLLECTION,4.4256,195,15,Tools & Brushes,Beauty Tools
Body Oil Shower Body Oil,SEPHORA COLLECTION,3.6071,28,9,Bath & Body,Body Moisturizers
LashCraft Eyelash Primer,SEPHORA COLLECTION,3.7059,136,12,Makeup,Eye
Winter Wonderland Eye Brush Set,SEPHORA COLLECTION,3.6,5,25,Makeup,Brushes & Applicators
Mini Happy Hollydays Eye Brush Set,SEPHORA COLLECTION,5,2,15,Mini Size,Makeup
Jade Facial Roller,SEPHORA COLLECTION,4.8915,129,22,Skincare,Wellness
PRO Shadow Brush #14,SEPHORA COLLECTION,4.3553,76,20,Makeup,Brushes & Applicators
1 Minute Face Masks,SEPHORA COLLECTION,3.5124,121,12,Skincare,Masks
Clarifying Peel Pads,SEPHORA COLLECTION,4.6068,117,17,Skincare,Treatments
B.Y.O.B. Build Your Own Brow Customizable Set,SEPHORA COLLECTION,4.587,138,16,Makeup,Eye
Supplement Case,SEPHORA COLLECTION,3.7411,112,10,Skincare,Wellness
Total Coverage Original Sponge,SEPHORA COLLECTION,4.7529,170,12,Tools & Brushes,Brushes & Applicators
Feeling Groovy Mini Eye Brush Set,SEPHORA COLLECTION,4.5556,9,15,Makeup,Value & Gift Sets
Manicure Nail Tool Kit,SEPHORA COLLECTION,2.2857,14,24,Tools & Brushes,Beauty Tools
Tame: Infrared Flat Iron,SEPHORA COLLECTION,3.1094,128,85,Hair,Tools
Repairing Hair Mask,SEPHORA COLLECTION,4.6509,106,12,Hair,Hair Styling & Treatments
Wishing You 12 Pan Eyeshadow Palette,SEPHORA COLLECTION,4.5,20,15,Makeup,Eye
Makeup Match Powder Brush,SEPHORA COLLECTION,4.7927,82,18,Makeup,Brushes & Applicators
LashCraft Have It All Mascara,SEPHORA COLLECTION,2.2622,164,12,Makeup,Eye
Total Coverage Original Sponge,SEPHORA COLLECTION,4.2432,37,14,Makeup,Brushes & Applicators
PRO Crease Brush #27,SEPHORA COLLECTION,4.7143,7,20,Makeup,Brushes & Applicators
Ultra Glow Toner with Vitamins C + E,SEPHORA COLLECTION,4.5865,104,14,Skincare,Moisturizers
Mini Triple Action Cleansing Water - Cleanse + Purify,SEPHORA COLLECTION,3.9545,22,7,Mini Size,
Facial Cleansing Tool,SEPHORA COLLECTION,4.73,100,8,Skincare,High Tech Tools
Mini Wishing You Glossed Lip Gloss Set,SEPHORA COLLECTION,3.25,4,15,Mini Size,Makeup
Destinations Eye Palette,SEPHORA COLLECTION,3.9231,13,15,Makeup,Eye
4-IN-1 Interchangeable Brush Set,SEPHORA COLLECTION,4,9,20,Tools & Brushes,Brushes & Applicators
Feeling Groovy Sponge Set,SEPHORA COLLECTION,4.125,8,12,Makeup,Value & Gift Sets
SUPERMASK - The Charcoal Mask,SEPHORA COLLECTION,3.7614,88,5.5,Skincare,Masks
Hydrating Leave In Conditioner,SEPHORA COLLECTION,4.4512,82,12,Hair,Hair Styling & Treatments
Crystal Facial Roller Set,SEPHORA COLLECTION,4.1176,85,35,Skincare,Wellness
4 Piece Facial Razor Set,SEPHORA COLLECTION,3.44,75,12,Skincare,High Tech Tools
Makeup Match Body Makeup Brush,SEPHORA COLLECTION,5,6,18,Makeup,Brushes & Applicators
Mini Clean Cleansing & Gentle Exfoliating Wipes,SEPHORA COLLECTION,3.1961,51,3,Mini Size,Skincare
PRO Shadow Brush #13,SEPHORA COLLECTION,4.3333,6,20,Makeup,Brushes & Applicators
Golden Hour All Over Illuminator,SEPHORA COLLECTION,2.6087,23,15,Makeup,Face
Hanging Makeup Organizer Bag,SEPHORA COLLECTION,5,10,35,Makeup,Accessories
Protective Hair Oil with Moringa Oil,SEPHORA COLLECTION,4.2,10,15,Hair,Hair Styling & Treatments
Clean Hand Mask,SEPHORA COLLECTION,3.6818,66,5,Skincare,Masks
Gradual Self-Tanning Face Gel,SEPHORA COLLECTION,3.8308,65,17,Skincare,Sunscreen
Clarifying Serum,SEPHORA COLLECTION,4.2222,63,20,Skincare,Treatments
Reusable Cotton Pads,SEPHORA COLLECTION,3.8246,57,10,Skincare,Cleansers
Pores Target Serum,SEPHORA COLLECTION,4.1818,55,20,Skincare,Treatments
Boost + Lock Eyeshadow Primer,SEPHORA COLLECTION,4.1327,113,12,Makeup,Eye
SC X Wetbrush Mini Detangler Hair Brush,SEPHORA COLLECTION,4.4545,11,7,Tools & Brushes,Hair Tools
All Day Body Hydrator with Shea Butter,SEPHORA COLLECTION,4.2333,30,18,Bath & Body,Body Moisturizers
Vitamin Tonic,SEPHORA COLLECTION,4.6875,48,6,Skincare,Cleansers
Firming Night Cream with Peptides,SEPHORA COLLECTION,4.0217,46,18,Skincare,Moisturizers
Holiday Surprise Makeup Gift Set,SEPHORA COLLECTION,5,2,10,Makeup,Face
#Lipstories Set,SEPHORA COLLECTION,3.25,4,18,Makeup,Lip
Illuminating Hydrator - Radiance + Smoothing,SEPHORA COLLECTION,3.3261,46,17,Skincare,Moisturizers
Firming Eye Cream with Peptides,SEPHORA COLLECTION,4.1364,44,18,Skincare,Eye Care
Facial Razor Set,SEPHORA COLLECTION,4.4146,41,12,Skincare,High Tech Tools
Mini Rose Quartz Facial Roller,SEPHORA COLLECTION,3.7,40,12,Skincare,Wellness
Black Obsidian Face and Body Gua Sha,SEPHORA COLLECTION,4,40,14,Skincare,High Tech Tools
AHA Peeling Masks,SEPHORA COLLECTION,3.6923,39,10,Skincare,Masks
2-in-1 Brush-on Lash Adhesive,SEPHORA COLLECTION,2.8182,11,8,Makeup,Eye
Eyebrow Razor Set,SEPHORA COLLECTION,2.1739,23,10,Makeup,Eye
Face Mask Applicator,SEPHORA COLLECTION,4.3684,38,10,Skincare,Masks
Mini Color Hit Nail Polish Set,SEPHORA COLLECTION,3.1667,6,15,Mini Size,Makeup
Glow Body Cream,SEPHORA COLLECTION,3.7308,26,17,Bath & Body,Body Moisturizers
Clean Hemp Mask,SEPHORA COLLECTION,3.8889,36,5.5,Skincare,Masks
Targeted Dark Spots Serum,SEPHORA COLLECTION,3.6111,36,20,Skincare,Treatments
3-Piece Travel Pouch Set,SEPHORA COLLECTION,5,2,12,Makeup,Accessories
Grapefruit Peeling Mask - Skin Perfection,SEPHORA COLLECTION,3.4444,36,8,Skincare,Masks
Vitamin Eye Masks,SEPHORA COLLECTION,3.9118,34,3.5,Skincare,Eye Care
Air Dry Styling Cream,SEPHORA COLLECTION,4.2632,57,12,Hair,Hair Styling & Treatments
The Clarifying Kit,SEPHORA COLLECTION,4.6667,33,20,Skincare,Value & Gift Sets
Total Coverage Angled Sponge,SEPHORA COLLECTION,2.5161,31,14,Makeup,Brushes & Applicators
Colorful Gloss Balm Feeling Groovy,SEPHORA COLLECTION,4.8,10,10,Makeup,Lip
Cozy Vibes Mini Candle Set,SEPHORA COLLECTION,1,4,18,Mini Size,Fragrance
Self-Tanning Body Mousse,SEPHORA COLLECTION,3.4839,31,18,Skincare,Self Tanners
Nail Prep Set,SEPHORA COLLECTION,4.3333,6,20,Makeup,Nail
Fringe False Eyelash & Glue Set,SEPHORA COLLECTION,5,3,12,Makeup,Eye
Sephora Collection x Wet Brush Luxe Detangler,SEPHORA COLLECTION,4.529,138,19,Hair,Tools
Glow Peel Pads with AHA + PHA,SEPHORA COLLECTION,4.5862,29,17,Skincare,Treatments
Clarifying Lotion,SEPHORA COLLECTION,3.6207,29,16,Skincare,Treatments
Rose Gold Romance Brow & Lash Set,SEPHORA COLLECTION,3.2,5,38,Makeup,Eye
SC x Wetbrush Detangling Shower Hair Comb,SEPHORA COLLECTION,3.8333,6,9,Tools & Brushes,Hair Tools
Targeted Wrinkle Serum,SEPHORA COLLECTION,4.3571,28,20,Skincare,Treatments
Lip Gloss Ornament,SEPHORA COLLECTION,5,2,5,Makeup,Value & Gift Sets
Clean Watermelon After Sun Mask,SEPHORA COLLECTION,4.6667,27,5,Skincare,Masks
Wishing You Eye Makeup Set,SEPHORA COLLECTION,4,5,22,Makeup,Eye
Everyday Cosmetic Bag,SEPHORA COLLECTION,5,5,25,Makeup,Accessories
Hemp Mousse Mask - Anti-Blemish,SEPHORA COLLECTION,3.5769,26,8,Skincare,Masks
SC X Wetbrush Treatment Hair Brush,SEPHORA COLLECTION,4.3333,3,19,Tools & Brushes,Hair Tools
BOUNCE: Round Thermal Brush,SEPHORA COLLECTION,3.4,10,18,Hair,Tools
Makeup Match Concealer Brush,SEPHORA COLLECTION,4.5385,91,10,Tools & Brushes,Brushes & Applicators
Lilly Lashes x Sephora Collection–The Bestsellers 3D Faux Mink Lash Set,SEPHORA COLLECTION,5,1,35,Makeup,Eye
Brightening Dual Facial Enzyme Exfoliator,SEPHORA COLLECTION,4.125,24,14,Skincare,Cleansers
Angled False Eyelash Applicator,SEPHORA COLLECTION,5,1,14,Tools & Brushes,Brushes & Applicators
Clean Peeling Mask,SEPHORA COLLECTION,4.4545,22,5.5,Skincare,Masks
Mattify + Refine Primer,SEPHORA COLLECTION,3.45,20,16,Makeup,Face
3-in-1 Extractor Tool,SEPHORA COLLECTION,3.3,20,20,Skincare,Treatments
Metal Facial Razor Refills,SEPHORA COLLECTION,4.4,20,10,Skincare,High Tech Tools
Clarifying Toner with Niacinamide and Zinc,SEPHORA COLLECTION,4.4444,18,14,Skincare,Cleansers
The Hydrating Kit,SEPHORA COLLECTION,4.3333,18,20,Skincare,Value & Gift Sets
Resurfacing Sugar Body Scrub,SEPHORA COLLECTION,5,4,18,Bath & Body,Bath & Shower
Moisturizing Body Lotion Body Care,SEPHORA COLLECTION,3.8889,9,7,Bath & Body,Body Moisturizers
Sephora City Reusable Water Bottle,SEPHORA COLLECTION,2.9412,17,8,Skincare,Wellness
Flirty Flash Eyelash & Glue Set,SEPHORA COLLECTION,,,12,Makeup,Eye
Hair Primer,SEPHORA COLLECTION,4.2609,23,12,Hair,Hair Styling & Treatments
Firming Day Moisturizer with Peptides,SEPHORA COLLECTION,2.9375,16,18,Skincare,Moisturizers
Big By Definition Defining & Volumizing Waterproof Mascara,SEPHORA COLLECTION,2.6842,19,12,Makeup,Eye
Total Coverage Charcoal Sponge,SEPHORA COLLECTION,3,13,14,Makeup,Brushes & Applicators
Vitamin Face Masks,SEPHORA COLLECTION,4.4,15,5.5,Skincare,Masks
Refresh Scented Candle,SEPHORA COLLECTION,3.5,12,18,Fragrance,Candles & Home Scents
Mattifying Blotting Papers,SEPHORA COLLECTION,2.8667,15,4,Skincare,Cleansers
Strengthening Shampoo with Biotin,SEPHORA COLLECTION,2.7,20,12,Hair,Shampoo & Conditioner
Pop Fizz Scented Candle,SEPHORA COLLECTION,3.5,16,18,Fragrance,Candles & Home Scents
Makeup Match All-over Eyeshadow Brush,SEPHORA COLLECTION,3.75,4,8,Makeup,Brushes & Applicators
Bloom Scented Candle,SEPHORA COLLECTION,3.1111,9,18,Fragrance,Candles & Home Scents
Reusable 3-Piece Grey Face Mask Set,SEPHORA COLLECTION,4.0769,13,15,Skincare,Wellness
Vitamin C Skincare Set,SEPHORA COLLECTION,4.5833,12,15,Skincare,Value & Gift Sets
Dry Shampoo,SEPHORA COLLECTION,3.5,20,12,Hair,Hair Styling & Treatments
Strengthening Conditioner with Biotin,SEPHORA COLLECTION,3.7,10,12,Hair,Shampoo & Conditioner
Large Supplement Case,SEPHORA COLLECTION,4,11,15,Skincare,Wellness
Prebiotic Smoothie Mask,SEPHORA COLLECTION,4.0909,11,8,Skincare,Masks
Double-Ended Textured Facial Roller,SEPHORA COLLECTION,3.6,10,24,Skincare,Wellness
Mini Cleansing Wipes - Coconut Water,SEPHORA COLLECTION,4.3,10,3,Skincare,Cleansers
Sigma x Sephora Brush Cleanser,SEPHORA COLLECTION,4.25,4,19,Makeup,Brushes & Applicators
Gradual Tanning Drops Face & Body,SEPHORA COLLECTION,3.25,8,16,Skincare,Self Tanners
Rose Quartz Gua Sha,SEPHORA COLLECTION,3.2857,7,14,Skincare,Wellness
Germanium Stone Facial Massager,SEPHORA COLLECTION,4.8571,7,28,Skincare,Wellness
Eyebrow Razor Set,SEPHORA COLLECTION,4.1429,7,8,Skincare,High Tech Tools
Clean 1 Minute Face Masks,SEPHORA COLLECTION,1.8571,7,12,Skincare,Masks
Ultra Glow Mask with Vitamins C + E,SEPHORA COLLECTION,4.5,6,16,Skincare,Masks
Sulfate-free Shampoo,SEPHORA COLLECTION,2.8125,32,12,Hair,Shampoo & Conditioner
Best Sellers Set,SEPHORA COLLECTION,4.3333,6,20,Skincare,Value & Gift Sets
Face Dry Brush,SEPHORA COLLECTION,5,1,14,Tools & Brushes,Brushes & Applicators
Depart Scented Candle,SEPHORA COLLECTION,2.125,8,18,Fragrance,Candles & Home Scents
Facial Cooling Wands,SEPHORA COLLECTION,4,4,28,Skincare,High Tech Tools
Bath Bomb Bath Fizzy,SEPHORA COLLECTION,2.1053,19,3,Bath & Body,Bath & Shower
Total Coverage Body Makeup Sponge,SEPHORA COLLECTION,4,4,14,Makeup,Brushes & Applicators
Wishing You Essentials Skincare Kit,SEPHORA COLLECTION,3.6667,3,20,Skincare,Value & Gift Sets
Color Safe Conditioner,SEPHORA COLLECTION,2.1429,21,12,Hair,Shampoo & Conditioner
Lip Sleeping Mask,SEPHORA COLLECTION,3.6667,3,5,Skincare,Lip Balms & Treatments
Deluxe Facial Roller Set,SEPHORA COLLECTION,3.5,2,40,Skincare,Wellness
Crystal Facial Roller Set,SEPHORA COLLECTION,4,2,35,Skincare,Wellness
Feeling Groovy Yellow Jade Eye Massager Set,SEPHORA COLLECTION,5,2,18,Skincare,Wellness
Clarifying Peel Pads Purify + Exfoliate,SEPHORA COLLECTION,5,1,17,Skincare,Treatments
Acne Treatment Gel,SEPHORA COLLECTION,5,1,20,Skincare,Treatments
Heart Gift Card,SEPHORA COLLECTION,4.8571,7,50,Gifts,
Lips Gift Card,SEPHORA COLLECTION,5,1,50,Gifts,
Makeup Match Brush,SEPHORA COLLECTION,4.2857,7,12,Makeup,Brushes & Applicators
Gift Card,SEPHORA COLLECTION,4.2791,43,50,Gifts,
Happy Birthday Gift Card,SEPHORA COLLECTION,4.1176,17,50,Gifts,
Sephora Favorites Hello!— Beauty Game Changers,Sephora Favorites,4.0319,94,10,Fragrance,Value & Gift Sets
Mini Luxury Perfume Sampler,Sephora Favorites,4.0769,26,80,Fragrance,Value & Gift Sets
Luxe Vibes Luxury Beauty Sampler Set,Sephora Favorites,2.9524,21,65,Makeup,Value & Gift Sets
Hottest in Haircare,Sephora Favorites,4.6129,31,35,Hair,Value & Gift Sets
Perfume Sampler Gift Set,Sephora Favorites,3.9474,38,28,Fragrance,Value & Gift Sets
Mini Perfume Sampler Set,Sephora Favorites,3.375,24,72,Fragrance,Value & Gift Sets
Bestsellers Perfume Discovery Set,Sephora Favorites,4.0357,28,25,Fragrance,Value & Gift Sets
Retinol Reform Treatment Serum,Shani Darden Skin Care,4.2569,1012,88,Skincare,Treatments
Mini Retinol Reform,Shani Darden Skin Care,4.2569,1012,30,Skincare,Mini Size
Cleansing Serum,Shani Darden Skin Care,4.5938,325,38,Skincare,Cleansers
Intensive Eye Renewal Cream with Firming Peptides,Shani Darden Skin Care,4.2087,254,68,Skincare,Eye Care
Lactic Acid AHA Exfoliating Serum,Shani Darden Skin Care,4.6299,254,88,Skincare,Treatments
Weightless Oil-Free Moisturizer,Shani Darden Skin Care,4.2571,140,48,Skincare,Moisturizers
Facial Sculpting Wand,Shani Darden Skin Care,4.5462,130,399,Skincare,High Tech Tools
Triple Acid Signature Peel,Shani Darden Skin Care,4.876,129,125,Skincare,Treatments
Sake Toning Essence,Shani Darden Skin Care,4.4444,99,52,Skincare,Moisturizers
Shani Darden by Déesse PRO LED Light Mask,Shani Darden Skin Care,3.75,4,1900,Skincare,High Tech Tools
Hydra Prep Soothing & Hydrating Gel,Shani Darden Skin Care,,,38,Skincare,Moisturizers
Ultimate Sun Protector Lotion SPF 50+ Sunscreen,Shiseido,4.4864,2936,50,Skincare,Sunscreen
Facial Cotton,Shiseido,4.8284,2827,13,Skincare,Cleansers
Eyelash Curler,Shiseido,4.393,2234,24,Tools & Brushes,Beauty Tools
Clear Sunscreen Stick SPF 50+,Shiseido,4.6566,1529,30,Skincare,Sunscreen
Benefiance Wrinkle Smoothing Eye Cream,Shiseido,4.3298,1422,64,Skincare,Eye Care
Urban Environment Oil-Free Sunscreen Broad-Spectrum SPF 42,Shiseido,4.4533,1337,50,Skincare,Sunscreen
Synchro Skin Self-Refreshing Foundation SPF 30,Shiseido,4.2702,1928,47,Makeup,Face
Urban Environment Fresh-Moisture Sunscreen Broad-Spectrum SPF 42,Shiseido,4.6311,1190,38,Skincare,Sunscreen
Benefiance Wrinkle Smoothing Cream Enriched,Shiseido,4.5776,947,75,Skincare,Moisturizers
Benefiance Wrinkle Smoothing Retinol Serum,Shiseido,4.5806,937,75,Skincare,Treatments
Essential Energy Hydrating Day Cream Broad Spectrum SPF 20,Shiseido,4.5518,926,50,Skincare,Moisturizers
Ultimune Power Infusing Anti-Aging Serum,Shiseido,4.5483,870,75,Skincare,Treatments
Full Lash and Brow Serum,Shiseido,3.9681,533,36,Makeup,Eye
Synchro Skin Self-Refreshing Concealer,Shiseido,4.4394,1311,31,Makeup,Face
Ultimate Sun Protector Cream SPF 50+ Face Sunscreen,Shiseido,4.276,605,40,Skincare,Sunscreen
MicroLiner Ink Eyeliner,Shiseido,4.1553,219,22,Makeup,Eye
Synchro Skin Radiant Lifting Foundation SPF 30,Shiseido,4.4676,1512,47,Makeup,Face
Urban Environment Vita-Clear Sunscreen SPF 42,Shiseido,4.6126,555,38,Skincare,Sunscreen
VisionAiry Gel Lipstick,Shiseido,4.5687,211,26,Makeup,Lip
Benefiance WrinkleResist24 Pure Retinol Express Smoothing Eye Mask,Shiseido,4.422,500,70,Skincare,Eye Care
Urban Environment Oil-Free Mineral Sunscreen Broad-Spectrum SPF 42,Shiseido,4.3072,485,38,Skincare,Sunscreen
Essential Energy Hydrating Cream,Shiseido,4.5465,452,50,Skincare,Moisturizers
"Kajal Ink Artist Shadow, Liner, Brow",Shiseido,4.3136,118,25,Makeup,Eye
White Lucent Anti-Dark Circles Eye Cream,Shiseido,3.5878,393,65,Skincare,Eye Care
Synchro Skin Self-Refreshing Tint SPF 20,Shiseido,4.4185,1723,43,Makeup,Face
Bio-Performance Advanced Super Revitalizing Cream,Shiseido,4.5335,358,85,Skincare,Moisturizers
Hanatsubaki Hake Polishing Face Brush,Shiseido,4.8235,51,49,Makeup,Brushes & Applicators
Color Gel Lip Balm,Shiseido,4.2353,51,26,Makeup,Lip
Synchro Skin Soft Blurring Primer,Shiseido,4.3375,1360,36,Makeup,Face
Ultra Sun Protection Lotion Broad Spectrum SPF 50+ WetForce for Sensitive Skin & Children,Shiseido,3.1858,226,42,Skincare,Sunscreen
Daiya Fude Face Brush Duo,Shiseido,3.9535,43,40,Makeup,Brushes & Applicators
Benefiance Wrinkle Smoothing Day Cream SPF 23,Shiseido,4.5121,207,75,Skincare,Moisturizers
Synchro Skin Self-Refreshing Custom Finish Powder Foundation,Shiseido,4.3839,1193,45,Makeup,Face
Benefiance Wrinkle Smoothing Cream,Shiseido,4.6037,164,75,Skincare,Moisturizers
Perfect Cleansing Oil,Shiseido,4.4514,144,35,Skincare,Cleansers
Ultimate Sun Protection Spray Broad Spectrum SPF 50+ For Face/Body,Shiseido,3.8175,137,40,Skincare,Sunscreen
Clarifying Cleansing Foam,Shiseido,4.2455,110,36,Skincare,Cleansers
White Lucent Power Brightening Mask,Shiseido,4.2532,79,72,Skincare,Masks
Benefiance Pure Retinol Intensive Revitalizing Face Mask,Shiseido,4.45,60,70,Skincare,Masks
Mini Urban Environment Oil-Free Sunscreen Broad-Spectrum SPF 42,Shiseido,4.4348,46,35,Skincare,Sunscreen
Deep Cleansing Foam,Shiseido,4.1957,46,36,Skincare,Cleansers
Future Solution LX Eye and Lip Contour Regenerating Cream,Shiseido,4.0833,36,155,Skincare,Eye Care
Benefiance NutriPerfect Night Cream,Shiseido,4.4722,36,97,Skincare,Moisturizers
Refreshing Cleansing Sheets,Shiseido,4.1765,34,20,Skincare,Cleansers
White Lucent Brightening Gel Cream,Shiseido,3.4848,33,75,Skincare,Moisturizers
Oil Control Blotting Paper,Shiseido,3.9697,33,20,Skincare,Cleansers
Treatment Softener Enriched,Shiseido,4.3077,26,50,Skincare,Moisturizers
Future Solution LX Extra Rich Cleansing Foam,Shiseido,4.3043,23,65,Skincare,Cleansers
Complete Cleansing Microfoam,Shiseido,4.087,23,36,Skincare,Cleansers
White Lucent Overnight Cream & Mask,Shiseido,3.2727,22,110,Skincare,Moisturizers
Extra Rich Cleansing Milk,Shiseido,4.2381,21,36,Skincare,Cleansers
Vital Perfection Uplifting and Firming Cream Day Cream,Shiseido,4.5263,19,140,Skincare,Moisturizers
Future Solution LX Concentrated Balancing Softener,Shiseido,4.9375,16,110,Skincare,Moisturizers
White Lucent Day Emulsion Broad Spectrum SPF 23,Shiseido,3.5,16,75,Skincare,Sunscreen
Future Solution LX Total Regenerating Cream,Shiseido,3.75,12,290,Skincare,Moisturizers
Treatment Softener,Shiseido,3.25,12,50,Skincare,Moisturizers
Ultimate Sun Protector SPF 50+ Sunscreen Duo,Shiseido,4.4,10,66,Skincare,Value & Gift Sets
Mini Benefiance Wrinkle Smoothing Cream Enriched,Shiseido,3.7143,7,30,Skincare,Mini Size
Vital Perfection Uplifting and Firming Eye Cream,Shiseido,4,5,85,Skincare,Eye Care
Future Solution LX Intensive Firming Contour Serum,Shiseido,4.4,5,310,Skincare,Treatments
White Lucent Illuminating Micro-Spot Serum,Shiseido,3,2,185,Skincare,Treatments
Future Solution LX Total Protective Cream Broad Spectrum SPF 20 Sunscreen,Shiseido,5,2,270,Skincare,Sunscreen
Future Solution LX Total Protective Emulsion Broad Spectrum SPF 20 Sunscreen,Shiseido,4,2,270,Skincare,Sunscreen
Vital Perfection Intensive WrinkleSpot Treatment,Shiseido,,,100,Skincare,Treatments
Wrinkle Correcting Skincare Set,Shiseido,,,64,Skincare,Value & Gift Sets
Daily Hydrating Sun Protection Set,Shiseido,,,52,Skincare,Value & Gift Sets
Wrinkle Smoothing Starter Set,Shiseido,,,39,Skincare,Value & Gift Sets
Eudermine Activating Essence,Shiseido,,,90,Skincare,Moisturizers
Mini Essential Energy Hydrating Cream,Shiseido,,,30,Mini Size,Skincare
Ultimune Eye Power Infusing Eye Concentrate,Shiseido,,,70,Skincare,Eye Care
Vital Perfection Uplifting and Firming Day Cream SPF 30,Shiseido,,,140,Skincare,Moisturizers
Essence Absolue Nourishing Protective Hair Oil,shu uemura,4.7291,358,69,Hair,Hair Styling & Treatments
Mini Essence Absolue Nourishing Protective Oil,shu uemura,4.6975,400,28,Hair,Hair Styling & Treatments
Ultimate Reset Hair Mask for Very Damaged Hair,shu uemura,4.6617,399,72,Hair,Hair Styling & Treatments
Essence Absolue Overnight Nourishing Hair Treatment,shu uemura,4.6262,305,69,Hair,Hair Styling & Treatments
Izumi Tonic Strengthening Rice Water Treatment,shu uemura,4.2208,154,58,Hair,Hair Styling & Treatments
Urban Moisture Deep Hydration Treatment Mask for Dry Hair,shu uemura,4.6923,143,72,Hair,Hair Styling & Treatments
Urban Moisture Deep Hydration Shampoo for Dry Hair,shu uemura,4.4141,256,52,Hair,Shampoo & Conditioner
Ultimate Reset Shampoo for Very Damaged Hair,shu uemura,4.5045,333,52,Hair,Shampoo & Conditioner
Silk Bloom Treatment Hair Mask for Damaged Hair,shu uemura,4.3333,33,72,Hair,Hair Styling & Treatments
Color Lustre Sulfate-Free Shampoo for Color-Treated Hair,shu uemura,4.4542,306,52,Hair,Shampoo & Conditioner
Ultimate Reset Serum for Damaged Hair,shu uemura,4.4865,111,42,Hair,Hair Styling & Treatments
Urban Moisture Hydro-Nourishing Conditioner,shu uemura,4.5714,238,62,Hair,Shampoo & Conditioner
Ultimate Reset Conditioner for Very Damaged Hair,shu uemura,4.4899,149,62,Hair,Shampoo & Conditioner
Mini Izumi Tonic Strengthening Rice Water Treatment,shu uemura,4.2208,154,28,Hair,Hair Styling & Treatments
Netsu Design Blow Dry Cream,shu uemura,4.5957,141,42,Hair,Hair Styling & Treatments
Tsuki Shape Heat-Activated Blow Dry Spray,shu uemura,4.4444,81,42,Hair,Hair Styling & Treatments
Yūbi Blonde Anti-Brass Purple Shampoo for Blonde Hair,shu uemura,4.6011,188,52,Hair,Shampoo & Conditioner
Yūbi Blonde Anti-Brass Purple Mask for Blonde Hair,shu uemura,4.5455,198,72,Hair,Hair Styling & Treatments
Essence Absolue Nourishing Oil-In-Cream Camellia Hair Oil,shu uemura,4.2632,19,48,Hair,Hair Styling & Treatments
Color Lustre Treatment Hair Mask for Color-Treated Hair,shu uemura,4.5507,69,72,Hair,Hair Styling & Treatments
Wata Wave Dry Texturizing Hair Spray,shu uemura,4.4694,147,42,Hair,Hair Styling & Treatments
Muroto Volume Lightweight Care Shampoo For Fine Hair,shu uemura,4.35,80,52,Hair,Shampoo & Conditioner
Awa Volume Volumizing Mousse,shu uemura,4.4444,81,42,Hair,Hair Styling & Treatments
Shiki Worker Multi-Benefit Hair Primer,shu uemura,4.5986,147,42,Hair,Hair Styling & Treatments
Muroto Volume Hydro-Texturizing Mist For Fine Hair,shu uemura,3.5714,7,42,Hair,Hair Styling & Treatments
Kaze Wave Curl and Wave Defining Hair Mousse,shu uemura,4.3187,160,42,Hair,Hair Styling & Treatments
Silk Bloom Shampoo for Damaged Hair,shu uemura,4.2778,18,52,Hair,Shampoo & Conditioner
Ashita Supreme Strengthening Leave-In Treatment for Damaged Hair,shu uemura,4.3158,76,69,Hair,Hair Styling & Treatments
Color Lustre Conditioner for Color-Treated Hair,shu uemura,4.3257,218,62,Hair,Shampoo & Conditioner
Ishi Sculpt Texturizing & Sculpting Hair Paste,shu uemura,4.541,61,45,Hair,Hair Styling & Treatments
Ashita Supreme Purifying Sea Salt Scalp Scrub,shu uemura,4.6,125,69,Hair,Shampoo & Conditioner
Silk Bloom Conditioner for Damaged Hair,shu uemura,4.1538,13,62,Hair,Shampoo & Conditioner
Tsuyu Sleek Blow Dry Hair Oil,shu uemura,4.5278,72,42,Hair,Hair Styling & Treatments
Moya Hold Finishing Hair Spray,shu uemura,4.5441,68,42,Hair,Hair Styling & Treatments
Yūbi Blonde Nourishing Conditioner for Blonde Hair,shu uemura,4.5662,136,62,Hair,Shampoo & Conditioner
Gentle Radiance Clarifying Shampoo for All Scalp & Hair Types,shu uemura,4.4948,97,59,Hair,Shampoo & Conditioner
Muroto Volume Lightweight Care Treatment For Fine Hair,shu uemura,4.4225,71,72,Hair,Hair Styling & Treatments
Yūbi Blonde Nourishing Shampoo for Blonde Hair,shu uemura,4.6242,149,52,Hair,Shampoo & Conditioner
Essence Absolue Multi-Purpose All-in-Oil Hair Milk,shu uemura,4,3,46,Hair,Hair Styling & Treatments
Ashita Supreme Strengthening Mask for Damaged Hair,shu uemura,4.1667,72,72,Hair,Hair Styling & Treatments
Muroto Volume Lightweight Care Conditioner For Fine Hair,shu uemura,3.4444,9,62,Hair,Shampoo & Conditioner
Ashita Supreme Strengthening Shampoo for Damaged Hair,shu uemura,4.3239,71,52,Hair,Shampoo & Conditioner
Ashita Supreme Strengthening Conditioner for Damaged Hair,shu uemura,4.2581,62,62,Hair,Shampoo & Conditioner
Velvet Blur Matte Lipstick Balm,SIMIHAZE BEAUTY,4.5221,113,36,Makeup,Lip
Sun Flush All-Over Face Tint Liquid Blush,SIMIHAZE BEAUTY,4.7273,99,35,Makeup,Cheek
Mini Super Slick Tinted Lip Balm,SIMIHAZE BEAUTY,1.6667,33,24,Makeup,Lip
Solar Tint Cream Blush Duo,SIMIHAZE BEAUTY,3.375,8,42,Makeup,Cheek
Lunar Lip Gel Lip Gloss,SIMIHAZE BEAUTY,2.1429,7,30,Makeup,Lip
Easy Lash Clean Lift Tubing Mascara,SIMIHAZE BEAUTY,3.1667,6,30,Makeup,Eye
Eye Play Gem Sticker Pack,SIMIHAZE BEAUTY,3.6667,3,38,Makeup,Accessories
Facial Treatment Essence (Pitera Essence),SK-II,4.081,2951,245,Skincare,Moisturizers
Mini Facial Treatment Essence (Pitera Essence),SK-II,4.0807,2949,99,Skincare,Moisturizers
Facial Treatment Clear Lotion Toner,SK-II,4.0959,1001,80,Skincare,Cleansers
Facial Treatment Cleanser,SK-II,4.1306,919,75,Skincare,Cleansers
SKINPOWER Airy Milky Lotion,SK-II,4.2647,831,170,Skincare,Moisturizers
SKINPOWER Eye Cream,SK-II,4.3226,747,145,Skincare,Eye Care
SKINPOWER Cream,SK-II,4.1878,442,255,Skincare,Moisturizers
Pitera Facial Treatment Mask,SK-II,4.2972,434,145,Skincare,Masks
GenOptics Aura Essence Serum,SK-II,4.0758,132,245,Skincare,Moisturizers
GenOptics Spot Essence Serum,SK-II,4.1346,104,225,Skincare,Moisturizers
PITERA First Experience Kit,SK-II,3.9146,82,99,Skincare,Value & Gift Sets
Brightening Derm Revival Mask,SK-II,4.4194,62,170,Skincare,Masks
Ultimate Revival Cream,SK-II,4.4667,60,400,Skincare,Moisturizers
Pitera Power Kit,SK-II,4.0588,17,110,Skincare,Value & Gift Sets
Ultimate Revival Essence,SK-II,4.5455,11,315,Skincare,Moisturizers
SKINPOWER Essence Serum,SK-II,4,6,205,Skincare,Moisturizers
Gentle Foaming Face Wash,Skin Laundry,4.2526,194,20,Skincare,Cleansers
Wrinkle Release Facial Sheet Mask,Skin Laundry,4.5,8,12,Skincare,Masks
Wrinkle Release Neck & Chest Sheet Mask,Skin Laundry,3.25,4,15,Skincare,Masks
Barrier+ Triple Lipid-Peptide Face Cream,Skinfix,4.2924,2449,54,Skincare,Moisturizers
Mini Barrier+ Triple Lipid-Peptide Face Cream,Skinfix,4.2924,2449,20,Skincare,Moisturizers
Resurface+ Glycolic and Lactic Acid Renewing Body Scrub,Skinfix,4.5769,761,32,Bath & Body,Bath & Shower
Resurface+ AHA Renewing Body Cream,Skinfix,4.5741,702,48,Bath & Body,Body Moisturizers
Barrier+ Foaming Oil Hydrating Cleanser,Skinfix,4.5791,993,30,Skincare,Cleansers
Barrier+ Triple Lipid-Boost 360° Brightening Eye Cream,Skinfix,4.3169,934,44,Skincare,Eye Care
Barrier+ Skin Barrier Niacinamide Restoring Gel Cream,Skinfix,4.5273,768,48,Skincare,Moisturizers
Barrier+ Triple Lipid-Peptide Lotion Moisturizer,Skinfix,4.6503,569,42,Skincare,Moisturizers
Resurface+ AHA/BHA Niacinamide Exfoliating Pads for Face and Targeted Body,Skinfix,4.3713,501,50,Skincare,Treatments
Eczema+ Hand Repair Cream,Skinfix,4.4588,425,20,Bath & Body,Body Moisturizers
Eczema+ Dermatitis Face Balm,Skinfix,4.2109,460,29,Skincare,Moisturizers
Barrier+ Triple Lipid + Collagen + Niacinamide Activating Serum,Skinfix,4.8242,455,69,Skincare,Treatments
Acne+ 2% BHA + Azelaic Acid + Niacinamide + AHA Cleanser,Skinfix,4.5648,432,35,Skincare,Cleansers
Acne+ 2% BHA and Azelaic Acid Acne Spot Treatment,Skinfix,4.6306,425,30,Skincare,Treatments
Barrier+ Triple Lipid-Hyaluronate Serum,Skinfix,4.6381,420,50,Skincare,Treatments
barrier+ Triple Lipid + Collagen Brightening Eye Treatment,Skinfix,4.7984,258,54,Skincare,Eye Care
Eczema+ Foaming Oil Body Wash,Skinfix,4.1301,123,27,Bath & Body,Bath & Shower
Barrier+ Lipid-Boost Body Cream,Skinfix,4.6382,152,48,Bath & Body,Body Moisturizers
Redness Recovery+ Antioxidant Redness Treatment Overnight Mask,Skinfix,4.1577,241,52,Skincare,Masks
Eczema+ Extra Strength Body Cream,Skinfix,4.5982,112,39,Bath & Body,Body Moisturizers
Eczema+ Care Kit,Skinfix,4.2,115,35,Skincare,Value & Gift Sets
Barrier+ Besties Hydrating and Nourishing Kit,Skinfix,4.7162,74,40,Skincare,Value & Gift Sets
Barrier+ Foaming Clay Cleanser,Skinfix,4.4493,69,32,Skincare,Cleansers
Eczema+ Targeted Body Balm,Skinfix,4.3786,103,27,Bath & Body,Body Moisturizers
Barrier+ Lip Repair Balm,Skinfix,3.0462,65,15,Skincare,Lip Balms & Treatments
Remedy+ 911 Ointment,Skinfix,3.7,20,28,Bath & Body,Body Moisturizers
Acne Away Kit + Salicylic Acid + Azelaic Acid + Niacinamide,Skinfix,4,1,35,Skincare,Value & Gift Sets
Vanilla Sky Eau de Parfum,SKYLAR,4.228,579,90,Fragrance,Women
Vanilla Sky Eau de Parfum Rollerball,SKYLAR,4.228,579,30,Fragrance,Women
Eau De Parfum Discovery Set,SKYLAR,4.4801,402,25,Fragrance,Value & Gift Sets
Coconut Cove Eau de Parfum Rollerball,SKYLAR,4.286,451,30,Fragrance,Women
Coconut Cove Eau de Parfum,SKYLAR,4.2892,453,90,Fragrance,Women
Peach Fields Eau de Parfum Rollerball,SKYLAR,4.3882,322,30,Fragrance,Women
Peach Fields Eau de Parfum,SKYLAR,4.3882,322,90,Fragrance,Women
Salt Air Eau De Parfum,SKYLAR,4.3091,220,90,Fragrance,Women
Fall Cashmere Eau de Parfum Rollerball,SKYLAR,4.0429,140,30,Fragrance,Women
Pink Canyon Eau de Parfum Rollerball,SKYLAR,4.4403,134,30,Fragrance,Women
Capri Summer Eau De Parfum Rollerball,SKYLAR,4.363,146,30,Fragrance,Women
Pink Canyon Eau De Parfum,SKYLAR,4.4403,134,90,Fragrance,Women
Fall Cashmere Eau De Parfum,SKYLAR,4.0429,140,90,Fragrance,Women
Honeysuckle Dream Eau de Parfum Travel Spray,SKYLAR,4.3659,246,30,Fragrance,Women
Capri Summer Eau De Parfum,SKYLAR,4.363,146,90,Fragrance,Women
Salt Air Eau De Parfum Rollerball,SKYLAR,4.3091,220,30,Mini Size,Fragrance
Honeysuckle Dream Eau de Parfum,SKYLAR,4.3659,246,90,Fragrance,Women
Isle Escape Eau De Parfum,SKYLAR,3.9872,78,90,Fragrance,Women
Fall Cashmere Set,SKYLAR,4.0429,140,90,Fragrance,Value & Gift Sets
Vanilla Sky Candle,SKYLAR,4.4444,18,45,Fragrance,Candles & Home Scents
Isle Escape Eau De Parfum Rollerball,SKYLAR,3.9872,78,30,Fragrance,Women
Sun Shower Eau De Parfum Rollerball,SKYLAR,4.2857,7,30,Fragrance,Women
Sun Shower Eau De Parfum,SKYLAR,4.2,10,90,Fragrance,Women
Coconut Cove Perfume Set,SKYLAR,4.3275,400,90,Fragrance,Value & Gift Sets
Small Slipsilk Scrunchies,Slip,3.7815,563,39,Hair,Tools
Large Slipsilk Scrunchies,Slip,3.5143,105,39,Hair,Tools
Silk Pillowcase - Standard/Queen,Slip,4.0094,427,89,Skincare,Wellness
Pure Silk Turban,Slip,3.3396,53,85,Hair,Tools
Pure Silk Headband,Slip,3.2273,22,69,Hair,Tools
Silk Sleepmask,Slip,3.7778,171,50,Skincare,Wellness
Sleep Mist,Slip,3.8095,21,32,Fragrance,Women
Pure Silk Glam Band,Slip,2.9231,13,55,Hair,Tools
Silk Pillowcase - King,Slip,3.8256,86,110,Skincare,Wellness
Reusable Face Mask,Slip,4.2059,34,39,Hair,Tools
Medium Slipsilk Scrunchies,Slip,3.0833,24,45,Hair,Tools
Pure Silk Scrunchies Pixie Super Set,Slip,2,1,55,Hair,Tools
Starlet Crystal Scrunchie Set,Slip,5,2,45,Hair,Tools
Mini Scrunchie Set,Slip,4,6,39,Hair,Value & Gift Sets
Lovely Lashes Contour Sleep Mask,Slip,4,8,55,Skincare,Wellness
Silk Pillowcase + Small Slipsilk Scrunchies,Slip,,,99,Hair,Tools
Always On Longwear Matte Liquid Lipstick,Smashbox,4.2422,2766,27,Makeup,Lip
Photo Finish Smooth & Blur Oil-Free Foundation Primer,Smashbox,4.319,7492,42,Makeup,Face
Cover Shot Eye Shadow Palette,Smashbox,4.3566,1377,32,Makeup,Eye
Step-By-Step Contour Kit,Smashbox,4.026,1425,40,Makeup,Face
Studio Skin 24 Hour Oil-Free Hydra Foundation,Smashbox,4.19,3142,43,Makeup,Face
Cali Contour Face Palette,Smashbox,4.6478,531,43,Makeup,Makeup Palettes
Mini Photo Finish Smooth & Blur Oil-Free Foundation Primer,Smashbox,4.3187,7480,16,Mini Size,Makeup
Smashbox X Becca Under Eye Brightening Corrector,Smashbox,4.1323,325,33,Makeup,Face
Studio Skin 24 Hour Full Coverage Waterproof Foundation,Smashbox,3.5725,2571,38,Makeup,Face
Halo Healthy Glow Tinted Moisturizer Broad Spectrum SPF 25 with Hyaluronic Acid,Smashbox,4.27,637,41,Makeup,Face
Always Sharp Longwear Waterproof Kôhl Eyeliner Pencil,Smashbox,3.4574,1231,27,Makeup,Eye
Photo Edit Eye Shadow Trio,Smashbox,4.25,224,23,Makeup,Eye
Photo Finish Hydrating Under Eye Primer,Smashbox,3.9417,480,29,Makeup,Eye
Always On Cream to Matte Lipstick,Smashbox,4.4956,452,27,Makeup,Lip
Studio Skin Flawless Oil-Free 24 Hour Concealer,Smashbox,4.3951,739,29,Makeup,Face
Always On Cream Shadow,Smashbox,4.3755,727,28,Makeup,Eye
Gloss Angeles Lip Gloss,Smashbox,4.5058,429,25,Makeup,Lip
Smashbox X BECCA Shimmering Skin Perfector Pressed Highlighter,Smashbox,4.7143,154,40,Makeup,Face
Full Exposure Lash Volumizing Mascara,Smashbox,3.9737,1139,28,Makeup,Eye
Super Fan Lash Lengthening Mascara,Smashbox,4.2082,1153,28,Makeup,Eye
Smashbox X BECCA Mini Shimmering Skin Perfector Pressed Highlighter,Smashbox,5,2,23,Mini Size,Makeup
Waterproof Brow Tech To Go Pencil & Gel Brush,Smashbox,4.273,773,28,Makeup,Eye
Mini Photo Finish Primerizer+ Hydrating Face Primer with Hyaluronic Acid,Smashbox,4.5432,521,16,Mini Size,Makeup
Photo Finish Primerizer+ Hydrating Face Primer with Hyaluronic Acid,Smashbox,4.5432,521,42,Makeup,Face
Jumbo Photo Finish Smooth & Blur Oil-Free Foundation Primer,Smashbox,4.8,10,60,Makeup,Face
Mindful 5 Nourishing Lip Oil,Smashbox,4.3695,609,18,Makeup,Lip
Always On Waterproof Gel Eye Liner,Smashbox,3.9912,114,23,Makeup,Eye
Halo Fresh Setting & Perfecting Powder,Smashbox,4.2727,506,43,Makeup,Face
Mini Photo Finish Control Mattifying Face Primer with Salicylic Acid,Smashbox,4.3884,430,16,Mini Size,Makeup
Gloss Angeles Extra Shine Clear Lip Gloss,Smashbox,4.303,33,25,Makeup,Lip
Photo Finish Control Mattifying Face Primer with Salicylic Acid,Smashbox,4.3884,430,42,Makeup,Face
Mini Halo Healthy Glow Tinted Moisturizer Broad Spectrum SPF 25 with Hyaluronic Acid,Smashbox,3.3333,12,16,Mini Size,Makeup
Always On Liquid Eyeliner,Smashbox,3.1277,188,23,Makeup,Eye
Photo Finish Correct Anti-Redness Face Primer,Smashbox,3.9269,424,42,Makeup,Face
Brow Tech Matte Pencil & Brush,Smashbox,3.8165,158,21,Makeup,Eye
Mini Photo Finish Correct Anti-Redness Face Primer,Smashbox,3.9269,424,16,Mini Size,Makeup
Halo Sheer To Stay Cream Cheek + Lip Tint,Smashbox,4.1971,416,28,Makeup,Cheek
Mini Photo Finish Illuminate Glow Face Primer,Smashbox,4.4146,410,16,Mini Size,Makeup
Photo Finish Illuminate Glow Face Primer,Smashbox,4.4146,410,42,Makeup,Face
Photo Finish Intensify 24 Hour Eyeshadow Primer,Smashbox,3.7143,14,26,Makeup,Eye
Mini Photo Finish Revitalize 8-in-1 Primer Essence,Smashbox,4.3406,461,17,Makeup,Face
Photo Finish Endurance Breathable Setting Spray,Smashbox,4.399,416,32,Makeup,Face
Mini Photo Finish Endurance Breathable Setting Spray,Smashbox,4.399,416,17,Mini Size,Makeup
Photo Finish Revitalize 8-in-1 Primer Essence,Smashbox,4.3406,461,31,Makeup,Face
Skin Obsessed Color-Correcting Primer Set,Smashbox,,,42,Makeup,Face
On-Set Essentials: Primer + Setting Spray Trio Set,Smashbox,,,34,Makeup,Face
4.5% Retinol Serum,SOBEL SKIN Rx,4.4459,148,105,Skincare,Treatments
15% Niacinamide Gel Serum,SOBEL SKIN Rx,4.1591,132,75,Skincare,Treatments
30% Glycolic Acid Peel Concentrate,SOBEL SKIN Rx,4.125,24,46,Skincare,Treatments
Oligo Peptide Eye Cream,SOBEL SKIN Rx,4.5,6,65,Skincare,Eye Care
35% Vitamin C Fusion Serum,SOBEL SKIN Rx,5,3,105,Skincare,Treatments
Bio Hyaluronic Moisturizer Cream,SOBEL SKIN Rx,,,95,Skincare,Moisturizers
Brazilian Bum Bum Body Cream,Sol de Janeiro,4.298,8671,48,Bath & Body,Body Moisturizers
Bum Bum Jet Set,Sol de Janeiro,4.5094,901,30,Bath & Body,Value & Gift Sets
Mini Brazilian Crush Body Fragrance Mist,Sol de Janeiro,4.4698,1275,24,Mini Size,Fragrance
Brazilian Crush Cheirosa ’62 Bum Bum Hair & Body Fragrance Mist,Sol de Janeiro,4.3049,1814,24,Fragrance,Women
Mini Brazilian Bum Bum Cream,Sol de Janeiro,4.2958,8550,22,Mini Size,Bath & Body
Brazilian Crush Cheirosa ’40 Bom Dia Hair & Body Fragrance Mist,Sol de Janeiro,4.3928,802,24,Fragrance,Women
Glowmotions Glow Body Oil,Sol de Janeiro,4.081,642,35,Bath & Body,Body Moisturizers
Brazilian 4 Play Moisturizing Shower Cream-Gel,Sol de Janeiro,4.2868,1154,26,Bath & Body,Bath & Shower
Brazilian Crush Cheirosa ’68 Beija Flor Hair & Body Fragrance Mist,Sol de Janeiro,4.2588,452,38,Fragrance,Women
Mini Brazilian Crush Cheirosa ’68 Beija Flor Hair & Body Fragrance Mist,Sol de Janeiro,4.0855,269,24,Mini Size,Fragrance
Beija Flor Elasti-Cream with Collagen and Squalane,Sol de Janeiro,4.1135,758,48,Bath & Body,Body Moisturizers
Brazilian Crush Cheirosa ’71 Hair & Body Fragrance Mist,Sol de Janeiro,4.118,754,24,Fragrance,Women
Bom Dia Bright Body Cream with Vitamin C,Sol de Janeiro,4.4284,971,48,Bath & Body,Body Moisturizers
Bum Bum Firmeza Firming & Debloating Body Oil,Sol de Janeiro,4.3943,175,52,Bath & Body,Body Moisturizers
Bum Bum Body Scrub,Sol de Janeiro,4.1114,404,42,Bath & Body,Bath & Shower
Brazilian Kiss Cupuaçu Lip Butter,Sol de Janeiro,4.1304,1350,18,Skincare,Lip Balms & Treatments
Brazilian Crush Cheirosa ’39 Coco Cabana Hair & Body Fragrance Mist,Sol de Janeiro,4.1028,321,24,Fragrance,Women
Brazilian Joia  Milky Leave-In Conditioner,Sol de Janeiro,4.4901,302,28,Hair,Hair Styling & Treatments
Brazilian Glossy Nourishing Anti-Frizz Hair Oil,Sol de Janeiro,4.0191,419,34,Hair,Hair Styling & Treatments
Mini Beija Flor Elasti-Cream with Collagen and Squalane,Sol de Janeiro,3.9178,219,22,Bath & Body,Body Moisturizers
Rio Deo Aluminum-Free Refillable Deodorant Cheirosa '62,Sol de Janeiro,3.7284,729,16,Bath & Body,Body Care
Coco Cabana Intense Hydration Body Cream,Sol de Janeiro,3.3654,1894,48,Bath & Body,Body Moisturizers
Mini Bom Dia Bright Body Cream,Sol de Janeiro,4.2343,303,22,Bath & Body,Mini Size
Coco Cabana Jet Set,Sol de Janeiro,3.9063,96,30,Bath & Body,Value & Gift Sets
Samba 2-Step Foot Fetish Care,Sol de Janeiro,4.2733,322,27,Bath & Body,Body Moisturizers
Triple Brazilian Butter Hair Repair Treatment Mask,Sol de Janeiro,4.2262,451,36,Hair,Hair Styling & Treatments
Bom Dia Bright Clarifying AHA BHA Body Wash,Sol de Janeiro,4.6685,181,26,Bath & Body,Bath & Shower
Brazilian Touch Hand Cream,Sol de Janeiro,4.1064,94,16,Bath & Body,Body Moisturizers
Bom Dia Body Scrub 10% AHA BHA Resurfacing Complex + Crushed Maracujá Seeds,Sol de Janeiro,4.784,125,42,Bath & Body,Bath & Shower
Coco Cabana Body Cream - With New Coconut Scent and Plush Moisture Mini,Sol de Janeiro,3.1165,352,22,Bath & Body,Mini Size
Brazilian 4 Play Moisturizing Shower Cream-Gel Mini,Sol de Janeiro,4.1687,83,10,Bath & Body,Mini Size
SOL Cheirosa '62 Eau de Parfum,Sol de Janeiro,4.1163,86,78,Fragrance,Women
Coco Cabana Moisturizing Body Cream-Cleanser,Sol de Janeiro,4.2128,94,26,Bath & Body,Bath & Shower
Rio Deo Aluminum-Free Deodorant Cheirosa '40,Sol de Janeiro,3.4444,63,16,Bath & Body,Body Care
Mini SOL Cheirosa 62 Eau de Parfum,Sol de Janeiro,3.3182,22,26,Mini Size,Fragrance
Mini Coco Cabana Moisturizing Body Cream-Cleanser,Sol de Janeiro,3.4359,39,10,Bath & Body,Mini Size
Body Firmeza Massage Tool,Sol de Janeiro,4.8,5,20,Bath & Body,Body Care
Mini Rio Radiance Perfume Mist,Sol de Janeiro,4.2626,99,24,Mini Size,Fragrance
Rio Radiance Perfume Mist,Sol de Janeiro,4.2626,99,38,Fragrance,Women
Brazilian Joia Strengthening + Smoothing Shampoo,Sol de Janeiro,5,29,26,Hair,Shampoo & Conditioner
Brazilian Joia Strengthening + Smoothing Conditioner,Sol de Janeiro,5,31,26,Hair,Shampoo & Conditioner
Mini Brazilian Joia Strengthening + Smoothing Shampoo,Sol de Janeiro,,,12,Hair,Shampoo & Conditioner
Mini Brazilian Joia Strengthening + Smoothing Conditioner,Sol de Janeiro,5,1,12,Hair,Shampoo & Conditioner
Set + Protect Makeup Setting Spray SPF 30 with Hyaluronic Acid,Soleil Toujours,4.5,10,42,Makeup,Face
Brightening Eye Cream Mineral SPF 15 with Peptides,Soleil Toujours,4.8667,15,68,Skincare,Eye Care
Hydra Lip Masque Mineral SPF 15 with Peptides,Soleil Toujours,4.6667,12,26,Skincare,Lip Balms & Treatments
Tinted Glow Lotion Mineral SPF 50,Soleil Toujours,4.381,21,58,Bath & Body,Body Moisturizers
Daily Defense Moisturizer Mineral SPF 60 with Vitamin C,Soleil Toujours,3.8,10,58,Skincare,Moisturizers
Clean Conscious Body Sunscreen Mist with Vitamin C,Soleil Toujours,4.6957,23,36,Bath & Body,Sunscreen
Daily Defense Mineral Body Lotion SPF 30,Soleil Toujours,5,8,58,Bath & Body,Body Moisturizers
Tan Tonic Glow Drops,St. Tropez,4.6686,1053,42,Skincare,Self Tanners
Self Tan Classic Bronzing Mousse,St. Tropez,4.2602,515,34,Skincare,Self Tanners
Self-Tan Luxe Whipped Crème Mousse,St. Tropez,4.6335,502,48,Skincare,Self Tanners
Self Tan Express Bronzing Mousse,St. Tropez,4.1109,442,46,Skincare,Self Tanners
Self Tan Purity Vitamins Bronzing Water Body Mist,St. Tropez,4.3905,402,45,Skincare,Self Tanners
Self Tan Purity Bronzing Water Face Mist,St. Tropez,3.88,400,33,Skincare,Self Tanners
Gradual Tan Watermelon Daily Firming Lotion,St. Tropez,4.3238,386,29,Skincare,Self Tanners
Double Sided Luxe Tan Applicator Mitt,St. Tropez,4.5556,378,9,Skincare,Self Tanners
Self Tan Purity Bronzing Water Mousse,St. Tropez,3.8312,160,44,Skincare,Self Tanners
Self Tan Dark Bronzing Mousse,St. Tropez,3.9025,236,45,Bath & Body,Self Tanners
Tan Build Up Remover Mitt,St. Tropez,4.9492,59,9,Skincare,Self Tanners
Self Tan Purity Water Gel,St. Tropez,3.3103,58,44,Skincare,Self Tanners
Purity Tanning Waters Mini Kit,St. Tropez,3.2,30,25,Skincare,Value & Gift Sets
Self Tan Express Bronzing Gel,St. Tropez,3.4783,23,46,Skincare,Self Tanners
Self Tan Express Starter Kit,St. Tropez,3.5263,19,20,Skincare,Value & Gift Sets
Gradual Tan Tinted Daily Firming Lotion,St. Tropez,2.75,16,29,Skincare,Self Tanners
Self Tan Classic Bronzing Mist,St. Tropez,3.8095,21,44,Bath & Body,Self Tanners
Self Tan Classic Bronzing Lotion,St. Tropez,3.6296,27,44,Bath & Body,Self Tanners
Luxe Body Serum,St. Tropez,4.8173,892,48,Bath & Body,Body Moisturizers
Self Tan Kit,St. Tropez,4,1,20,Bath & Body,Value & Gift Sets
Gradual Tan Classic Daily Youth Boosting Cream,St. Tropez,5,1,29,Skincare,Self Tanners
Glitter & Glow Liquid Eye Shadow,stila,4.5079,1967,25,Makeup,Eye
Stay All Day Waterproof Liquid Eye Liner,stila,4.3407,11255,24,Makeup,Eye
Shimmer & Glow Liquid Eye Shadow,stila,4.6466,1197,25,Makeup,Eye
Smudge Stick Waterproof Eye Liner,stila,3.9002,2014,22,Makeup,Eye
One Step Correct,stila,3.9811,1267,36,Makeup,Face
Correct & Perfect All-In-One Color Correcting Palette,stila,4.16,175,45,Makeup,Face
Stay All Day Waterproof Liquid Eye Liner - Micro Tip,stila,4.0805,348,24,Makeup,Eye
Huge Extreme Lash Mascara,stila,3.9279,916,26,Makeup,Eye
Stay All Day Dual-Ended Waterproof Liquid Eye Liner,stila,3.8276,58,32,Makeup,Eye
Mini Stay All Day Waterproof Liquid Eye Liner,stila,3.3889,18,12,Mini Size,Makeup
Glisten & Glow Liquid Eye Shadow,stila,,,25,Makeup,Eye
TL Advanced  Tightening Neck Cream PLUS for Firming & Brightening,StriVectin,4.0392,153,95,Skincare,Moisturizers
Mini TL Advanced  Tightening Neck Cream PLUS for Firming & Brightening,StriVectin,4.0392,153,15,Skincare,Moisturizers
Super-C Retinol Brighten & Correct Vitamin C Serum,StriVectin,4.6491,114,72,Skincare,Treatments
SD Advanced  PLUS Intensive Moisturizer For Wrinkles & Stretch Marks,StriVectin,4.6848,92,82,Skincare,Moisturizers
Daily Reveal  Exfoliating Face Pads with AHA + BHA + PHA + TXA,StriVectin,4.75,64,45,Skincare,Treatments
Advanced Retinol Nightly Renewal Face Moisturizer with Retinol,StriVectin,4.7813,64,119,Skincare,Moisturizers
Line BlurFector  Instant Wrinkle Blurring Face Primer,StriVectin,4.5882,51,39,Makeup,Face
Super-C SPF 30 Vitamin C Face Moisturizer,StriVectin,4.6538,52,69,Skincare,Moisturizers
Contour Restore Tightening & Sculpting Moisturizing Face Cream,StriVectin,4.7708,48,99,Skincare,Moisturizers
Peptight  360˚ Tightening Eye Serum,StriVectin,4.4894,47,72,Skincare,Eye Care
Peptight  Tightening & Brightening Face Serum,StriVectin,4.8085,47,99,Skincare,Treatments
Hyaluronic Tripeptide Gel-Cream for Eyes,StriVectin,4.6889,45,65,Skincare,Eye Care
Peptight Tightening Neck Serum Roller,StriVectin,4.7955,44,79,Skincare,High Tech Tools
Advanced Retinol Daily Repair Face Moisturizer Broad Spectrum SPF 30,StriVectin,4.7143,42,99,Skincare,Moisturizers
Advanced Retinol Nightly Multi Correct Serum,StriVectin,4.7857,42,99,Skincare,Treatments
Intensive Eye Cream Concentrate for Wrinkles PLUS,StriVectin,4.425,40,72,Skincare,Eye Care
Super-C Dark Circle Brightening Eye Serum,StriVectin,4.55,40,65,Skincare,Eye Care
Crepe Control  Tightening Body Cream,StriVectin,4.6667,27,59,Bath & Body,Body Moisturizers
The Gamechangers,StriVectin,4.68,25,79,Skincare,Value & Gift Sets
Crepe Control  Exfoliating Body Scrub,StriVectin,4.8333,24,35,Bath & Body,Bath & Shower
Power Starters Tightening Trio,StriVectin,4.5263,19,89,Skincare,Value & Gift Sets
Multi Action Clear Acne Control 30-Day Trial Kit,StriVectin,4.875,8,39,Skincare,Value & Gift Sets
Multi Action Clear Gentle Daily Brightening & Retexturizing Toner for Acne and Breakouts,StriVectin,5,3,39,Skincare,Cleansers
Multi Action Clear Acne Clearing Treatment Lotion for Breakouts,StriVectin,5,1,49,Skincare,Treatments
Multi Action Clear Gentle Daily Clarifying Cleanser for Acne and Breakouts,StriVectin,,,29,Skincare,Cleansers
Anti-Aging First Care Activating Serum,Sulwhasoo,4.5707,976,89,Skincare,Treatments
Mini First Care Activating Serum,Sulwhasoo,4.5707,976,25,Skincare,Mini Size
First Care Activating Serum 25th Anniversary Limited Edition,Sulwhasoo,4.5825,958,110,Skincare,Treatments
Gentle Cleansing Oil Makeup Remover,Sulwhasoo,4.4532,406,40,Skincare,Cleansers
Mini Gentle Cleansing Oil Makeup Remover,Sulwhasoo,4.4532,406,13,Skincare,Mini Size
Concentrated Ginseng Renewing Cream,Sulwhasoo,4.4766,342,260,Skincare,Moisturizers
Bestsellers Trial Kit,Sulwhasoo,4.702,302,58,Skincare,Value & Gift Sets
Gentle Cleansing Foam Hydrating Makeup Remover,Sulwhasoo,4.5596,277,38,Skincare,Cleansers
Mini Gentle Cleansing Foam Hydrating Makeup Remover,Sulwhasoo,4.5596,277,12,Skincare,Mini Size
Mini Essential Comfort Firming Cream,Sulwhasoo,4.5019,257,28,Skincare,Moisturizers
Essential Comfort Firming Cream,Sulwhasoo,4.5019,257,120,Skincare,Moisturizers
Concentrated Ginseng Renewing Serum,Sulwhasoo,4.6972,142,210,Skincare,Treatments
Overnight Vitalizing Mask,Sulwhasoo,4.717,106,54,Skincare,Masks
Concentrated Ginseng Renewing Cream Classic,Sulwhasoo,4.8,60,260,Skincare,Moisturizers
Mini Concentrated Ginseng Renewing Cream,Sulwhasoo,4.4766,342,52,Mini Size,Skincare
Clarifying Peel Off Mask,Sulwhasoo,4.5,10,45,Skincare,Masks
Mini Concentrated Ginseng Renewing Serum,Sulwhasoo,4.6972,142,65,Mini Size,Skincare
Essential Comfort Balancing Water,Sulwhasoo,5,4,68,Skincare,Moisturizers
Overnight Vitalizing Sleeping Mask,Sulwhasoo,3.25,4,54,Skincare,Masks
Concentrated Ginseng Renewing Eye Cream,Sulwhasoo,4.3333,3,140,Skincare,Eye Care
Essential Comfort Moisture Cream,Sulwhasoo,5,3,80,Skincare,Moisturizers
White Ginseng Radiance Refining Mask,Sulwhasoo,5,1,68,Skincare,Masks
Essential Comfort Balancing Emulsion,Sulwhasoo,4,1,72,Skincare,Moisturizers
Concentrated Ginseng Renewing Rescue Ampoule,Sulwhasoo,,,130,Skincare,Treatments
Concentrated Ginseng Renewing Sheet Masks,Sulwhasoo,,,120,Skincare,Masks
First Care Radiance Set,Sulwhasoo,,,95,Skincare,Value & Gift Sets
Concentrated Ginseng Renewing Cream Set,Sulwhasoo,,,260,Skincare,Value & Gift Sets
Jet Lag Mask,Summer Fridays,4.0262,4427,49,Skincare,Masks
Mini Jet Lag Mask,Summer Fridays,4.0262,4427,26,Skincare,Masks
Sheer Skin Tint with Hyaluronic Acid + Squalane,Summer Fridays,4.4694,409,42,Makeup,Face
Lip Butter Balm,Summer Fridays,4.2662,1157,24,Skincare,Lip Balms & Treatments
CC Me Vitamin C + Niacinamide Serum,Summer Fridays,4.0893,896,68,Skincare,Treatments
Cloud Dew Gel Cream Moisturizer,Summer Fridays,4.4613,646,45,Skincare,Moisturizers
Mini Cloud Dew Oil-Free Gel Cream,Summer Fridays,4.4613,646,17,Skincare,Moisturizers
Overtime Mask,Summer Fridays,4.4087,531,49,Skincare,Masks
Summer Silk Nourishing Body Lotion,Summer Fridays,3.7407,270,28,Bath & Body,Body Moisturizers
R + R Mask,Summer Fridays,3.7972,493,54,Skincare,Masks
Dream Oasis Deep Hydration Serum,Summer Fridays,4.7361,485,44,Skincare,Treatments
Light Aura Vitamin C + Peptide Eye Cream,Summer Fridays,4.3596,381,42,Skincare,Eye Care
Super Amino Gel Cleanser,Summer Fridays,4.0833,312,35,Skincare,Cleansers
Babymoon Belly Balm,Summer Fridays,4.0882,102,29,Bath & Body,Body Moisturizers
Midnight Ritual Retinol Renewal Serum,Summer Fridays,4.7588,228,69,Skincare,Treatments
Heavenly Sixteen All-In-One Face Oil,Summer Fridays,4.4507,213,55,Skincare,Moisturizers
ROOT REFRESH Micellar Rinse with Apple Cider Vinegar,SUNDAY II SUNDAY,4.1176,51,31,Hair,Hair Styling & Treatments
REVIVE ME Daily Moisturizing Spray,SUNDAY II SUNDAY,4.6,25,31,Hair,Hair Styling & Treatments
SOOTHE ME Daily Scalp Serum for Dry Scalp Relief,SUNDAY II SUNDAY,4.3889,18,28,Hair,Hair Styling & Treatments
HAIR FLOURISH Vegan Biotin Gummies,SUNDAY II SUNDAY,4.9,10,30,Hair,Hair Styling & Treatments
"Hair Flourish, Biotin Infused Scalp Serum",SUNDAY II SUNDAY,4.0556,18,28,Hair,Hair Styling & Treatments
Tea Tree Essential Oil,SUNDAY II SUNDAY,4.25,4,15,Hair,Hair Styling & Treatments
Peppermint Essential Oil,SUNDAY II SUNDAY,5,1,15,Hair,Hair Styling & Treatments
"Minis, Post Gym Hair Kit for Travel and Workout Bags",SUNDAY II SUNDAY,4.5,4,40,Hair,Value & Gift Sets
Argan Essential Oil,SUNDAY II SUNDAY,4.5,2,15,Hair,Hair Styling & Treatments
Signature Scalp Balancing Shampoo,SUNDAY II SUNDAY,4.25,12,20,Hair,Shampoo & Conditioner
Signature Scalp Balancing Scrub,SUNDAY II SUNDAY,4.5714,7,31,Hair,Hair Styling & Treatments
Signature Scalp Balancing Conditioner,SUNDAY II SUNDAY,4.2857,7,20,Hair,Shampoo & Conditioner
Good Genes All-In-One AHA Lactic Acid Treatment,Sunday Riley,4.3375,5393,122,Skincare,Treatments
Luna Sleeping Retinoid Night Oil,Sunday Riley,4.0827,2442,105,Skincare,Moisturizers
U.F.O. Salicylic Acid BHA Acne Treatment Face Oil,Sunday Riley,4.135,2281,80,Skincare,Moisturizers
C.E.O. 15% Vitamin C Brightening Serum,Sunday Riley,4.1036,1785,85,Skincare,Treatments
5 Stars Retinol + Niacinamide Eye Serum,Sunday Riley,4.6414,1718,65,Skincare,Eye Care
Auto Correct Brightening + Depuffing Eye Cream for Dark Circles,Sunday Riley,4.0286,1679,65,Skincare,Eye Care
Power Couple Advanced Retinol and Lactic Acid Duo,Sunday Riley,4.3017,1495,72,Skincare,Value & Gift Sets
ICE Ceramide Moisturizer with Vitamin F,Sunday Riley,4.084,1178,65,Skincare,Moisturizers
C.E.O. Vitamin C Brightening Rich Hydration Moisturizer,Sunday Riley,3.9918,1101,22,Skincare,Moisturizers
Mini C.E.O. Vitamin C Brightening Rich Hydration Moisturizer,Sunday Riley,4.0133,977,65,Skincare,Moisturizers
Ceramic Slip French Green Clay Cleanser,Sunday Riley,3.8453,950,35,Skincare,Cleansers
C.E.O Glow Vitamin C + Turmeric Face Oil,Sunday Riley,4.0759,843,80,Skincare,Moisturizers
B3 Nice 10% Niacinamide Serum,Sunday Riley,4.726,624,65,Skincare,Treatments
Juno Antioxidant + Superfood Face Oil,Sunday Riley,4.3299,585,72,Skincare,Moisturizers
C.E.O. Afterglow Brightening Vitamin C Moisturizer,Sunday Riley,4.666,527,65,Skincare,Moisturizers
C.E.O. Afterglow Brightening Vitamin C Moisturizer,Sunday Riley,4.666,527,22,Skincare,Moisturizers
A+ High-Dose Retinol Serum,Sunday Riley,4.2016,516,85,Skincare,Treatments
Clean Rinse Clarifying Scalp Serum with Niacinamide,Sunday Riley,4.4026,77,48,Hair,Hair Styling & Treatments
Blue Moon Clean-Rinse Cleansing Balm,Sunday Riley,4.2717,276,50,Skincare,Cleansers
Multivitamins 15% Vitamin C + Retinol Mini Set,Sunday Riley,3.8481,158,28,Skincare,Value & Gift Sets
Saturn Sulfur + Niacinamide Spot Treatment Mask,Sunday Riley,3.1515,99,20,Skincare,Masks
Pink Drink Firming Resurfacing Peptide Face Mist,Sunday Riley,3.8085,94,48,Skincare,Moisturizers
Mini C.E.O. Afterglow Brightening Vitamin C Moisturizer,Sunday Riley,4.666,527,22,Mini Size,Skincare
Mini Good Genes All-In-One AHA Lactic Acid Treatment,Sunday Riley,4.3375,5393,43,Mini Size,Skincare
Superstars Anti-Aging Serum and Eye Kit,Sunday Riley,4.16,25,130,Skincare,Value & Gift Sets
All About Acne Breakout + Blackhead Set,Sunday Riley,4.2,25,95,Skincare,Value & Gift Sets
Mini C.E.O. 15% Vitamin C Brightening Serum,Sunday Riley,4.1181,1677,43,Mini Size,Skincare
Wake Up With Me Morning Routine Kit,Sunday Riley,4.0769,13,95,Skincare,Value & Gift Sets
Go To Bed With Me Anti-Aging Night Routine,Sunday Riley,4.0833,12,93,Skincare,Value & Gift Sets
Mini A+ High-Dose Retinol Serum,Sunday Riley,5,1,43,Mini Size,Skincare
Unseen Sunscreen SPF 40 PA+++,Supergoop!,4.26,3262,48,Skincare,Sunscreen
Mini Unseen Sunscreen SPF 40 PA+++,Supergoop!,4.2604,3260,22,Skincare,Mini Size
Glowscreen Sunscreen SPF 40 PA+++ with Hyaluronic Acid + Niacinamide,Supergoop!,4.1513,2049,38,Skincare,Sunscreen
Mini Glowscreen Sunscreen SPF 40 PA+++ with Hyaluronic Acid + Niacinamide,Supergoop!,3.9659,1439,22,Skincare,Sunscreen
PLAY Everyday Sunscreen Lotion SPF 50 PA++++,Supergoop!,4.0954,1059,34,Skincare,Sunscreen
Mini PLAY Everyday Lotion SPF 50 with Sunflower Extract,Supergoop!,4.0954,1059,22,Skincare,Mini Size
Shimmershade Illuminating Cream Eyeshadow SPF 30,Supergoop!,4.0567,388,24,Makeup,Eye
Superscreen Daily Moisturizer Sunscreen SPF 40 PA+++,Supergoop!,3.6997,646,44,Skincare,Moisturizers
Daily Dose Vitamin C + SPF 40 Sunscreen Serum PA+++,Supergoop!,3.6736,573,46,Skincare,Sunscreen
CC Screen 100% Mineral CC Cream SPF 50 PA++++,Supergoop!,3.4004,527,44,Skincare,Moisturizers
Glow Stick Sunscreen SPF 50 PA++++,Supergoop!,3.6587,501,26,Skincare,Sunscreen
Mini (Re) Setting Refreshing Mist SPF 40,Supergoop!,2.6071,56,20,Mini Size,Skincare
Mineral Sheerscreen Sunscreen SPF 30 PA+++,Supergoop!,3.9473,455,38,Skincare,Sunscreen
Mini Mineral Sheerscreen Sunscreen SPF 30 PA+++,Supergoop!,3.9473,455,22,Skincare,Sunscreen
Bright-Eyed 100% Mineral Eye Cream SPF 40 PA+++,Supergoop!,3.6045,445,40,Skincare,Eye Care
Glow Oil Body Sunscreen SPF 50 PA++++,Supergoop!,3.947,396,38,Skincare,Sunscreen
Mini Glow Oil SPF 50 PA++++,Supergoop!,3.947,396,15,Skincare,Mini Size
(Re) Setting Refreshing Mist SPF 40,Supergoop!,3.6649,379,34,Skincare,Sunscreen
(Re)setting 100% Mineral Powder Sunscreen SPF 35 PA+++,Supergoop!,4.0426,376,35,Skincare,Sunscreen
Daily Dose Bioretinol + Mineral SPF 40 with Bakuchiol,Supergoop!,4.7357,367,46,Skincare,Treatments
Handscreen Sunscreen SPF 40,Supergoop!,3.9964,277,38,Bath & Body,Body Moisturizers
Zincscreen 100% Mineral Sunscreen Lotion SPF 40 PA+++,Supergoop!,3.8729,354,44,Skincare,Sunscreen
Every. Single. Face. Watery Lotion SPF 50,Supergoop!,4.2805,353,34,Skincare,Sunscreen
PLAY Antioxidant Body Sunscreen Mist SPF 50 PA++++,Supergoop!,3.9048,294,21,Skincare,Sunscreen
Daily Dose Hydra-Ceramide Boost + SPF 40 Sunscreen Oil PA+++,Supergoop!,4.3783,267,46,Skincare,Moisturizers
Glowscreen Body Sunscreen SPF 40 PA+++,Supergoop!,4.4389,262,42,Skincare,Sunscreen
Mini Handscreen SPF 40,Supergoop!,3.9964,277,14,Bath & Body,Mini Size
Mineral Mattescreen Sunscreen SPF 40 PA+++,Supergoop!,4.0153,131,38,Skincare,Sunscreen
(Glow)Setting 100% Mineral Powder SPF 35,Supergoop!,4.4758,124,36,Skincare,Sunscreen
Mini PLAY Everyday Sunscreen Lotion SPF 30 PA++++,Supergoop!,4.3333,57,34,Skincare,Sunscreen
Mini Mineral Mattescreen Sunscreen SPF 40 PA+++,Supergoop!,4.125,24,22,Skincare,Sunscreen
PLAY Body Sunscreen Mousse SPF 50,Supergoop!,3.9583,24,34,Skincare,Sunscreen
PLAY Antioxidant Body Sunscreen Mist SPF 30 PA++++,Supergoop!,3.3684,19,21,Skincare,Sunscreen
PLAY 100% Mineral Lotion SPF 30 with Green Algae,Supergoop!,4.0909,11,36,Skincare,Sunscreen
SPF Bestsellers Kit,Supergoop!,3.75,8,30,Skincare,Value & Gift Sets
100% Mineral SPF Starter Kit,Supergoop!,1.8,5,29,Skincare,Value & Gift Sets
Play! Mineral SPF Stick,Supergoop!,3,4,24,Skincare,Sunscreen
PLAY Mineral Mist SPF 30 with Marigold Extract,Supergoop!,2.5,2,34,Skincare,Sunscreen
100% Mineral Sunscreen Starter Kit,Supergoop!,5,1,30,Skincare,Value & Gift Sets
Everyday SPF Faves,Supergoop!,,,60,Skincare,Value & Gift Sets
Moondust Hair Wash,Susteau,4.3269,104,29,Hair,Shampoo & Conditioner
Moondust Hair Wash Fragrance Free,Susteau,4.2308,26,29,Hair,Shampoo & Conditioner
Moondust Conditioner,Susteau,3,9,29,Hair,Shampoo & Conditioner
Moondust Conditioner Fragrance Free,Susteau,2.5,20,29,Hair,Shampoo & Conditioner
"Volumizing Hot Rollers LUXE for Volume, Body, and Shine",T3,3.4167,96,139.99,Hair,Tools
SinglePass Compact Travel Styling Flat Iron with Cap (White & Rose Gold),T3,4.205,200,89,Tools & Brushes,Hair Tools
SinglePass Curl 1.25” Professional Ceramic Curling Iron,T3,3.7983,119,169.99,Hair,Tools
AireBrush Duo Interchangeable Hot Air Blow Dry Brush,T3,4.199,196,189.99,Hair,Tools
"SinglePass Curl 1"" Professional Curling Iron",T3,4.5185,27,169.99,Hair,Tools
SinglePass Wave Professional Tapered Ceramic Styling Wand,T3,4.4762,42,169.99,Hair,Tools
BodyWaver 1.75” Professional Ceramic Styling Iron for Waves and Volume (White & Rose Gold),T3,3.3846,65,169.99,Hair,Tools
Source Hand-Held Mineral Water Filter,T3,2.9286,14,150,Hair,Tools
Fit Hair Dryer,T3,4.7,200,149.99,Hair,Tools
Smooth Paddle Brush,T3,3.6,15,35,Hair,Tools
Volume Round Brush,T3,3.1765,17,35,Hair,Tools
Curl ID 1.25” Smart Curling Iron with Interactive Touch Interface,T3,4.5079,63,249,Hair,Tools
AireLuxe Hair Dryer,T3,4.8415,183,199.99,Hair,Tools
Edge Heated Smoothing & Styling Brush,T3,4.5736,197,149.99,Hair,Tools
SinglePass Curl 1 ½” Professional Curling Iron,T3,4.8444,45,169.99,Hair,Tools
Lucea 1 ½” Professional Straightening and Styling Iron,T3,4.9179,195,189.99,Hair,Tools
Dry Vent Brush,T3,3.5,8,35,Hair,Tools
Afar - Lightweight Travel Size Hair Dryer,T3,4.801,206,179.99,Hair,Tools
Fit Diffuser,T3,2.6667,3,25,Hair,Tools
SinglePass Curl ½” Professional Curling Iron,T3,4.9091,44,169.99,Hair,Tools
SinglePass Curl ¾” Professional Curling Iron,T3,4.9216,51,169.99,Hair,Tools
Soft Touch 3 Diffuser,T3,5,1,30,Hair,Tools
Smooth ID 1” Digital Ceramic Flat Iron with Smart Heat Setting Personalization,T3,4.9143,105,249,Hair,Tools
Smoothing Comb Blow Dryer Attachment,T3,1,1,30,Hair,Tools
AireBrush Duo 2.5” Round Brush Attachment,T3,,,45,Hair,Tools
AireBrush Duo 3.0” Paddle Brush Attachment,T3,,,45,Hair,Tools
THE FACE Illuminating Self-Tan Drops,TAN-LUXE,3.9894,471,50,Skincare,Self Tanners
THE BODY Illuminating Self-Tan Drops,TAN-LUXE,4.1959,194,60,Skincare,Self Tanners
THE BUTTER Illuminating Tanning Butter,TAN-LUXE,4.3425,181,38,Skincare,Self Tanners
THE GRADUAL Illuminating Gradual Tan Lotion,TAN-LUXE,4.1111,171,34,Skincare,Self Tanners
Super Glow Hyaluronic Self-Tan Serum,TAN-LUXE,3.9845,129,49,Skincare,Self Tanners
THE WATER Hydrating Self-Tan Water,TAN-LUXE,4,90,48,Skincare,Self Tanners
HYDRA MOUSSE Hydrating Self-Tan Mousse,TAN-LUXE,4.0769,65,49,Skincare,Self Tanners
Super Glow Body Hyaluronic Self-Tan Serum,TAN-LUXE,3.6809,47,49,Skincare,Self Tanners
Mini THE FACE Illuminating Self-Tan Drops,TAN-LUXE,3.7632,38,25,Skincare,Self Tanners
Wonder Oil Illuminating Self-Tan Oil,TAN-LUXE,3.8182,33,69,Skincare,Self Tanners
SLEEP OIL Rejuvenating Miracle Tanning Oil,TAN-LUXE,3.5,24,52,Skincare,Self Tanners
Super Gloss Instant Bronzing Face Drops with SPF 30,TAN-LUXE,4.4286,21,49,Skincare,Self Tanners
Instant Hero Skin Perfector,TAN-LUXE,3.4545,11,36,Bath & Body,Self Tanners
The Crème Gradual Self-Tanning Face Moisturizer,TAN-LUXE,4.4444,18,49,Skincare,Self Tanners
Glyco Water Self-Tan Eraser,TAN-LUXE,2.1429,7,35,Bath & Body,Self Tanners
Amazonian Clay 12-Hour Blush,tarte,4.6131,6187,30,Makeup,Cheek
Tartelette In Bloom Clay Eyeshadow Palette,tarte,4.6624,3303,45,Makeup,Eye
Maracuja Juicy Lip Plump,tarte,3.6902,326,24,Makeup,Lip
Tartelette Amazonian Clay Matte Eyeshadow Palette,tarte,4.4715,2225,45,Makeup,Eye
SEA Quench Lip Rescue Balm,tarte,4.2672,1778,19,Makeup,Lip
Tartelette Toasted Eyeshadow Palette,tarte,4.4568,902,45,Makeup,Eye
Maracuja Juicy Lip Balm,tarte,4.0149,268,24,Makeup,Lip
Maracuja Creaseless Concealer,tarte,3.2345,1919,29,Makeup,Face
Maracuja Oil,tarte,4.396,2419,48,Skincare,Moisturizers
BB blur tinted moisturizer Broad Spectrum SPF 30 Sunscreen,tarte,4.254,3547,40,Makeup,Face
"Lights, Camera, Lashes 4-in-1 Mascara",tarte,4.1675,6585,25,Makeup,Eye
Mini Maracuja Creaseless Concealer,tarte,3.2108,574,14,Mini Size,Makeup
Chrome Paint Shadow Pot,tarte,4.6314,407,22,Makeup,Eye
SEA drink of H2O hydrating boost moisturizer,tarte,4.2373,1749,39,Skincare,Moisturizers
SEA H2O Lip Gloss,tarte,4.2838,458,19,Makeup,Lip
Amazonian Clay Waterproof 12-Hour Concealer,tarte,4.0378,1587,25,Makeup,Face
Amazonian Clay BB Tinted Moisturizer Broad Spectrum SPF 20 Sunscreen,tarte,4.2289,2586,39,Makeup,Face
Amazonian Clay Matte Waterproof Bronzer,tarte,4.5594,1044,32,Makeup,Cheek
Double Take Eyeliner,tarte,4.2154,1142,26,Makeup,Eye
Tarteist Pro Cruelty-Free Lashes,tarte,3.849,437,15,Makeup,Eye
Picture Perfect Duo,tarte,3.9663,1719,21,Mini Size,Makeup
SEA Deep Dive Cleansing Gel,tarte,4.312,1157,12,Skincare,Cleansers
Timeless Smoothing Primer,tarte,3.9469,828,39,Makeup,Face
Tarteist Clay Paint Liner,tarte,3.7019,1362,24,Makeup,Eye
SEA FRXXXTION Stick Exfoliating Cleanser,tarte,4.5315,969,22,Skincare,Cleansers
Maracuja C-Brighter Eye Treatment,tarte,4.0089,901,39,Skincare,Eye Care
Fake Awake Eye Highlighter,tarte,3.9923,260,22,Makeup,Eye
Poreless Mattifying Primer,tarte,3.9068,730,32,Makeup,Face
Maracuja Hydrating Tinted Moisturizer,tarte,4.0428,304,30,Makeup,Face
babassu foundcealer skincare foundation SPF 20,tarte,3.8002,856,40,Makeup,Face
SEA Hydroflex Serum Foundation,tarte,3.8897,272,39,Makeup,Face
Gifted Amazonian Clay Smart Mascara,tarte,4.3345,1943,25,Makeup,Eye
Lippie Lingerie Matte Lip Tint,tarte,3.7698,291,24,Makeup,Lip
SEA The Airbrusher Double-Ended Concealer Brush,tarte,4.5481,135,27,Makeup,Brushes & Applicators
Mini Amazonian Clay 12-Hour Blush,tarte,4.2152,79,16,Makeup,Cheek
Clay Play Face Shaping Palette II,tarte,4.1957,235,49,Makeup,Makeup Palettes
Colored Clay CC Undereye Corrector,tarte,4.2839,722,28,Makeup,Face
maracuja juicy lip crème,tarte,4.6667,18,24,Makeup,Lip
"Lights, Camera, Splashes Waterproof Mascara",tarte,3.6866,2055,25,Makeup,Eye
Amazonian Clay Waterproof Bronzer,tarte,4.6236,1145,32,Makeup,Cheek
SEA Jelly Glaze Anytime Lip Mask,tarte,4.1618,309,16,Makeup,Lip
Sex Kitten Liquid Liner,tarte,4.1388,641,22,Makeup,Eye
Opening Act Lash Primer,tarte,4.4476,382,25,Makeup,Eye
SEA Breezy Cream Bronzer,tarte,4.4239,184,29,Makeup,Cheek
Lash Paint Mascara,tarte,4.0474,1309,25,Makeup,Eye
SEA Power Flex Full Coverage Vegan Concealer,tarte,3.681,163,28,Makeup,Face
Mini SEA Power Flex Full Coverage Vegan Concealer,tarte,4.5,12,12,Makeup,Face
Smooth Operator Amazonian Clay Tinted Pressed Finishing Powder,tarte,4.1933,978,35,Makeup,Face
SEA Surfer Curl Volumizing Mascara,tarte,3.3956,819,24,Makeup,Eye
SEA Mini Breezy Cream Bronzer,tarte,4.4,120,14,Makeup,Mini Size
Pearly Girl Vegan Teeth Whitening Pen,tarte,4.1788,481,25,Skincare,High Tech Tools
Tarteist Pro Lash Adhesive,tarte,3.7105,228,15,Makeup,Eye
Maracuja Juicy Glow Highlighting Stick,tarte,4.1667,12,29,Makeup,Face
Mini Clay Play To-Go Cheek Palette,tarte,4.303,33,25,Makeup,Cheek
SEA Mini Breezy Cream Blush,tarte,4.4167,36,14,Makeup,Mini Size
Mini SEA Hydroflex Serum Foundation,tarte,3.1071,84,15,Makeup,Face
Tarteist Double Take Eyeliner- Travel Size,tarte,3.4722,180,15,Makeup,Eye
tartelette tubing mascara,tarte,3.6218,156,25,Makeup,Eye
SEA Breezy Blender Cream Bronzer Brush,tarte,4.4688,32,29,Makeup,Brushes & Applicators
SEA Breezy Cream Blush,tarte,4.3636,55,27,Makeup,Cheek
Amazonian Clay Waterproof Brow Pencil,tarte,4.3535,874,22,Makeup,Eye
SEA H2O Balm Lip Tint,tarte,3.7872,47,21,Makeup,Lip
Quick Stick Waterproof Shadow & Liner,tarte,3.7541,61,26,Makeup,Eye
Tartelette Juicy Amazonian Clay Eyeshadow Palette,tarte,4.2083,24,45,Makeup,Eye
Mini Maracuja Hydrating Tinted Moisturizer,tarte,3.3704,81,16,Makeup,Mini Size
Micellar Magic Makeup Remover & Cleanser,tarte,3.414,186,18,Makeup,Accessories
SEA Mermaid Skin Hyaluronic H2O Serum,tarte,4.1093,302,15,Skincare,Treatments
SEA Pack Your Bags Undereye Patches,tarte,4.1779,298,22,Skincare,Eye Care
Smooth Operator Amazonian Clay Finishing Setting Powder,tarte,3.7654,260,35,Makeup,Face
Foundcealer Foundation Brush,tarte,3.5079,126,30,Makeup,Brushes & Applicators
Mini SEA Surfer Curl Volumizing Mascara,tarte,3.0037,268,15,Makeup,Eye
Mini Timeless Smoothing Primer,tarte,3.6222,45,19,Makeup,Face
Mini Amazonian Clay Waterproof Bronzer,tarte,4.2857,42,16,Makeup,Cheek
maracuja juicy lip liner,tarte,4.3,10,20,Makeup,Lip
Amazonian Clay 16-Hour Full Coverage Foundation,tarte,3.3624,574,40,Makeup,Face
"Mini Lights, Camera, Lashes 4-in-1 Mascara",tarte,3.6266,233,15,Makeup,Eye
SEA Hydrocealer Concealer Brush,tarte,4.8333,6,22,Makeup,Brushes & Applicators
Cheeky Claymate Face Palette,tarte,4.359,39,25,Makeup,Cheek
The Buffer Airbrush Finish Foundation Brush,tarte,3.6471,17,34,Makeup,Brushes & Applicators
Mini BB Blur Tinted Moisturizer Broad Spectrum SPF 30,tarte,2.6842,38,16,Makeup,Face
Mini Opening Act Lash Primer,tarte,3.8824,51,15,Makeup,Eye
Sex Kitten Eyeliner,tarte,4.0595,185,22,Makeup,Eye
Pout Prep Lip Exfoliant,tarte,4.1024,205,16,Skincare,Lip Balms & Treatments
SEA Quench Hydrating Primer,tarte,3.805,200,32,Makeup,Face
tint & plump maracuja juicy lip duo,tarte,4.5,2,29,Makeup,Lip
SEA Surfer Curl Waterproof Gel Eyeliner,tarte,4.0345,29,20,Makeup,Eye
mini tartelette  tubing mascara,tarte,3.6515,66,15,Mini Size,Makeup
SEA Power Flex Concealer Brush,tarte,3.8889,9,22,Makeup,Brushes & Applicators
Maracuja Juicy Glow Skin Tint,tarte,3.68,25,40,Makeup,Face
Youth or Dare Multi-Acid & C-Serum,tarte,3.1014,138,42,Skincare,Treatments
Big Ego Mascara,tarte,3.4153,366,25,Makeup,Eye
Baba Bomb Moisturizer,tarte,4.4104,134,39,Skincare,Moisturizers
Mini babassu foundcealer skincare foundation SPF 20,tarte,3.52,25,16,Makeup,Face
Frameworker Brow Pomade,tarte,4.2,60,20,Makeup,Eye
Sketch & Set Brow Pencil and Tinted Gel,tarte,4.0408,49,25,Makeup,Eye
Amazonian clay blurring powder foundation,tarte,4.125,16,39,Makeup,Face
Foundcealer Multi-Tasking Sponge,tarte,4.1186,59,16,Makeup,Brushes & Applicators
Shimmering Light Highlighter,tarte,4.6,10,32,Makeup,Face
SEA Mini Drink of H2O Hydrating Boost Moisturizer,tarte,3.5814,86,14,Skincare,Mini Size
SEA Hydro-Smoother Brush,tarte,3.7,10,30,Makeup,Brushes & Applicators
SEA Glowtion Skin Perfector Primer,tarte,3.9429,35,32,Makeup,Face
Mini Amazonian Clay 16-Hour Full Coverage Foundation,tarte,3.7353,34,16,Mini Size,Makeup
Tarteist Brow Gel,tarte,3.8679,53,19,Makeup,Eye
Best of SEA Must-Haves Hydroflex Foundation Customizable Set,tarte,2.25,16,39,Makeup,Face
Mini Big Ego Mascara,tarte,3.5385,91,15,Makeup,Eye
knockout daily exfoliating cleanser,tarte,3.8983,59,12,Skincare,Cleansers
Travel Size Gifted Amazonian Clay Smart Mascara,tarte,3.28,25,15,Mini Size,Makeup
Mini Maracuja Oil,tarte,3.898,49,16,Skincare,Mini Size
Mini Lash Paint Mascara,tarte,3.6667,27,15,Makeup,Eye
Mini Sketch & Set Brow Pencil and Tinted Gel,tarte,3.3846,13,14,Makeup,Eye
Mini SEA Deep Dive Cleansing Gel,tarte,4.2889,45,12,Skincare,Mini Size
Fill Service Brow Brush and Spoolie,tarte,3.7692,13,20,Makeup,Brushes & Applicators
Amazonian Clay 16-Hour Full Coverage Foundation Custom Value Set,tarte,2,1,39,Makeup,Face
Big Ego DIY Brow Detailing Pen,tarte,3.5769,26,21,Makeup,Eye
Mini Baba Bomb Moisturizer,tarte,4.1111,36,14,Skincare,Mini Size
SEA Hydrocealer Sponge,tarte,,,16,Makeup,Brushes & Applicators
tartelette energy Amazonian clay palette,tarte,4.3333,6,25,Makeup,Eye
Brazilliance 2HR Express Deep Foaming Self-Tanner,tarte,3.0417,24,39,Skincare,Self Tanners
tartelette spark Amazonian clay palette,tarte,,,25,Makeup,Eye
Mini SEA Mermaid Skin Hyaluronic H2O Serum,tarte,3.6667,21,15,Skincare,Mini Size
Mini Maracuja Juicy Glow Skin Tint,tarte,4.2,5,16,Mini Size,Makeup
Mini knockout daily exfoliating cleanser,tarte,3.7895,19,12,Skincare,Mini Size
Brighter Smile Value Set,tarte,,,29,Makeup,Value & Gift Sets
Mini Micellar Magic Makeup Remover & Cleanser,tarte,3.4286,14,9,Skincare,Mini Size
knockout brightening gel moisturizer,tarte,4.25,8,14,Skincare,Moisturizers
Mini Amazonian Clay Finishing Powder,tarte,,,16,Mini Size,Makeup
Moisturizer Mini knockout brightening gel,tarte,4.6667,3,14,Skincare,Mini Size
Amazonian Clay Finishing Powder,tarte,4.3333,3,35,Makeup,Face
Knockout 10% Acid Complex Serum,tarte,5,3,39,Skincare,Treatments
Brazilliance Overnight Mask Gradual Self-Tanner,tarte,2.8333,6,29,Bath & Body,Self Tanners
lashes & splashes mascara duo,tarte,,,32,Makeup,Eye
Resurfacing BHA Glow Mask,Tata Harper,4.3471,847,68,Skincare,Masks
Regenerating Exfoliating Cleanser,Tata Harper,4.4649,699,88,Skincare,Cleansers
Water-Lock Moisturizer with Skin-Smoothing Peptides,Tata Harper,4.4461,343,68,Skincare,Moisturizers
Resurfacing AHA + BHA Serum,Tata Harper,4.2562,320,92,Skincare,Treatments
Clarifying Blemish & Oil Control Cleanser,Tata Harper,3.9476,267,88,Skincare,Cleansers
Mini Clarifying Blemish & Oil Control Cleanser,Tata Harper,3.9476,267,46,Skincare,Mini Size
Clarifying AHA + BHA Mask,Tata Harper,3.916,250,75,Skincare,Masks
Rejuvenating Anti-Aging Serum,Tata Harper,3.4232,241,146,Skincare,Treatments
Restorative Plumping + Brightening Eye Cream,Tata Harper,4.11,209,130,Skincare,Eye Care
Purifying Pore Detox Cleanser,Tata Harper,4.2059,170,88,Skincare,Cleansers
Mini Purifying Pore Detox Cleanser,Tata Harper,4.2059,170,46,Skincare,Mini Size
Repairative Anti-Aging Moisturizer,Tata Harper,3.4118,136,130,Skincare,Moisturizers
Purifying Pore & Blackhead Detox Mask,Tata Harper,3.845,129,75,Skincare,Masks
Tata's Daily Essentials Kit,Tata Harper,3.65,120,75,Skincare,Value & Gift Sets
Nourishing Makeup Removing Oil Cleanser,Tata Harper,4.0211,95,88,Skincare,Cleansers
Hydrating Hyaluronic Acid Floral Essence,Tata Harper,3.883,94,76,Skincare,Moisturizers
Revitalizing Anti-Aging Body Oil,Tata Harper,3.8421,38,120,Bath & Body,Body Moisturizers
Clarifying Moisturizer,Tata Harper,3.8519,81,130,Skincare,Moisturizers
Retinoic Nutrient Face Oil With Vitamin A,Tata Harper,4.2,75,165,Skincare,Moisturizers
Superkind Fragrance-Free Fortifying Moisturizer,Tata Harper,4.58,50,130,Skincare,Moisturizers
Superkind Fragrance-Free Softening Cleanser,Tata Harper,4.5417,48,88,Skincare,Cleansers
Superkind Fragrance-Free Bio-Barrier Serum,Tata Harper,4.7273,44,146,Skincare,Treatments
Hydrating Floral Mask,Tata Harper,4.375,32,95,Skincare,Masks
Crème Riche Anti-Aging Peptide Night Cream,Tata Harper,4.1429,21,230,Skincare,Moisturizers
Resurfacing + Smoothing Body Serum with AHAs,Tata Harper,4.7778,63,155,Bath & Body,Bath & Shower
Boosted Contouring Retinol Eye Balm,Tata Harper,3.4167,12,260,Skincare,Eye Care
Superkind Fragrance-Free Radiance Mask,Tata Harper,4.75,4,68,Skincare,Masks
The Clean Dream Team Set,Tata Harper,4,3,75,Skincare,Value & Gift Sets
Glow Facial Set,Tata Harper,3,1,98,Skincare,Value & Gift Sets
Superkind Refining Cleanser,Tata Harper,5,1,88,Skincare,Cleansers
Bio-Barrier Eye Crème,Tata Harper,,,130,Skincare,Eye Care
Deep Clean Kit,Tata Harper,,,85,Skincare,Value & Gift Sets
The Water Cream Oil-Free Pore Minimizing Moisturizer,Tatcha,4.0245,4168,70,Skincare,Moisturizers
Mini The Water Cream,Tatcha,4.0245,4168,22,Skincare,Mini Size
The Dewy Skin Cream Plumping & Hydrating Moisturizer,Tatcha,4.1023,3148,70,Skincare,Moisturizers
The Silk Canvas Protective Primer,Tatcha,4.0885,4148,54,Makeup,Face
The Essence Skincare Boosting Treatment,Tatcha,4.4442,2483,110,Skincare,Moisturizers
Mini The Essence  Skincare Boosting Treatment,Tatcha,4.4442,2483,65,Skincare,Moisturizers
The Rice Wash Skin-Softening Cleanser,Tatcha,4.5018,2449,40,Skincare,Cleansers
Mini Rice Wash Skin-Softening Cleanser,Tatcha,4.5018,2449,18,Skincare,Mini Size
The Liquid Silk Canvas: Featherweight Protective Primer,Tatcha,4.3976,1831,54,Makeup,Face
The Deep Cleanse Gentle Exfoliating Cleanser,Tatcha,4.1478,2361,40,Skincare,Cleansers
Mini Deep Cleanse Gentle Exfoliating Cleanser,Tatcha,4.1478,2361,18,Skincare,Mini Size
Luminous Dewy Skin Mist,Tatcha,3.951,2041,49,Skincare,Moisturizers
The Camellia Oil 2-in-1 Makeup Remover & Cleanser,Tatcha,4.4815,1836,50,Skincare,Cleansers
Mini Liquid Silk Canvas: Featherweight Protective Primer,Tatcha,4.3976,1831,24,Skincare,Mini Size
The Rice Polish Foaming Enzyme Powder,Tatcha,4.4278,1725,68,Skincare,Cleansers
Violet-C Brightening Serum 20% Vitamin C + 10% AHA,Tatcha,4.2124,1610,89,Skincare,Treatments
The Silk Peony Melting Eye Cream,Tatcha,4.1593,1557,62,Skincare,Eye Care
The Dewy Serum Resurfacing and Plumping Treatment,Tatcha,4.6355,1391,89,Skincare,Treatments
The Serum Stick: Treatment & Touch Up Balm,Tatcha,4.3761,1348,49,Skincare,Treatments
The Kissu Lip Mask,Tatcha,3.7724,1226,29,Skincare,Lip Balms & Treatments
Indigo Overnight Repair Serum in Cream Treatment,Tatcha,4.5474,1098,92,Skincare,Moisturizers
Mini Indigo Overnight Repair Serum in Cream Treatment,Tatcha,4.5474,1098,22,Skincare,Moisturizers
Mini Dewy Skin Mist,Tatcha,3.951,2041,22,Mini Size,Skincare
The Silk Powder Protective Setting Powder,Tatcha,4.4021,1363,49,Makeup,Face
The Silk Canvas Protective Primer Mini,Tatcha,3.6444,807,24,Skincare,Mini Size
Camellia Gold Spun Lip Balm,Tatcha,4.2806,670,30,Skincare,Lip Balms & Treatments
Violet-C Radiance Mask,Tatcha,4.0507,651,70,Skincare,Masks
The Silk Sunscreen Mineral Broad Spectrum SPF 50 PA++++ with Hyaluronic Acid and Niacinamide,Tatcha,3.3975,483,62,Skincare,Sunscreen
Mini The Silk Sunscreen Mineral Broad Spectrum SPF 50 PA++++ with Hyaluronic Acid and Niacinamide,Tatcha,3.3975,483,25,Mini Size,Skincare
The Silk Cream,Tatcha,4.1885,260,125,Skincare,Moisturizers
The Texture Tonic AHA Liquid Exfoliating Treatment,Tatcha,4.6484,219,62,Skincare,Treatments
The Clarifying Clay Mask Exfoliating Pore Treatment,Tatcha,4.6316,209,70,Skincare,Masks
Gold Camellia Beauty Oil,Tatcha,4.4751,181,98,Skincare,Moisturizers
Hinoki Gentle Exfoliating Body Wash,Tatcha,4.8059,170,34,Bath & Body,Bath & Shower
Hinoki Hydrating Body Oil,Tatcha,4.8698,169,58,Bath & Body,Body Moisturizers
Hinoki Body Milk Lotion,Tatcha,4.8488,172,48,Bath & Body,Body Moisturizers
The Silk Serum Wrinkle-Smoothing Retinol Alternative,Tatcha,4.8387,124,98,Skincare,Treatments
Luminous Deep Hydration Lifting Mask,Tatcha,4.4074,81,95,Skincare,Masks
Aburatorigami Japanese Blotting Papers,Tatcha,4.4074,54,14,Skincare,Cleansers
Dewy Cleanse + Hydrate Duo,Tatcha,4.5405,37,27,Skincare,Value & Gift Sets
Mini The Silk Powder,Tatcha,4,1,24,Mini Size,Makeup
Ageless Revitalizing Neck Cream,Tatcha,4.15,20,112,Skincare,Moisturizers
Mini Favorites Set,Tatcha,4.4211,19,68,Skincare,Value & Gift Sets
The Powder Brush,Tatcha,3.2857,7,88,Makeup,Brushes & Applicators
Clarifying Cleanse + Hydrate Duo,Tatcha,3.25,12,27,Skincare,Value & Gift Sets
Overnight Recovery Duo,Tatcha,4.2,10,88,Skincare,Value & Gift Sets
Strengthening Nighttime Ritual Set,Tatcha,4.875,8,95,Skincare,Value & Gift Sets
Clarifying Cleanse + Hydrate Duo,Tatcha,3.5,6,27,Skincare,Value & Gift Sets
Mini The Dewy Skin Cream,Tatcha,4,6,22,Skincare,Mini Size
The Essence Skincare Boosting Treatment – Lunar New Year Edition,Tatcha,5,2,110,Skincare,Moisturizers
The Essence Skincare Boosting Treatment – Lunar New Year Edition,Tatcha,,,110,Skincare,Moisturizers
Mini The Dewy Skin Cream Plumping & Hydrating Moisturizer,Tatcha,,,22,Skincare,Moisturizers
Vanilla Woods Eau de Parfum,The 7 Virtues,4.3717,1138,88,Fragrance,Women
Vanilla Woods Eau de Parfum Rollerball,The 7 Virtues,4.3717,1138,32,Fragrance,Women
Peace Perfume Discovery Set,The 7 Virtues,4.4875,160,29,Fragrance,Value & Gift Sets
Santal Vanille Eau de Parfum,The 7 Virtues,4.3216,342,88,Fragrance,Women
Santal Vanille Eau de Parfum Rollerball,The 7 Virtues,4.3216,342,32,Fragrance,Women
Vanilla Woods Gemstone Perfume Oil,The 7 Virtues,4.4789,71,69,Bath & Body,Body Moisturizers
Lotus Pear Eau de Parfum,The 7 Virtues,4.4679,265,88,Fragrance,Women
Blackberry Lily Eau de Parfum,The 7 Virtues,4.4495,218,88,Fragrance,Women
Lotus Pear Eau de Parfum Rollerball,The 7 Virtues,4.4679,265,32,Fragrance,Women
Orange Blossom Eau de Parfum Rollerball,The 7 Virtues,4.3131,99,32,Fragrance,Women
Blackberry Lily Gemstone Perfume Oil,The 7 Virtues,4.6364,33,69,Bath & Body,Body Moisturizers
Jasmine Neroli Eau de Parfum Rollerball,The 7 Virtues,4.3362,116,32,Fragrance,Women
Rose Amber Eau de Parfum,The 7 Virtues,4.3977,88,88,Fragrance,Women
Jasmine Neroli Eau de Parfum,The 7 Virtues,4.3362,116,88,Fragrance,Women
Coconut Sun Eau de Parfum,The 7 Virtues,4.45,40,88,Fragrance,Women
Orange Blossom Eau de Parfum,The 7 Virtues,4.3131,99,88,Fragrance,Women
Santal Vanille Gemstone Perfume Oil,The 7 Virtues,4.6364,55,69,Bath & Body,Body Moisturizers
Rose Amber Eau de Parfum Rollerball,The 7 Virtues,4.3977,88,32,Fragrance,Women
Coconut Sun Eau de Parfum Travel Spray,The 7 Virtues,3.4828,29,32,Fragrance,Women
Patchouli Citrus Eau de Parfum Rollerball,The 7 Virtues,4.3093,97,32,Fragrance,Women
Patchouli Citrus Eau de Parfum,The 7 Virtues,4.3093,97,88,Fragrance,Women
Vetiver Elemi Eau de Parfum,The 7 Virtues,4.4478,67,88,Fragrance,Women
Lotus Pear Perfume Oil,The 7 Virtues,4.6667,12,69,Fragrance,Women
Peace Perfume Discovery Set,The 7 Virtues,,,25,Fragrance,Value & Gift Sets
Oat Cleansing Balm,The INKEY List,3.6098,2968,11.99,Skincare,Cleansers
Mini Oat Cleansing Balm,The INKEY List,3.6098,2968,5.99,Skincare,Cleansers
Hyaluronic Acid Hydrating Serum,The INKEY List,4.4073,1964,9.99,Skincare,Treatments
Caffeine Eye Cream,The INKEY List,3.898,1598,10.99,Skincare,Eye Care
Salicylic Acid Acne + Pore Cleanser,The INKEY List,4.3775,1547,11.99,Skincare,Cleansers
Retinol Anti-Aging Serum,The INKEY List,4.3826,1137,12.99,Skincare,Treatments
Brighten-i Eye Cream,The INKEY List,3.7617,1137,12.99,Skincare,Eye Care
Salicylic Acid Exfoliating Scalp Treatment,The INKEY List,3.9797,197,15.99,Hair,Hair Styling & Treatments
Niacinamide Oil Control Serum,The INKEY List,4.199,985,9.99,Skincare,Treatments
Polyglutamic Acid Hydrating Serum,The INKEY List,4.3937,960,14.99,Skincare,Treatments
Succinic Acid Acne Treatment,The INKEY List,3.8503,915,9.99,Skincare,Treatments
Peptide Moisturizer,The INKEY List,3.7913,781,15.99,Skincare,Moisturizers
15% Vitamin C and EGF Brightening Serum,The INKEY List,3.9446,668,15.99,Skincare,Treatments
Retinol Eye Cream,The INKEY List,3.9532,662,12.99,Skincare,Eye Care
Q10 Antioxidant Serum,The INKEY List,4.3088,612,9.99,Skincare,Treatments
Collagen Booster Firming Peptide Serum,The INKEY List,4.3103,580,12.99,Skincare,Treatments
Omega Water Cream Moisturizer,The INKEY List,4.073,562,10.99,Skincare,Moisturizers
Vitamin C Brightening Cream,The INKEY List,3.0271,517,10.99,Skincare,Treatments
Tranexamic Acid Hyperpigmentation Treatment,The INKEY List,3.9335,511,15.99,Skincare,Treatments
Hyaluronic Acid Hydrating Hair Treatment,The INKEY List,4.2604,169,10.99,Hair,Hair Styling & Treatments
Polyhydroxy Acid (PHA) Gentle Exfoliating Toner,The INKEY List,4.2619,443,12.99,Skincare,Cleansers
Beta Hydroxy Acid (BHA) Blemish + Blackhead Serum,The INKEY List,4.0835,431,12.99,Skincare,Treatments
Bakuchiol Retinol Alternative Moisturizer,The INKEY List,4.0376,346,12.99,Skincare,Treatments
Fulvic Acid Brightening Cleanser,The INKEY List,4.4203,345,11.99,Skincare,Cleansers
Mini Fulvic Acid Brightening Cleanser,The INKEY List,4.4203,345,5.99,Skincare,Cleansers
Caffeine Stimulating Scalp Treatment,The INKEY List,4.0615,130,15.99,Hair,Hair Styling & Treatments
Ceramide Hydrating Night Treatment,The INKEY List,4.2899,307,15.99,Skincare,Treatments
"Vitamin B, C, and E Moisturizer",The INKEY List,4.1429,294,7.99,Skincare,Moisturizers
Glycolic Acid Exfoliating Toner,The INKEY List,4.3918,291,12.99,Skincare,Cleansers
Glycolic Acid Exfoliating Scalp Scrub,The INKEY List,4.2817,71,14.99,Hair,Hair Styling & Treatments
Peptide Volumizing Hair Treatment,The INKEY List,4.1679,131,13.99,Hair,Hair Styling & Treatments
Kaolin Mask,The INKEY List,4.3084,227,7.49,Skincare,Masks
Hyaluronic Acid Cleanser,The INKEY List,4.1735,219,10.99,Skincare,Cleansers
Mandelic Acid Treatment,The INKEY List,4.4615,195,11.99,Skincare,Treatments
Rosehip Nourishing Night Oil,The INKEY List,4.1029,175,11.99,Skincare,Moisturizers
PCA Bond Repair Hair Treatment,The INKEY List,3.2581,31,13.99,Hair,Hair Styling & Treatments
Squalane Oil,The INKEY List,4.4422,147,12.99,Skincare,Moisturizers
Alpha Arbutin Brightening Serum,The INKEY List,4.2174,115,12.99,Skincare,Treatments
SuperSolutions 5% Benzoyl Peroxide Cleanser Acne Solution,The INKEY List,3.7722,79,17.99,Skincare,Cleansers
SuperSolutions 1% Retinol Serum,The INKEY List,4.1558,77,24.99,Skincare,Treatments
Symbright Brightening Moisturizer,The INKEY List,3.3467,75,13.99,Skincare,Moisturizers
SuperSolutions 10% Azelaic Serum Redness Relief Solution,The INKEY List,3.863,73,17.99,Skincare,Treatments
SuperSolutions 20% Niacinamide Serum,The INKEY List,3.8971,68,17.99,Skincare,Treatments
SuperSolutions 10% Urea Moisturizer Textured Skin Solution,The INKEY List,4.1935,62,19.99,Skincare,Moisturizers
C-50 Blemish Night Treatment,The INKEY List,4.1724,58,15.99,Skincare,Treatments
Polyglutamic Acid Dewy Sunscreen SPF 30,The INKEY List,4.8654,52,14.99,Skincare,Sunscreen
Back to Basics: Hydration Heroes Skincare Set,The INKEY List,3.75,4,27,Skincare,Value & Gift Sets
Maker Perfume Discovery Kit,The Maker,,,35,Fragrance,Value & Gift Sets
Naked Eau de Parfum,The Maker,,,175,Fragrance,Women
Fire Eau de Parfum,The Maker,,,175,Fragrance,Women
Wild Eau de Parfum,The Maker,,,175,Fragrance,Women
Libertine Eau de Parfum,The Maker,,,175,Fragrance,Women
Paradiso Eau de Parfum,The Maker,,,175,Fragrance,Women
Stag Eau de Parfum,The Maker,,,175,Fragrance,Women
Spiritus Candle,The Maker,,,80,Fragrance,Candles & Home Scents
Artist Candle,The Maker,,,80,Fragrance,Candles & Home Scents
Gardener Candle,The Maker,,,80,Fragrance,Candles & Home Scents
Forest Lungs Anti-Stress Fragrance Travel Spray,The Nue Co.,4.2042,191,30,Skincare,Wellness
Debloat+ Anti-Bloat Supplement with Digestive Enzymes,The Nue Co.,4.2651,166,45,Skincare,Wellness
Prebiotic + Probiotic Vegan Gut Microbiome Supplement,The Nue Co.,4.4356,163,55,Skincare,Wellness
Supa Thick Scalp Serum,The Nue Co.,4.6905,42,45,Hair,Hair Styling & Treatments
Skin Hydrator Ceramide and Hyaluronic Acid Supplement,The Nue Co.,4.1883,154,45,Skincare,Wellness
Skin Filter Vitamin A and Zinc Blemish + Brightening Supplement,The Nue Co.,4.1544,149,45,Skincare,Wellness
Growth Phase Hair Supplement,The Nue Co.,4.55,40,65,Hair,Hair Styling & Treatments
Mini Debloat+ Anti-Bloat Supplement with Digestive Enzymes,The Nue Co.,4.6,25,18,Skincare,Wellness
Skin Filter Daily Brightening Phyto-Retinol + AHA Serum,The Nue Co.,5,12,65,Skincare,Treatments
Barrier Culture Moisturizer with Niacinamide & Squalane,The Nue Co.,5,7,65,Skincare,Moisturizers
The Hair Growth Collection,The Nue Co.,5,2,88,Hair,Value & Gift Sets
"Barrier Culture Cleanser Pre-, Pro- & Postbiotic Face Wash",The Nue Co.,5,6,42,Skincare,Cleansers
Niacinamide 10% + Zinc 1% Oil Control Serum,The Ordinary,4.2439,5778,6,Skincare,Treatments
Multi-Peptide Lash and Brow Serum,The Ordinary,3.9864,2355,14.5,Makeup,Eye
Multi-Peptide Serum for Hair Density,The Ordinary,3.863,1168,21.7,Hair,Hair Styling & Treatments
Hyaluronic Acid 2% + B5 Hydrating Serum,The Ordinary,4.2133,3788,15.7,Skincare,Treatments
AHA 30% + BHA 2% Exfoliating Peeling Solution,The Ordinary,4.5734,3242,9.5,Skincare,Treatments
Glycolic Acid 7% Exfoliating Toning Solution,The Ordinary,4.3456,2891,13,Skincare,Cleansers
Caffeine 5% + EGCG Depuffing Eye Serum,The Ordinary,3.7715,2118,8.9,Skincare,Treatments
Natural Moisturizing Factors + HA,The Ordinary,4.1472,2052,6.5,Skincare,Treatments
High-Adherence Silicone Primer,The Ordinary,3.902,929,6.7,Makeup,Face
100% Organic Cold-Pressed Rose Hip Seed Oil,The Ordinary,4.3988,1620,10.9,Skincare,Moisturizers
Multi-Peptide + HA Serum,The Ordinary,4.1429,1609,30.8,Skincare,Treatments
Lactic Acid 10% + HA 2% Exfoliating Serum,The Ordinary,4.5035,1289,8.9,Skincare,Treatments
Vitamin C Suspension 23% + HA Spheres 2%,The Ordinary,3.4454,1109,7.8,Skincare,Treatments
Azelaic Acid 10% Suspension Brightening Cream,The Ordinary,4.1578,957,11.1,Skincare,Treatments
"The Hair, Lash & Brow Density Set",The Ordinary,3.3529,17,24.3,Hair,Value & Gift Sets
Natural Moisturizing Factors + Hyaluronic Acid Scalp Serum,The Ordinary,3.894,566,14.2,Hair,Hair Styling & Treatments
Squalane Cleanser,The Ordinary,4.0068,888,9,Skincare,Cleansers
High-Spreadability Fluid Primer,The Ordinary,4.0462,173,10,Makeup,Face
Alpha Arbutin 2% + HA Hyperpigmentation Serum,The Ordinary,4.0411,755,11.1,Skincare,Treatments
Granactive Retinoid* 2% Emulsion,The Ordinary,4.4548,708,11.7,Skincare,Treatments
100% Plant-Derived Squalane,The Ordinary,4.5374,655,10,Skincare,Treatments
Salicylic Acid 2% Masque,The Ordinary,4.3736,637,13.3,Skincare,Masks
Ascorbic Acid 8% + Alpha Arbutin 2%,The Ordinary,3.7505,501,12.2,Skincare,Treatments
Mandelic Acid 10% + HA,The Ordinary,4.464,431,7.5,Skincare,Treatments
Vitamin C Suspension 30% in Silicone,The Ordinary,3.6345,394,8.3,Skincare,Treatments
Sulphate 4% Shampoo Cleanser for Body & Hair,The Ordinary,3.8583,635,8.9,Hair,Shampoo & Conditioner
100% Organic Cold-Pressed Moroccan Argan Oil,The Ordinary,4.1709,357,7.5,Skincare,Moisturizers
Salicylic Acid 2% Anhydrous Solution Pore Clearing Serum,The Ordinary,3.8389,329,7.2,Skincare,Treatments
100% Plant-Derived Hemi-Squalane,The Ordinary,4.398,294,5,Skincare,Treatments
Behentrimonium Chloride 2% Conditioner,The Ordinary,4.1591,591,8.9,Hair,Shampoo & Conditioner
"""Buffet"" + Copper Peptides 1%",The Ordinary,4.1804,255,30.9,Skincare,Treatments
Argireline Solution 10%,The Ordinary,4.1984,247,9.4,Skincare,Treatments
"""B"" Oil",The Ordinary,4.2286,245,11.1,Skincare,Moisturizers
Marine Hyaluronics,The Ordinary,4.209,244,8.9,Skincare,Treatments
Matrixyl* 10% + HA,The Ordinary,4.3165,237,10.5,Skincare,Treatments
Amino Acids + B5,The Ordinary,4.4123,228,8.9,Skincare,Treatments
Multi-Peptide Eye Serum,The Ordinary,3.9714,210,25,Skincare,Eye Care
Pycnogenol 5%,The Ordinary,4.5243,206,11.1,Skincare,Treatments
100% L-Ascorbic Acid Powder,The Ordinary,4.3317,202,6.4,Skincare,Treatments
Lactic Acid 5% + HA,The Ordinary,4.3081,172,7.8,Skincare,Treatments
Ascorbyl Tetraisopalmitate Solution 20% in Vitamin F,The Ordinary,3.8193,166,19.8,Skincare,Treatments
Mini Multi Peptide Hair Density Serum,The Ordinary,2.6667,3,13,Mini Size,Hair
Resveratrol 3% + Ferulic Acid 3%,The Ordinary,4,162,10,Skincare,Treatments
Ascorbyl Glucoside Solution 12%,The Ordinary,4.0926,162,14.3,Skincare,Treatments
EUK 134 0.1%,The Ordinary,4.35,140,11.1,Skincare,Treatments
Mini Squalane Cleanser,The Ordinary,3.9537,108,9,Skincare,Cleansers
100% Niacinamide Powder,The Ordinary,4.3187,91,6.4,Skincare,Treatments
Mini Natural Moisturizing Factors + HA,The Ordinary,3.9213,89,6.5,Skincare,Treatments
100% Organic Virgin Chia Seed Oil,The Ordinary,4.1892,74,8.5,Skincare,Moisturizers
Salicylic Acid 2% Exfoliating Blemish Solution,The Ordinary,4.2535,71,6.5,Skincare,Treatments
Ethylated Ascorbic Acid 15% Solution,The Ordinary,4,42,20,Skincare,Treatments
The Bright Set,The Ordinary,4.0625,16,40.7,Skincare,Value & Gift Sets
The Skinimalist Set,The Ordinary,4.5,10,22,Skincare,Value & Gift Sets
Glucoside Foaming Cleanser,The Ordinary,4.3333,6,12.5,Skincare,Cleansers
The Original MakeUp Eraser Makeup Remover Cloth,The Original MakeUp Eraser,4.2671,2523,20,Makeup,Accessories
THE PUFF 5 Piece Set: Tone & Deeply Exfoliate,The Original MakeUp Eraser,3.5333,15,15,Tools & Brushes,Brushes & Applicators
THE SPONGE,The Original MakeUp Eraser,4.5794,126,18,Makeup,Brushes & Applicators
Juicy Optimism 7 Piece MakeUp Eraser Set,The Original MakeUp Eraser,4.5,10,25,Makeup,Accessories
Earth Day Set,The Original MakeUp Eraser,4.4,10,25,Makeup,Value & Gift Sets
Smiley MakeUp Eraser 7-Day Set,The Original MakeUp Eraser,4.875,8,25,Makeup,Accessories
Mini Pink Reusable MakeUp Eraser,The Original MakeUp Eraser,5,2,10,Makeup,Accessories
Ultralight Moisture-Boosting Botanical Oil,The Outset,4.836,189,44,Skincare,Moisturizers
Firming Vegan Collagen Prep Serum,The Outset,4.6898,187,46,Skincare,Treatments
Exfoliating Revitalizing & Energizing Caffeine Micro Polish,The Outset,4.7705,183,34,Skincare,Cleansers
Restorative Niacinamide Night Cream,The Outset,4.6225,151,54,Skincare,Moisturizers
Smoothing Vitamin C Eye + Expression Lines Cream,The Outset,4.374,123,42,Skincare,Eye Care
Nourishing Squalane Daily Moisturizer,The Outset,4.5893,112,44,Skincare,Moisturizers
Gentle Micellar Antioxidant Cleanser,The Outset,4.6937,111,32,Skincare,Cleansers
Daily Essentials Travel Set,The Outset,4.5741,108,50,Skincare,Value & Gift Sets
Phluid Sampler Set,The Phluid Project,3,6,20,Fragrance,Value & Gift Sets
Transcend Eau de Parfum,The Phluid Project,4.7391,23,55,Fragrance,Women
Transcend Eau de Parfum Travel Spray,The Phluid Project,,,20,Fragrance,Women
Balance Eau de Parfum Travel Spray,The Phluid Project,4,2,20,Fragrance,Women
Intention Eau de Parfum,The Phluid Project,4.6111,18,20,Fragrance,Women
Humanity Eau de Parfum Travel Spray,The Phluid Project,3.6667,3,20,Fragrance,Women
Intention Eau de Parfum Travel Spray,The Phluid Project,5,1,20,Fragrance,Women
Balance Eau de Parfum,The Phluid Project,4.8889,18,20,Fragrance,Women
Humanity Eau de Parfum,The Phluid Project,4.7778,18,20,Fragrance,Women
Florence,TOCCA,4.3896,734,80,Fragrance,Women
Cleopatra,TOCCA,4.2905,568,80,Fragrance,Women
Giulietta,TOCCA,4.3654,468,80,Fragrance,Women
Stella,TOCCA,4.4779,452,80,Fragrance,Women
Gia,TOCCA,3.9535,86,27,Fragrance,Women
Bianca,TOCCA,4.5521,163,46,Fragrance,Women
Giulietta Rollerball,TOCCA,3.9636,55,27,Fragrance,Women
Stella Travel Spray,TOCCA,4.5769,26,46,Fragrance,Women
Mini Replica Wardrobe Set,TOCCA,3.9,10,48,Fragrance,Value & Gift Sets
Maya,TOCCA,4.0154,65,27,Fragrance,Women
Maya Rollerball,TOCCA,4.3846,26,27,Fragrance,Women
Maya Hair Fragrance,TOCCA,4,4,34,Fragrance,Women
Emelia,TOCCA,4.4889,45,76,Fragrance,Women
Gia Rollerball,TOCCA,4.1667,6,27,Fragrance,Women
Giulietta Travel Spray,TOCCA,4.8571,7,46,Fragrance,Women
Florence Travel Spray,TOCCA,5,5,46,Fragrance,Women
Cleopatra Travel Spray,TOCCA,4.6667,3,46,Fragrance,Women
Eye Color Quad Eyeshadow Palette,TOM FORD,4.3658,2061,90,Makeup,Eye
Lip Color Lipstick,TOM FORD,4.5791,841,59,Makeup,Lip
Lost Cherry,TOM FORD,4.1758,1041,395,Fragrance,Women
Lip Color Matte Lipstick,TOM FORD,4.5879,1126,59,Makeup,Lip
Tobacco Vanille,TOM FORD,4.3116,1210,295,Fragrance,Women
Mini Soleil Blanc Shimmering Body Oil,TOM FORD,4.3983,816,34,Fragrance,Women
Gloss Luxe Lip Gloss,TOM FORD,4.6643,971,59,Makeup,Lip
Black Orchid Eau de Parfum,TOM FORD,4.2191,1912,150,Fragrance,Women
Soleil Blanc Shimmering Body Oil,TOM FORD,4.3983,816,100,Fragrance,Women
Lost Cherry Travel Spray,TOM FORD,4.1734,1038,80,Fragrance,Women
Traceless Soft Matte Foundation,TOM FORD,4.3998,1228,90,Makeup,Face
Traceless Foundation Stick,TOM FORD,4.3422,301,90,Makeup,Face
Soleil Blanc,TOM FORD,4.1481,824,295,Fragrance,Women
Tobacco Vanille Travel Spray,TOM FORD,4.3116,1210,70,Fragrance,Women
Shade And Illuminate Cream Contour Duo,TOM FORD,4.5059,1109,90,Makeup,Face
Bitter Peach Eau De Parfum,TOM FORD,4.1186,894,395,Fragrance,Women
Soleil Balm Frost Lip Balm,TOM FORD,3.3918,97,58,Makeup,Lip
Fucking Fabulous,TOM FORD,3.9544,943,395,Fragrance,Women
Ultra Shine Lip Color,TOM FORD,4.6596,564,59,Makeup,Lip
Oud Wood,TOM FORD,4.4396,1092,295,Fragrance,Women
Velvet Orchid,TOM FORD,4.3795,332,150,Fragrance,Women
Soleil Blanc Travel Spray,TOM FORD,4.1481,824,70,Fragrance,Women
Ombré Leather Eau de Parfum,TOM FORD,4.2316,898,150,Fragrance,Women
Fucking Fabulous Travel Spray,TOM FORD,3.9544,943,80,Fragrance,Women
Eau de Soleil Blanc,TOM FORD,4.165,618,150,Fragrance,Women
Eye Defining Pen Liquid Eyeliner Duo,TOM FORD,4.5055,1187,62,Makeup,Eye
Rose Prick,TOM FORD,4.23,974,395,Fragrance,Women
Neroli Portofino,TOM FORD,3.4729,277,295,Fragrance,Women
Black Orchid Eau de Parfum Travel Spray,TOM FORD,4.2191,1912,50,Fragrance,Women
Bitter Peach Eau de Parfum Travel Spray,TOM FORD,4.1186,894,80,Fragrance,Women
Soleil Neige,TOM FORD,4.6016,620,295,Fragrance,Women
Soleil Glow Bronzer,TOM FORD,4.4894,47,70,Makeup,Face
Eye Color Crème Eyeshadow Quad,TOM FORD,4.4063,571,90,Makeup,Eye
Velvet Orchid Travel Spray,TOM FORD,4.3795,332,50,Fragrance,Women
Oud Wood Travel Spray,TOM FORD,4.4396,1092,70,Fragrance,Women
Jasmin Rouge,TOM FORD,4.5918,49,295,Fragrance,Women
Shade and Illuminate Highlighting Duo,TOM FORD,4.4924,526,89,Makeup,Face
Lip Blush Lip Balm,TOM FORD,4.2258,31,58,Makeup,Lip
Eau de Soleil Blanc Travel Spray,TOM FORD,4.141,681,50,Fragrance,Women
Santal Blush,TOM FORD,4.4286,56,180,Fragrance,Women
Shade & Illuminate Blush Duo,TOM FORD,4.5987,638,95,Makeup,Cheek
Rose Prick Travel Spray,TOM FORD,4.23,974,80,Fragrance,Women
Soleil Neige Eau De Parfum Travel Spray,TOM FORD,4.6016,620,70,Fragrance,Women
White Suede,TOM FORD,4.52,25,295,Fragrance,Women
Noir Extreme,TOM FORD,4.467,439,215,Fragrance,Men
Noir de Noir,TOM FORD,4.6279,43,295,Fragrance,Women
Tuscan Leather,TOM FORD,3.8034,595,295,Fragrance,Women
Ombré Leather Eau de Parfum Travel Spray,TOM FORD,4.2316,898,50,Fragrance,Women
Mandarino Di Amalfi,TOM FORD,3.9318,44,295,Fragrance,Women
Black Orchid Parfum,TOM FORD,4.2806,581,235,Fragrance,Women
Mini Soleil Neige Shimmering Body Oil,TOM FORD,4.4615,26,34,Fragrance,Women
Ébène Fumé Eau de Parfum,TOM FORD,4.2469,1142,295,Fragrance,Women
Vanille Fatale,TOM FORD,3.65,20,295,Fragrance,Women
Cherry Smoke,TOM FORD,3.8667,15,395,Fragrance,Women
Lip Blush,TOM FORD,3.7297,37,58,Makeup,Lip
Bitter Peach Lip Color Matte Lipstick,TOM FORD,4.6818,22,58,Makeup,Lip
Brow Sculptor,TOM FORD,4.5911,538,56,Makeup,Eye
Electric Cherry,TOM FORD,3.6154,13,395,Fragrance,Women
Fucking Fabulous Candle,TOM FORD,2.9,20,135,Fragrance,Candles & Home Scents
MÉTALLIQUE,TOM FORD,3.6533,225,235,Fragrance,Women
Lost Cherry Perfume Set,TOM FORD,5,3,390,Fragrance,Value & Gift Sets
White Suede Travel Spray,TOM FORD,3.8,5,70,Fragrance,Women
Noir de Noir Travel Spray,TOM FORD,4,18,65,Fragrance,Women
Soleil Neige Shimmering Body Oil,TOM FORD,4.4615,26,100,Bath & Body,Body Moisturizers
Emotionproof Mascara,TOM FORD,4.0698,129,50,Makeup,Eye
Soleil Brulant,TOM FORD,4.0379,449,395,Fragrance,Women
Lost Cherry Candle,TOM FORD,4.2857,7,135,Fragrance,Candles & Home Scents
Costa Azzurra Eau de Parfum,TOM FORD,4.5111,853,150,Fragrance,Men
Tubéreuse Nue,TOM FORD,4.0117,426,395,Fragrance,Women
Soleil Neige Eye Color Quad,TOM FORD,2.5,4,90,Makeup,Eye
Ombré Leather Parfum,TOM FORD,4.3349,642,235,Fragrance,Women
Rose D'Amalfi Eau De Parfum,TOM FORD,4.1618,272,295,Fragrance,Women
Extreme Mascara,TOM FORD,4.1337,419,50,Makeup,Eye
Conditioning Beard Oil,TOM FORD,4.5357,28,57,Men,Shaving
Rose Prick Candle,TOM FORD,5,2,135,Fragrance,Candles & Home Scents
Soleil Brulant Eau de Parfum Travel Spray,TOM FORD,4.0379,449,80,Fragrance,Women
Sheer Cheek Duo,TOM FORD,3.625,8,84,Makeup,Cheek
Bitter Peach Eye Colour Eyeshadow Palette,TOM FORD,2.5455,22,89,Makeup,Eye
Bitter Peach Perfume Set,TOM FORD,4.6667,3,390,Fragrance,Value & Gift Sets
Ombré Leather Parfum Travel Spray,TOM FORD,4.3349,642,65,Fragrance,Women
Rose De Chine Eau De Parfum,TOM FORD,4.3563,247,295,Fragrance,Women
Traceless Soft Matte Primer,TOM FORD,4.342,462,90,Makeup,Face
Costa Azzurra Parfum,TOM FORD,4.5191,131,235,Fragrance,Men
Tuscan Leather Travel Spray,TOM FORD,3.8034,595,70,Fragrance,Women
Fougère d'Argent,TOM FORD,5,9,295,Fragrance,Men
Noir Extreme Travel Spray,TOM FORD,4.2857,7,49,Fragrance,Women
Tubéreuse Nue Travel Spray,TOM FORD,4.0117,426,80,Fragrance,Women
Brow Gel Comb,TOM FORD,3.5,8,54,Makeup,Eye
Bois Marocain Eau de Parfum,TOM FORD,4.0363,496,295,Fragrance,Women
Oud Wood Perfume Set,TOM FORD,,,285,Fragrance,Value & Gift Sets
Ebene Fume Eau de Parfum Travel Spray,TOM FORD,5,2,75,Fragrance,Women
Bitter Peach Candle,TOM FORD,4,1,135,Fragrance,Candles & Home Scents
Noir Extreme Parfum,TOM FORD,4.6117,273,235,Fragrance,Men
Beau de Jour,TOM FORD,4.1591,421,150,Fragrance,Men
Rose Prick Eye Color Crème Eyeshadow Quad,TOM FORD,3.4286,7,90,Makeup,Eye
Rose Prick Lip Color Satin Matte,TOM FORD,,,60,Makeup,Lip
Most Wanted Lip Color Lipstick Collection,TOM FORD,4.5684,841,59,Makeup,Lip
Traceless Soft Matte Concealer,TOM FORD,5,1,60,Makeup,Face
Eyebrow Laminator,TOM FORD,4.0884,441,55,Makeup,Eye
Eye Color Quad - Cherry Collection,TOM FORD,,,90,Makeup,Eye
Better Than Sex Volumizing & Lengthening Mascara,Too Faced,3.7373,18610,28,Makeup,Eye
Born This Way Super Coverage Multi-Use Longwear Concealer,Too Faced,4.339,4230,34,Makeup,Face
Born This Way Natural Finish Longwear Liquid Foundation,Too Faced,4.0437,14882,45,Makeup,Face
Melted Matte Liquid Lipstick,Too Faced,4.1661,2745,26,Makeup,Lip
Chocolate Soleil Matte Bronzer,Too Faced,4.625,3947,35,Makeup,Cheek
Lip Injection Extreme Hydrating Lip Plumper,Too Faced,3.6516,2615,29,Makeup,Lip
Sweet Peach Eyeshadow Palette,Too Faced,4.4938,2965,49,Makeup,Eye
Hangover Replenishing Face Primer,Too Faced,4.0941,3656,37,Makeup,Face
Hangover 3-in-1 Replenishing Primer & Setting Spray,Too Faced,4.2129,1494,36,Makeup,Face
Mini Better Than Sex Volumizing & Lengthening Mascara,Too Faced,3.7063,15620,16,Mini Size,Makeup
Mini Lip Injection Extreme Hydrating Lip Plumper,Too Faced,3.6069,2521,16,Mini Size,Makeup
Diamond Light Highlighter,Too Faced,4.1511,556,39,Makeup,Face
Shadow Insurance 24-Hour Eyeshadow Primer,Too Faced,4.0437,595,26,Makeup,Eye
Better Than Sex Volumizing & Lengthening Waterproof Mascara,Too Faced,2.9841,4022,28,Makeup,Eye
Born This Way The Natural Nudes Eyeshadow Palette,Too Faced,3.9965,286,52,Makeup,Eye
Natural Eyes Eyeshadow Palette,Too Faced,4.3351,379,44,Makeup,Eye
Lip Injection Hydrating & Plumping Lip Gloss,Too Faced,3.7268,1208,26,Makeup,Lip
Lip Injection Power Plumping Hydrating Lip Gloss,Too Faced,4.4161,137,26,Makeup,Lip
Cloud Crush Blurring Blush,Too Faced,4.5428,619,29,Makeup,Cheek
Natural Face Palette,Too Faced,4.5449,345,44,Makeup,Makeup Palettes
Lip Injection Maximum Plump Extra Strength Hydrating Lip Plumper,Too Faced,4.0842,736,33,Makeup,Lip
Peach Puff Long-Wearing Diffused Matte Lip Color,Too Faced,4.2839,310,19,Makeup,Lip
Hangover Pillow Balm Ultra-Hydrating Lip Balm,Too Faced,4.494,334,26,Makeup,Lip
Sun Bunny Natural Bronzer,Too Faced,4.5176,997,35,Makeup,Cheek
Mini Better Than Sex Waterproof Mascara,Too Faced,3.458,727,16,Mini Size,Makeup
Born This Way Matte Longwear Liquid Foundation,Too Faced,4.2657,1035,45,Makeup,Face
Mini Hangover Replenishing Face Primer,Too Faced,4.0941,3656,18,Mini Size,Makeup
Mini Lip Injection Maximum Plump Extra Strength Hydrating Lip Plumper,Too Faced,3.6645,152,18,Makeup,Mini Size
Damn Girl! 24-Hour Mascara,Too Faced,3.1733,2112,29,Makeup,Eye
Pretty Rich Diamond Light Eyeshadow Palette,Too Faced,4.1953,256,49,Makeup,Eye
Born This Way Pressed Powder Foundation,Too Faced,4.0047,213,39,Makeup,Face
Killer Liner 36 Hour Waterproof Gel Eyeliner,Too Faced,3.5,170,23,Makeup,Eye
Better Than Sex Easy Glide Waterproof Liquid Eyeliner,Too Faced,3.6175,536,24,Makeup,Eye
Born This Way Ethereal Light Smoothing Concealer,Too Faced,4.2849,516,26,Makeup,Face
Mini Lip Injection Plumping Mobile Lip Plumper Set,Too Faced,4,20,36,Makeup,Lip
Peach Perfect Instant Coverage Concealer - Peaches and Cream Collection,Too Faced,3.5887,124,22,Makeup,Face
Too Femme Heart Core Lipstick,Too Faced,4.625,56,26,Makeup,Lip
Lady Bold Cream Lipstick,Too Faced,4.4481,616,28,Makeup,Lip
Born This Way Sunset Stripped Eyeshadow Palette,Too Faced,4.543,291,52,Makeup,Eye
Lip Injection Power Plumping Cream Liquid Lipstick,Too Faced,3.3548,31,28,Makeup,Lip
Lady Bold Waterproof Longwear Lip Liner,Too Faced,4.5546,577,20,Makeup,Lip
Cocoa Bold Cream Lipstick,Too Faced,4.4762,21,28,Makeup,Lip
Mini Damn Girl! 24-Hour Mascara,Too Faced,3.3969,262,17,Mini Size,Makeup
Fluff & Hold Laminating Brow Wax,Too Faced,4.0156,639,25,Makeup,Eye
Mini Secret Santa Eyeshadow Palette,Too Faced,4.2,10,29,Mini Size,Value & Gift Sets
Kitty Likes to Scratch Mini Eyeshadow Palette,Too Faced,3.9231,13,29,Mini Size,Makeup
Let’s Play Mini Eyeshadow Palette,Too Faced,4.3889,18,29,Mini Size,Makeup
Plump & Prime Face Plumping Primer Serum,Too Faced,4.2543,637,45,Makeup,Face
Lip Injection Power Plumping Hydrating Liquid Lip Balm,Too Faced,3.5714,35,26,Makeup,Lip
Mini Hangover 3-in-1 Replenishing Primer & Setting Spray,Too Faced,4.2667,45,18,Mini Size,Makeup
Born This Way Ethereal Setting Powder,Too Faced,4.4699,581,38,Makeup,Face
Better Than Chocolate Eyeshadow Palette,Too Faced,4.3387,561,54,Makeup,Eye
Melted Matte PSL Liquid Lipstick,Too Faced,4.375,16,26,Makeup,Lip
Chocolate Soleil Natural Bronzer,Too Faced,4.5028,537,35,Makeup,Cheek
Cheek Popper Blushing Highlighter,Too Faced,3.6667,9,27,Makeup,Face
Brow Wig Brush on Eyebrow Gel,Too Faced,4.2687,547,25,Makeup,Eye
Pomade In A Pencil Eyebrow Shaper & Filler,Too Faced,4.4092,650,25,Makeup,Eye
Super Fine Brow Detailer Eyebrow Pencil,Too Faced,4.554,657,25,Makeup,Eye
Pinker Times Ahead Eyeshadow Palette,Too Faced,2.4286,7,39,Makeup,Eye
Makeup Insurance Longwear Setting Spray + Blue Light Defense,Too Faced,4.4697,528,34,Makeup,Face
Lip Injection Extreme Lip Shaper Plumping Lip Liner,Too Faced,4.4253,221,24,Makeup,Lip
Born This Way Healthy Glow Spf 30 Moisturizing Skin Tint,Too Faced,,,42,Makeup,Face
High Roller Ingrown Hair Tonic with AHA and BHA,Topicals,4.5749,207,26,Bath & Body,Bath & Shower
Faded Serum for Dark Spots & Discoloration,Topicals,3.6634,906,38,Skincare,Treatments
Mini Faded Serum for Dark Spots & Discoloration,Topicals,3.6634,906,18,Skincare,Treatments
Slather Exfoliating Body Serum with Retinol and AHAs,Topicals,4.4477,172,30,Bath & Body,Body Moisturizers
Faded Brightening & Clearing Mist,Topicals,3.7778,90,32,Bath & Body,Body Moisturizers
"Like Butter Body Hydrating and Soothing Mist for Dry, Sensitive & Eczema-Prone Skin",Topicals,4.0896,67,30,Bath & Body,Body Moisturizers
Power Mist Hydrating Hand Sanitizer,Touchland,4.2429,177,10,Bath & Body,Body Care
Glow Mist Rejuvenating Hand Sanitizer,Touchland,4.1591,44,16,Bath & Body,Body Care
ShineOn Lip Jelly Non-Sticky Gloss,Tower 28 Beauty,4.5531,2054,16,Makeup,Lip
BeachPlease Lip + Cheek Cream Blush,Tower 28 Beauty,4.507,1006,20,Makeup,Cheek
SunnyDays SPF 30 Tinted Sunscreen Foundation,Tower 28 Beauty,4.2277,694,32,Makeup,Face
MakeWaves Lengthening + Volumizing Mascara,Tower 28 Beauty,4.1975,628,20,Makeup,Eye
Bronzino Illuminating Cream Bronzer,Tower 28 Beauty,4.172,343,20,Makeup,Cheek
SOS Daily Rescue Facial Spray,Tower 28 Beauty,4.2481,653,12,Skincare,Moisturizers
JuiceBalm Vegan Tinted Lip Balm,Tower 28 Beauty,4.5195,308,16,Makeup,Lip
SuperDew Shimmer-Free Highlight Balm,Tower 28 Beauty,3.7799,209,18,Makeup,Face
Dreamy Gleamy Holiday Lip Gloss Duo Set,Tower 28 Beauty,4.6923,26,22,Makeup,Lip
OneLiner Lip Liner + Eyeliner + Cheek Pencil,Tower 28 Beauty,4.7322,183,15,Makeup,Lip
Sculptino Soft Matte Cream Contour + Bronzer,Tower 28 Beauty,4.6338,314,20,Makeup,Face
Mini SOS Daily Rescue Facial Spray,Tower 28 Beauty,3.9091,187,12,Skincare,Moisturizers
SOS Intensive Redness Relief Serum,Tower 28 Beauty,4.1902,163,34,Skincare,Treatments
The Cult Classic Purifying Face Cleanser,TULA Skincare,3.9064,406,34,Skincare,Cleansers
Mini The Cult Classic Purifying Face Cleanser,TULA Skincare,3.9064,406,12,Skincare,Cleansers
24-7 Moisture Hydrating Day & Night Cream,TULA Skincare,4.1884,398,54,Skincare,Moisturizers
Mini 24-7 Moisture Hydrating Day & Night Cream,TULA Skincare,4.1884,398,26,Skincare,Moisturizers
Rose Glow + Get It Cooling & Brightening Eye Balm,TULA Skincare,4.0732,369,32,Skincare,Eye Care
Glow + Get It Cooling & Brightening Eye Balm,TULA Skincare,3.9578,332,30,Skincare,Eye Care
Brightening Treatment Drops Triple Vitamin C Serum,TULA Skincare,4.2572,276,56,Skincare,Treatments
Bright Start Vitamin C Antioxidant Brightening Moisturizer,TULA Skincare,4.4061,229,56,Skincare,Moisturizers
Protect + Glow Daily Sunscreen Gel Broad Spectrum SPF 30,TULA Skincare,4.4256,195,38,Skincare,Sunscreen
24-7 Power Swipe Hydrating Day & Night Treatment Eye Balm,TULA Skincare,4.2595,185,38,Skincare,Eye Care
Eye Recharge + Replenish Pro-Ferm Overnight Eye Cream with Bakuchiol and Peptides,TULA Skincare,4.5397,126,56,Skincare,Eye Care
24-7 Moisture Intense Ultra Hydrating Day & Night Cream with Hyaluronic Acid + Squalane,TULA Skincare,4.4182,110,58,Skincare,Moisturizers
On The Go Best Sellers Travel Kit,TULA Skincare,4.2366,93,49,Skincare,Value & Gift Sets
Instant De-Puff Eye Renewal Serum,TULA Skincare,4.2105,76,58,Skincare,Treatments
Beauty Sleep Overnight Repair Treatment Cream with AHA's and Vitamin C,TULA Skincare,4.0417,72,68,Skincare,Moisturizers
Secret Solutions Pro-Glycolic 10% Resurfacing Toner,TULA Skincare,4.1343,67,46,Skincare,Cleansers
Mineral Magic Oil-Free Mineral Sunscreen Fluid Broad Spectrum SPF 30,TULA Skincare,4.3548,62,38,Skincare,Sunscreen
Balancing Act Purifying & pH Balancing Biodegradable Toner Pads,TULA Skincare,4.0545,55,36,Skincare,Cleansers
Hello Radiance Illuminating Serum,TULA Skincare,4.2182,55,68,Skincare,Treatments
Protect + Plump Firming & Hydrating Face Moisturizer,TULA Skincare,3.963,54,64,Skincare,Moisturizers
So Poreless Deep Exfoliating Blackhead Scrub,TULA Skincare,3.9038,52,34,Skincare,Cleansers
So Polished Exfoliating Sugar Scrub,TULA Skincare,4.32,50,34,Skincare,Cleansers
Sensitive Skin Treatment Drops Calming Vitamin B Serum,TULA Skincare,4.1489,47,48,Skincare,Treatments
Wrinkle Treatment Drops Retinol Alternative Serum,TULA Skincare,4.2979,47,68,Skincare,Treatments
Revive + Rewind Revitalizing Eye Cream,TULA Skincare,4.2391,46,52,Skincare,Eye Care
So Smooth Resurfacing & Brightening Fruit Enzyme Mask,TULA Skincare,4.25,44,36,Skincare,Masks
Your Best Skin at Every Age Firming & Smoothing Discovery Kit,TULA Skincare,3.8293,41,66,Skincare,Value & Gift Sets
Firm Up Deep Wrinkle Serum,TULA Skincare,4.1579,38,84,Skincare,Treatments
Claydate Detoxifying & Toning Face Mask Stick,TULA Skincare,4.3333,36,36,Skincare,Masks
Prime of Your Life Smoothing & Firming Treatment Primer,TULA Skincare,3.7917,48,42,Makeup,Face
Brighten Up Smoothing Primer Gel,TULA Skincare,4.3036,56,34,Makeup,Face
"24-7 Ultra Hydration Triple-Hydra Complex Day & Night Serum with Hyaluronic Acid, Squalane & Collagen",TULA Skincare,,,48,Skincare,Treatments
Brow Shaping Scissors & Brush,TWEEZERMAN,4.707,157,21,Makeup,Eye
Smooth Finish Facial Hair Remover,TWEEZERMAN,3.5863,452,20,Tools & Brushes,Beauty Tools
Pink Perfection Mini Slant Tweezer,TWEEZERMAN,4.5228,197,16,Makeup,Eye
Pink Perfection Slant Tweezer,TWEEZERMAN,4.3105,277,24,Tools & Brushes,Beauty Tools
ProMaster Eyelash Curler,TWEEZERMAN,4.1491,389,24,Makeup,Accessories
ProCurl Eyelash Curler,TWEEZERMAN,3.8445,733,24,Tools & Brushes,Beauty Tools
Stainless Steel Slant Tweezer,TWEEZERMAN,4.0078,255,24,Tools & Brushes,Beauty Tools
Pink Perfection Petite Tweeze Set,TWEEZERMAN,4.3168,161,28,Tools & Brushes,Beauty Tools
Mini Rose Gold Slant Tweezer,TWEEZERMAN,4.875,16,18,Makeup,Accessories
Sole Smoother Antibacterial Callus Stone,TWEEZERMAN,4.6,15,21,Bath & Body,Bath & Shower
Micro Mini Pink Perfection Tweezer Set,TWEEZERMAN,3.4194,31,25,Makeup,Accessories
Pink Perfection Point Tweezer,TWEEZERMAN,3.9101,89,25,Tools & Brushes,Beauty Tools
Prep & Plane Facial Razors,TWEEZERMAN,2.7105,38,10,Skincare,High Tech Tools
Pink Perfection Pointed Slant Tweezer,TWEEZERMAN,3.0424,118,26,Tools & Brushes,Beauty Tools
Mini Cuticle Nipper,TWEEZERMAN,4,9,14,Makeup,Nail
Cuticle Pusher and Nail Cleaner,TWEEZERMAN,5,1,18,Makeup,Nail
Nail Clipper Set,TWEEZERMAN,2.5556,9,12,Makeup,Nail
Rose Gold Slant Tweezer,TWEEZERMAN,,,24,Tools & Brushes,Beauty Tools
All Nighter Long-Lasting Makeup Setting Spray,Urban Decay,4.447,12371,36,Makeup,Face
Vice Hydrating Lipstick,Urban Decay,4.5825,1303,21,Makeup,Lip
24/7 Glide-On Waterproof Eyeliner Pencil,Urban Decay,4.3773,17179,25,Makeup,Eye
24/7 Eyeshadow,Urban Decay,4.5045,220,21,Makeup,Eye
Naked3 Eyeshadow Palette,Urban Decay,4.3522,6692,59,Makeup,Eye
Eyeshadow Primer Potion,Urban Decay,4.5273,10066,27,Makeup,Eye
Heavy Metal Glitter Eyeliner,Urban Decay,4.584,2428,25,Makeup,Eye
24/7 Moondust Eyeshadow,Urban Decay,4.6801,544,24,Makeup,Eye
Naked2 Basics Eyeshadow Palette,Urban Decay,4.4037,1900,33,Mini Size,Makeup
Mini All Nighter Long-Lasting Makeup Setting Spray,Urban Decay,4.4463,12254,16,Mini Size,Makeup
Naked Heat Eyeshadow Palette,Urban Decay,4.6585,1915,59,Makeup,Eye
24/7 Glide-On Lip Pencil,Urban Decay,4.4068,1669,25,Makeup,Lip
De-Slick Oil-Control Makeup Setting Spray,Urban Decay,3.9422,3861,36,Makeup,Face
All Nighter Liquid Foundation,Urban Decay,3.4258,3631,40,Makeup,Face
Perversion Volumizing Mascara,Urban Decay,3.9338,3081,28,Makeup,Eye
Mini Original Eyeshadow Primer Potion,Urban Decay,4.2035,521,16,Mini Size,Makeup
Eyeshadow Primer Potion - Anti-Aging,Urban Decay,4.027,1370,27,Makeup,Eye
Stay Naked Weightless Foundation,Urban Decay,4.117,2111,40,Makeup,Face
Brow Blade Waterproof Eyebrow Pencil & Ink Stain,Urban Decay,4.1106,1700,28,Makeup,Eye
Naked Reloaded Eyeshadow Palette,Urban Decay,4.0458,240,50,Makeup,Eye
Naked Wild West Eyeshadow Palette,Urban Decay,4.4483,890,49,Makeup,Eye
Mini Naked3 Eyeshadow Palette,Urban Decay,4.3865,401,33,Makeup,Eye
Hydromaniac Glowy Tinted Hydrator Foundation,Urban Decay,4.3181,2138,33,Makeup,Face
Mini De-Slick Oil-Control Makeup Setting Spray,Urban Decay,4.1178,467,16,Mini Size,Makeup
Stay Naked Correcting Concealer,Urban Decay,4.345,942,30,Makeup,Face
Vice Lip Bond Glossy Liquid Lipstick,Urban Decay,4.3876,1579,27,Makeup,Lip
All Nighter Waterproof Setting Powder,Urban Decay,4.1881,776,35,Makeup,Face
24/7 Waterline Eye Pencil,Urban Decay,3.3484,577,25,Makeup,Eye
24/7 Glide-On Eye Pencil - Born To Run Collection,Urban Decay,4.4167,108,25,Makeup,Eye
Subversion Lash Primer,Urban Decay,4.2685,406,26,Makeup,Eye
All Nighter Long-Lasting Makeup Setting Spray with Vitamin C,Urban Decay,4.6683,1845,36,Makeup,Face
All Nighter Face Primer,Urban Decay,4.3129,505,38,Makeup,Face
Mini Anti-Aging Eyeshadow Primer Potion,Urban Decay,3.5331,257,16,Mini Size,Makeup
Ultimate Ozone Multipurpose Primer Pencil,Urban Decay,4.052,346,22,Makeup,Lip
Mini Naked Eyeshadow Palette,Urban Decay,4.6398,1738,33,Mini Size,Makeup
UD x Robin Eisenberg All Nighter Setting Spray Duo Set,Urban Decay,5,6,42,Makeup,Value & Gift Sets
Quickie 24H Multi-Use Hydrating Full-Coverage Concealer,Urban Decay,4.3813,1319,33,Makeup,Face
Quick Fix Hydracharged Complexion Prep Priming Spray,Urban Decay,4.13,277,36,Makeup,Face
Ultra Glow All Nighter Setting Spray,Urban Decay,4.5442,351,36,Makeup,Face
All Nighter Ultra Matte Makeup Setting Spray,Urban Decay,3.5157,351,36,Makeup,Face
Grindhouse Double Barrel Pencil Sharpener,Urban Decay,4.663,911,12,Tools & Brushes,Beauty Tools
Mini Perversion Volumizing Mascara,Urban Decay,4.069,261,16,Mini Size,Makeup
Ultra Glow All Nighter Primer,Urban Decay,4.5057,352,38,Makeup,Face
24/7 Glide-On Eye Pencil - Naked Cherry Collection,Urban Decay,3.8696,46,25,Makeup,Eye
24/7 Glide-On Eye Pencil - Sparkle Out Loud Collection,Urban Decay,4.5449,334,25,Makeup,Eye
Stay Naked The Fix Powder Foundation,Urban Decay,4.1551,445,40,Makeup,Face
"Stay Naked Threesome Blush, Bronzer, & Highlighter Palette",Urban Decay,2.9818,55,38,Makeup,Cheek
Mini All Nighter Ultra Matte Setting Spray,Urban Decay,4,29,16,Makeup,Face
Inked Brow Gel,Urban Decay,4.0236,466,26,Makeup,Eye
Perversion Waterproof Mascara,Urban Decay,3.9231,104,28,Makeup,Eye
Perversion Waterproof Liquid Eyeliner,Urban Decay,3.4397,116,25,Makeup,Eye
Mini Stay Naked Correcting Concealer,Urban Decay,3.9091,11,14,Makeup,Face
Mini All Nighter Complexion Primer,Urban Decay,2.9,10,16,Makeup,Face
UD x Robin Eisenberg Good to Go Mini Eye Set,Urban Decay,4.3333,3,25,Makeup,Eye
Brow Beater Waterproof Brow Pencil & Spoolie,Urban Decay,3.8846,26,24,Makeup,Eye
UD x Robin Eisenberg 24/7 Glide-On Waterproof Eyeliner Pencil Holidaze Set,Urban Decay,4.2222,9,23,Makeup,Eye
Wild Lash Plant-Powered Volumizing Mascara,Urban Decay,4.2784,1031,28,Makeup,Eye
Mini Wild Lash Plant-Powered Volumizing Mascara,Urban Decay,3,5,16,Mini Size,Makeup
Heavy Metal Glitter Eyeliner - Sparkle Out Loud Collection,Urban Decay,,,25,Makeup,Eye
Donna Born In Roma Eau de Parfum,Valentino,4.5206,2134,130,Fragrance,Women
Donna Born In Roma Eau de Parfum Travel Spray,Valentino,4.5206,2134,35,Fragrance,Women
Mini Born In Roma Perfume Set,Valentino,4.5061,247,35,Fragrance,Value & Gift Sets
Voce Viva Eau de Parfum,Valentino,4.4442,986,156,Fragrance,Women
Rosso Valentino High Pigment Refillable Lipstick,Valentino,4.5093,216,45,Makeup,Lip
Voce Viva Eau de Parfum Travel Spray,Valentino,4.4442,986,35,Fragrance,Women
Born in Roma Coral Fantasy Eau de Parfum,Valentino,4.6933,864,156,Fragrance,Women
Eye2Cheek Eyeshadow and Blush,Valentino,4.3627,204,52,Makeup,Eye
Uomo Born In Roma,Valentino,4.533,212,96,Fragrance,Men
Donna Born in Roma Yellow Dream Eau de Parfum,Valentino,4.6551,316,156,Fragrance,Women
Born in Roma Trio Gift Set,Valentino,4.9286,14,65,Fragrance,Value & Gift Sets
Voce Viva Intensa Eau de Parfum,Valentino,4.6288,633,156,Fragrance,Women
Donna Born In Roma Intense Eau de Parfum,Valentino,4.6988,581,35,Fragrance,Women
Twin Liner Gel and Liquid Eyeliner,Valentino,4.2576,198,40,Makeup,Eye
Donna Born In Roma Intense Eau de Parfum Travel Spray,Valentino,3.8571,7,35,Mini Size,Fragrance
Dreamdust Glitter Eyeshadow,Valentino,4.0209,191,32,Makeup,Eye
Mini Rosso Valentino Lipstick,Valentino,3.5,8,25,Mini Size,Makeup
Uomo Coral Fantasy Cologne,Valentino,4.6995,629,115,Fragrance,Men
Uomo Yellow Dream Cologne,Valentino,4.8211,246,115,Fragrance,Men
Voce Viva Intensa Travel Spray,Valentino,4,7,35,Fragrance,Women
Brow Trio Eyebrow Liner,Valentino,4.5476,84,40,Makeup,Eye
V-Lighter Illuminating Face Primer and Highlighter with Hyaluronic Acid,Valentino,4.2638,254,58,Makeup,Face
Voce Viva Perfume Set,Valentino,5,1,122,Fragrance,Value & Gift Sets
Magnificent Smudgeproof Volumizing Mascara,Valentino,4.2562,242,32,Makeup,Eye
Color Flip Eyeshadow Palette,Valentino,4.3837,86,98,Makeup,Eye
Go-Clutch Finishing Powder Refill Pan,Valentino,4,1,50,Makeup,Face
Rosso Valentino Lipstick Refill,Valentino,4.4552,134,30,Makeup,Lip
Go-Clutch Refillable Radiant Setting Powder,Valentino,2.6667,3,205,Makeup,Face
Dreamdust Lip and Cheek Loose Glitter,Valentino,,,32,Makeup,Eye
Uomo Born In Roma Intense Eau de Parfum,Valentino,4.7137,517,110,Fragrance,Men
GRO Hair Serum for Thinning Hair,Vegamour,4.3756,860,58,Hair,Hair Styling & Treatments
GRO More Kit (Serum + Gummies),Vegamour,4.5619,226,74,Hair,Hair Styling & Treatments
GRO Scalp Massager,Vegamour,4.5556,18,18,Hair,Tools
GRO Revitalizing Shampoo for Thinning Hair,Vegamour,4.2286,643,48,Hair,Shampoo & Conditioner
"GRO Scalp Detox Clarifying Treatment for Dry, Flaky, Oily Scalp",Vegamour,4.4703,353,42,Hair,Hair Styling & Treatments
GRO AGELESS Anti-Gray Hair Serum,Vegamour,4.4877,285,78,Hair,Hair Styling & Treatments
GRO Dry Shampoo for Thinning Hair,Vegamour,4.3356,450,36,Hair,Hair Styling & Treatments
GRO Revitalizing Conditioner for Thinning Hair,Vegamour,4.2702,581,48,Hair,Shampoo & Conditioner
GRO Biotin Gummies for Thinning Hair,Vegamour,4.3547,406,36,Hair,Hair Styling & Treatments
GRO Volumizing Lash Serum,Vegamour,4.3617,188,72,Makeup,Eye
GRO Hair Serum Trio Set,Vegamour,4.3756,860,148,Hair,Value & Gift Sets
Mini GRO Revitalizing Shampoo for Thinning Hair,Vegamour,4.2286,643,48,Hair,Shampoo & Conditioner
Mini GRO Revitalizing Conditioner for Thinning Hair,Vegamour,4.2702,581,14,Hair,Shampoo & Conditioner
GRO Volumizing Brow Serum,Vegamour,4.2486,177,72,Makeup,Eye
GRO WELL Hair Boost Supplement Powder + Probiotic,Vegamour,3.3758,157,68,Hair,Hair Styling & Treatments
GRO Ageless Gray Delay Hair Supplement,Vegamour,4.6376,149,78,Hair,Hair Styling & Treatments
HYDR-8 Deep Moisture Repair Hair Mask,Vegamour,4.8294,686,52,Hair,Hair Styling & Treatments
GRO Hair Foam for Thinning Hair,Vegamour,3.72,75,58,Hair,Hair Styling & Treatments
GRO Revitalizing Shampoo and Conditioner Set for Thinning Hair,Vegamour,4.3429,35,86,Hair,Value & Gift Sets
HYDR-8 Hydrate and Repair Shampoo,Vegamour,4.7447,474,38,Hair,Shampoo & Conditioner
HYDR-8 Hydrate and Repair Conditioner,Vegamour,4.7474,475,38,Hair,Shampoo & Conditioner
GRO Hair Serum Trio for Thinning Hair,Vegamour,,,148,Hair,Value & Gift Sets
Mini GRO Dry Shampoo for Thinning Hair,Vegamour,4.3356,450,18,Hair,Mini Size
Effortless - No Trim - Natural Lash Collection,Velour Lashes,4.4301,1044,26,Makeup,Eye
Effortless Kit - No Trim No Measure Natural Lash Kit,Velour Lashes,3.9385,423,29,Makeup,Eye
Lash Adhesive,Velour Lashes,3.9707,581,12,Makeup,Eye
Too Easy Lash Applicator,Velour Lashes,4.6818,44,22,Makeup,Eye
Magnetic Effortless Kit - No Trim No Measure Magnetic Lash Kit,Velour Lashes,4.1141,184,35,Makeup,Eye
Vegan Mink Luxe Lash Collection,Velour Lashes,4.8123,261,27,Makeup,Eye
Magnetic Effortless - No Trim Natural Lash Collection,Velour Lashes,4.4412,170,28,Makeup,Eye
Fluff'n Brow Pencil - 3-in-1 Brow Pencil and Balm,Velour Lashes,4.5788,330,25,Makeup,Eye
Lash & Go Eyeliner 3-in-1 Eyeliner + Magnetic Lash Adhesive,Velour Lashes,4.3614,166,25,Makeup,Eye
The Glamoureyes Kit,Velour Lashes,3.4091,22,29,Makeup,Eye
Pretty Big Deal Tubing Mascara & Peptide Lash Serum,Velour Lashes,4.0888,338,26,Makeup,Eye
Long & Strong Lash Serum,Velour Lashes,4.1989,186,42,Makeup,Eye
Plant Fibre Lash Collection,Velour Lashes,4.7778,81,24,Makeup,Eye
24hr Lash Care Kit,Velour Lashes,4.063,127,30,Makeup,Value & Gift Sets
Ghost WeightlessHairOil,Verb,4.5573,1764,26,Hair,Hair Styling & Treatments
Ghost Shampoo,Verb,3.9112,1014,20,Hair,Shampoo & Conditioner
Ghost Conditioner,Verb,4.1328,655,20,Hair,Shampoo & Conditioner
Volume Dry Texture Spray,Verb,4.4241,349,20,Hair,Hair Styling & Treatments
HydratingHair TreatmentMask,Verb,4.4249,393,20,Hair,Hair Styling & Treatments
Leave-In Conditioning Mist,Verb,3.7273,385,20,Hair,Hair Styling & Treatments
Hydrating Shampoo,Verb,3.7991,468,20,Hair,Shampoo & Conditioner
Ghost PrepHeat Protectant,Verb,4.2814,167,20,Hair,Hair Styling & Treatments
Hydrating Conditioner,Verb,3.9794,291,20,Hair,Shampoo & Conditioner
Glossy Shine Heat Protectant Spray,Verb,4.548,177,20,Hair,Hair Styling & Treatments
Ghost DryConditionerOil,Verb,4.2991,234,20,Hair,Shampoo & Conditioner
Purple Toning + Hydrating Hair Mask,Verb,4.1495,368,20,Hair,Hair Styling & Treatments
Ghost Hair Mask,Verb,4.0685,146,20,Hair,Hair Styling & Treatments
Curl Cream,Verb,3.8071,420,20,Hair,Hair Styling & Treatments
Ghost Hairspray,Verb,4.3924,316,20,Hair,Hair Styling & Treatments
Volume Shampoo,Verb,4.0936,545,20,Hair,Shampoo & Conditioner
Dry Shampoo for Dark Hair,Verb,4.1961,255,20,Hair,Hair Styling & Treatments
Ghost Exfoliating Scalp Serum,Verb,4.5912,159,20,Hair,Hair Styling & Treatments
Moringa + Jojoba Hair Treatment Oil,Verb,4.2611,226,20,Hair,Hair Styling & Treatments
Ghost Weightless Shampoo and Conditioner Jumbo Set for Fine Hair,Verb,3.7636,55,70,Hair,Value & Gift Sets
Dry Shampoo for Light Hair,Verb,4.5399,263,20,Hair,Hair Styling & Treatments
Detangling Brush,Verb,4.1067,150,20,Hair,Tools
Reset Clarifying Shampoo,Verb,3.687,115,20,Hair,Shampoo & Conditioner
Volume Spray,Verb,3.4255,94,20,Hair,Hair Styling & Treatments
Curl Leave-In Conditioner,Verb,4.4792,144,20,Hair,Hair Styling & Treatments
Volume Conditioner,Verb,4.1889,434,20,Hair,Shampoo & Conditioner
Reset RepairingHairMask,Verb,3.7636,55,20,Hair,Hair Styling & Treatments
Volume Texture Powder,Verb,4.0792,303,20,Hair,Hair Styling & Treatments
Ghost Your Brass Purple Toning Hair Kit,Verb,4.1667,6,49,Hair,Value & Gift Sets
Sea Spray,Verb,4.4733,150,20,Hair,Hair Styling & Treatments
Curl Shampoo,Verb,4.3803,305,20,Hair,Shampoo & Conditioner
Curl Foaming Gel,Verb,4.5796,157,20,Hair,Hair Styling & Treatments
Hydrating Shampoo and Conditioner Jumbo Set for Dry and Damaged Hair,Verb,4,13,70,Hair,Value & Gift Sets
Curl Conditioner,Verb,4.4212,292,20,Hair,Shampoo & Conditioner
Strong Hairspray,Verb,4.4381,194,20,Hair,Hair Styling & Treatments
Reset SealingHairMist,Verb,3.9048,21,20,Hair,Hair Styling & Treatments
Dry Shampoo Powder,Verb,3.741,166,20,Hair,Hair Styling & Treatments
Body Wash,Verb,4.5097,155,20,Bath & Body,Bath & Shower
Purple Shampoo,Verb,4.5573,192,20,Hair,Shampoo & Conditioner
Forming Fiber,Verb,4.1935,31,20,Hair,Hair Styling & Treatments
Body Lotion,Verb,4.5638,149,20,Bath & Body,Body Moisturizers
Glossy Shampoo,Verb,4.2639,144,20,Hair,Shampoo & Conditioner
Sculpting Clay,Verb,3.9259,27,20,Hair,Hair Styling & Treatments
Glossy Conditioner,Verb,4.1399,143,20,Hair,Shampoo & Conditioner
Bright Crystal,Versace,4.5377,2243,105,Fragrance,Women
Mini Bright Crystal and Bright Crystal Absolu Set,Versace,4.3333,75,25,Fragrance,Value & Gift Sets
Eros,Versace,4.7105,411,96,Fragrance,Men
Bright Crystal Ovetto Mini Spray,Versace,4.5377,2243,33,Fragrance,Women
Crystal Noir,Versace,4.5849,212,105,Fragrance,Women
Dylan Blue Pour Femme,Versace,4.1516,310,98,Fragrance,Women
Mini Duo Set,Versace,4.6154,13,25,Fragrance,Value & Gift Sets
Eros Pour Femme Eau de Parfum,Versace,4.5633,245,130,Fragrance,Women
Yellow Diamond,Versace,4.3153,314,65,Fragrance,Women
Bright Crystal Absolu,Versace,4.6432,185,120,Fragrance,Women
Dylan Blue,Versace,4.7115,156,96,Fragrance,Men
Dylan Blue Pour Femme Ovetto Spray,Versace,4.4231,52,33,Fragrance,Women
Dylan Turquoise Pour Femme,Versace,4.2996,791,110,Fragrance,Women
Pour Homme,Versace,4.8439,314,92,Fragrance,Men
Bright Crystal Travel Spray,Versace,4.5377,2243,32,Fragrance,Women
Versace Man Eau Fraiche,Versace,4.8292,322,130,Fragrance,Men
Bright Crystal Absolu Ovetto Spray,Versace,4.4516,31,33,Fragrance,Women
Mini Perfume Set,Versace,2,3,35,Fragrance,Value & Gift Sets
Eros Pour Femme Eau de Toilette,Versace,4.661,59,110,Fragrance,Women
Eros Flame,Versace,4.4928,69,107,Fragrance,Men
Dylan Blue Pour Homme Travel Spray,Versace,4.6222,45,32,Fragrance,Women
Eros Pour Homme Eau de Parfum,Versace,4.5556,27,107,Fragrance,Men
Dylan Turquoise Pour Femme Travel Spray,Versace,4.2996,791,32,Fragrance,Women
Eros Pour Homme Travel Spray,Versace,5,16,32,Fragrance,Mini Size
Bright Crystal Body Lotion,Versace,4.1333,15,55,Bath & Body,Body Moisturizers
Yellow Diamond Travel Spray,Versace,4.5789,19,32,Fragrance,Women
Dylan Turquoise Ovetto Spray,Versace,5,8,33,Fragrance,Women
Eros Pour Femme Eau de Toilette Rollerball,Versace,3.7813,32,26,Fragrance,Women
Dylan Purple Eau de Parfum,Versace,4,25,120,Fragrance,Women
Eros Flame Travel Spray,Versace,4.6364,22,32,Fragrance,Women
Dylan Blue & Dylan Turquoise Travel Spray Duo Set,Versace,5,3,40,Fragrance,Value & Gift Sets
Pour Homme Travel Spray,Versace,4.5,14,32,Fragrance,Women
Dylan Blue Pour Femme Travel Spray,Versace,4.1176,17,32,Fragrance,Women
Versace Man Eau Fraîche Travel Spray,Versace,4.8235,17,32,Fragrance,Women
Dylan Turquoise Hair Mist,Versace,4.7143,7,50,Fragrance,Women
Bright Crystal Hair Mist,Versace,2,1,50,Fragrance,Women
Eros Parfum,Versace,5,7,145,Fragrance,Men
Bright Crystal Absolu Travel Spray,Versace,,,30,Fragrance,Women
Eros Parfum,Versace,,,190,Fragrance,Men
Flowerbomb,Viktor&Rolf,4.585,5039,180,Fragrance,Women
BONBON,Viktor&Rolf,4.3722,309,80,Fragrance,Women
Flowerbomb Travel Spray,Viktor&Rolf,4.587,4939,35,Fragrance,Women
Flowerbomb Nectar,Viktor&Rolf,4.4426,357,132,Fragrance,Women
Flowerbomb Ruby Orchid Eau de Parfum,Viktor&Rolf,4.5138,545,180,Fragrance,Women
Flowerbomb Mini,Viktor&Rolf,4.5859,4953,58,Fragrance,
Spicebomb,Viktor&Rolf,4.6876,525,128,Fragrance,Men
Flowerbomb Ruby Orchid Eau de Parfum Travel Spray,Viktor&Rolf,4.5138,545,35,Fragrance,Women
Flowerbomb GIft Set,Viktor&Rolf,4.9444,36,135,Fragrance,Value & Gift Sets
Mini Good Fortune & Flowerbomb Perfume Set,Viktor&Rolf,4.4571,70,29,Fragrance,Value & Gift Sets
Good Fortune Eau de Parfum,Viktor&Rolf,4.4065,1476,180,Fragrance,Women
Good Fortune Eau de Parfum Travel Spray,Viktor&Rolf,4.4065,1476,35,Fragrance,Women
Spicebomb Extreme,Viktor&Rolf,4.3873,173,134,Fragrance,Men
Flowerbomb Body Lotion,Viktor&Rolf,4.4,35,56,Bath & Body,Body Moisturizers
Spicebomb Night Vision,Viktor&Rolf,4.3796,137,128,Fragrance,Men
Spicebomb Infrared Eau de Toilette,Viktor&Rolf,4.4847,295,128,Fragrance,Men
Good Fortune Perfume Set,Viktor&Rolf,4.125,8,130,Fragrance,Value & Gift Sets
Spicebomb Night Vision Eau de Parfum,Viktor&Rolf,4.5156,128,134,Fragrance,Men
Flowerbomb Eau de Parfum Perfume Gift Set,Viktor&Rolf,4.9444,36,135,Fragrance,Value & Gift Sets
Spicebomb Night Vision Eau de Toilette Cologne Set,Viktor&Rolf,,,140,Fragrance,Value & Gift Sets
Mini Good Fortune and Flowerbomb Perfume Set,Viktor&Rolf,,,29,Fragrance,Value & Gift Sets
HG - PRO Eyeshadow Palette,Violet Voss,4.6085,258,45,Makeup,Eye
Hashtag - PRO Eyeshadow Palette,Violet Voss,4.5527,275,45,Makeup,Eye
Sakura Blossom Eyeshadow and Pressed Pigment Palette,Violet Voss,4.775,40,42,Makeup,Eye
Matte Vibes Eyeshadow Palette,Violet Voss,4.2308,26,30,Makeup,Eye
I Love U Cherry Much Eyeshadow Palette,Violet Voss,4.8,15,42,Makeup,Eye
Mini Soft Butterfly Kisses Eyeshadow Palette,Violet Voss,5,1,20,Makeup,Mini Size
Hair Shampoo & Conditioner Bar with Bamboo Holder Set,Viori,4.65,800,39,Hair,Value & Gift Sets
Hair Shampoo & Conditioner Bar Set,Viori,4.7778,261,36,Hair,Value & Gift Sets
Hair Shampoo Bar,Viori,4.6349,63,18,Hair,Shampoo & Conditioner
Hair Conditioner Bar,Viori,4.625,32,18,Hair,Shampoo & Conditioner
Hair Shampoo & Conditioner Bamboo Bar Holder,Viori,4.375,24,12,Hair,Tools
Hydrating & Heat Protectant Healing Hair Oil,Virtue,4.7287,387,44,Hair,Hair Styling & Treatments
Flourish Density Booster for Healthy Hair Growth,Virtue,4.4342,76,50,Hair,Hair Styling & Treatments
"Restorative, Hydrating Treatment Hair Mask with Keratin",Virtue,4.4179,201,34,Hair,Hair Styling & Treatments
"Hydrating Recovery Shampoo for Dry, Damaged & Colored Hair",Virtue,4.183,153,40,Hair,Shampoo & Conditioner
Volumizing Full Shampoo for Fine Hair,Virtue,4.4832,149,40,Hair,Shampoo & Conditioner
6-in-1 Vitamin E Hair Smoothing Styler,Virtue,4.6634,202,36,Hair,Hair Styling & Treatments
"Hydrating Recovery Conditioner for Dry, Damaged & Colored Hair",Virtue,4.5503,189,42,Hair,Shampoo & Conditioner
Clarifying & Exfoliating  Scalp Treatment,Virtue,4.5385,78,48,Hair,Hair Styling & Treatments
Flourish Volumizing Keratin Shampoo for Thinning Hair,Virtue,4.7065,92,44,Hair,Shampoo & Conditioner
FLOURISH X MANTA  Healthy Hair Brush,Virtue,4.6667,12,36,Hair,Tools
Flourish Minoxidil 5% Hair Growth Treatment,Virtue,3.8333,6,30,Hair,Hair Styling & Treatments
Strengthening Split End Hair Repair Serum Treatment,Virtue,4.2619,84,42,Hair,Hair Styling & Treatments
Mini 6-in-1 Vitamin E Hair Smoothing Styler,Virtue,4.625,8,20,Hair,Hair Styling & Treatments
Correct Un-Frizz Hair Styling & Smoothing Cream,Virtue,4.6701,97,44,Hair,Hair Styling & Treatments
Flourish Hair Rejuvenation Treatment Set for Volume,Virtue,4.6463,82,65,Hair,Hair Styling & Treatments
Volumizing Full Conditioner for Fine Hair,Virtue,4.6019,108,42,Hair,Shampoo & Conditioner
Flourish Volumizing & Detangling Conditioner for Thinning Hair,Virtue,4.8372,86,46,Hair,Shampoo & Conditioner
Volumizing Full Discovery Set for Fine Hair,Virtue,4.3333,12,38,Hair,Value & Gift Sets
Flourish Hair Growth Treatment Set with Monixidil,Virtue,4.5185,54,65,Hair,Hair Styling & Treatments
Mini Healthy Hair To Go Set For Recovery,Virtue,2,5,25,Hair,Value & Gift Sets
Flourish Minoxidil 5% Hair Growth Treatment Set,Virtue,4.2,5,58,Hair,Hair Styling & Treatments
Frizz Block Humidity Proof Smoothing Spray,Virtue,4.675,40,44,Hair,Hair Styling & Treatments
Purifying Clarifying Shampoo,Virtue,4.7083,48,30,Hair,Shampoo & Conditioner
"Hydrating Recovery Discovery Set for dry, Damaged & Colored Hair",Virtue,3.3529,17,38,Hair,Value & Gift Sets
Detangling Heat Protectant Purifying Leave-In Conditioner,Virtue,4.1667,12,32,Hair,Hair Styling & Treatments
Soothing Hyaluronic Acid Topical Scalp Supplement,Virtue,2.9231,13,56,Hair,Hair Styling & Treatments
Smooth Shampoo for Coarse & Textured Hair,Virtue,4.8119,101,40,Hair,Shampoo & Conditioner
"Mini Hydrating Recovery Conditioner for Dry, Damaged & Colored Hair",Virtue,4.5714,14,17,Hair,Shampoo & Conditioner
Smooth Conditioner for Coarse & Textured Hair,Virtue,4.7212,104,42,Hair,Shampoo & Conditioner
Mini The Perfect Ending Split End Serum,Virtue,2.375,8,21,Hair,Hair Styling & Treatments
Create Hair Texturizing Spray,Virtue,4.6364,11,38,Hair,Hair Styling & Treatments
"Mini Hydrating Recovery Shampoo for Dry, Damaged & Colored Hair",Virtue,3.4737,19,16,Hair,Shampoo & Conditioner
Hydrating Curl Defining Whip with Shea Butter,Virtue,4.1563,32,38,Hair,Hair Styling & Treatments
Mini Volumizing Full Shampoo for Fine Hair,Virtue,3.3333,6,16,Hair,Shampoo & Conditioner
ColorKick Debrassing Blue - Purple Shampoo,Virtue,4.6552,29,42,Hair,Shampoo & Conditioner
Flourish Thickening & Hydrating Mask for Thinning Hair,Virtue,4.7831,83,70,Hair,Hair Styling & Treatments
Smooth Discovery Set for Coarse & Textured Hair,Virtue,3.2857,7,38,Hair,Value & Gift Sets
Hydrating Curl Conditioner with Jojoba Oil,Virtue,4.6761,71,42,Hair,Shampoo & Conditioner
Mini Create Hair Texturizing Spray,Virtue,3,3,19,Hair,Hair Styling & Treatments
Hydrating Curl Shampoo with Jojoba Oil,Virtue,4.6377,69,40,Hair,Shampoo & Conditioner
Flourish Volumizing Heat Protectant Styler,Virtue,4,8,42,Hair,Hair Styling & Treatments
Volumizing Hair Mousse for Fine Hair,Virtue,4.1667,6,38,Hair,Hair Styling & Treatments
Healthy Hair Refresh Dry Shampoo,Virtue,3.7586,29,17,Hair,Hair Styling & Treatments
Create Style-Setting Hair Volumizing Primer,Virtue,3.25,8,38,Hair,Hair Styling & Treatments
Mini Volumizing Full Conditioner for Fine Hair,Virtue,3,1,17,Hair,Shampoo & Conditioner
Mini Hair & Scalp Treatment Duo,Virtue,2,4,27,Hair,Value & Gift Sets
Mini Smooth Shampoo for Coarse & Textured Hair,Virtue,5,1,16,Hair,Shampoo & Conditioner
Mini Hydrating & Heat Protectant Healing Hair Oil,Virtue,4.728,386,26,Hair,Hair Styling & Treatments
Mini Healthy Hair Refresh Dry Shampoo,Virtue,1,2,17,Hair,Hair Styling & Treatments
Mini Smooth Conditioner for Coarse & Textured Hair,Virtue,3,2,17,Hair,Shampoo & Conditioner
Heal & Shine Hair Oil Duo for Dry or Damaged Hair,Virtue,4.7123,365,49,Hair,Value & Gift Sets
FLOURISH Thickening & Hydrating Duo for Thinning Hair,Virtue,,,84,Hair,Value & Gift Sets
Petit PRO 2 Eyeshadow Palette,Viseart,3.8247,97,30,Makeup,Eye
Moisture Boost Lip Shine,Viseart,4.1304,23,19,Makeup,Lip
"Mini Candle Trio - French Cade, Goji & Lychee",VOLUSPA,4.2727,22,30,Fragrance,Candles & Home Scents
"Mini Candle Set - Panjore Lychee, Japanese Plum Bloom, Goji & Tarocco Orange",VOLUSPA,4.0909,22,30,Fragrance,Candles & Home Scents
Panjore Lychee Glass Jar Candle,VOLUSPA,3.8431,51,20,Fragrance,Candles & Home Scents
French Cade & Lavender Glass Jar Candle,VOLUSPA,4.5923,130,20,Fragrance,Candles & Home Scents
Tahitian Coconut Vanilla Glass Jar Candle,VOLUSPA,4.2832,173,32,Fragrance,Candles & Home Scents
Santal Vanille Glass Jar Candle,VOLUSPA,4.1444,90,32,Fragrance,Candles & Home Scents
Tahitian Coconut Vanilla Home Diffuser,VOLUSPA,3.9375,32,30,Fragrance,Candles & Home Scents
Goji & Tarocco Orange Glass Jar Candle,VOLUSPA,4.5403,124,20,Fragrance,Candles & Home Scents
Mini Tahitian Coconut Vanilla Glass Candle,VOLUSPA,4.2832,173,18,Fragrance,Candles & Home Scents
French Cade & Lavender Home Diffuser,VOLUSPA,4.6,80,30,Fragrance,Candles & Home Scents
Spiced Pumpkin Latte Glass Candle,VOLUSPA,4.2264,53,34,Fragrance,Candles & Home Scents
Japonica Mini Candle Set,VOLUSPA,4.8,60,85,Fragrance,Candles & Home Scents
Spiced Pumpkin Latte Home Diffuser,VOLUSPA,4.3103,29,32,Fragrance,Candles & Home Scents
Mini Vanilla Fireside Glass Jar Candle,VOLUSPA,3.2143,14,20,Fragrance,Candles & Home Scents
Forbidden Fig Glass Jar Candle,VOLUSPA,4.4828,58,32,Fragrance,Candles & Home Scents
Santal Vanille Home Diffuser,VOLUSPA,4.3492,63,30,Fragrance,Candles & Home Scents
Goji & Tarocco Orange Home Diffuser,VOLUSPA,4.4444,54,30,Fragrance,Candles & Home Scents
Holiday Mini Tin Trio Set,VOLUSPA,5,46,28,Fragrance,Candles & Home Scents
Blackberry Rose Oud Candle,VOLUSPA,3.25,20,24,Fragrance,Candles & Home Scents
Mini Forbidden Fig Glass Jar Candle,VOLUSPA,4.8571,28,20,Fragrance,Candles & Home Scents
Baltic Amber Glass Candle,VOLUSPA,4.2295,61,32,Fragrance,Candles & Home Scents
Ultrasonic Diffuser Oil,VOLUSPA,4.9032,62,24,Fragrance,Candles & Home Scents
Mini Kalahari Watermelon Glass Jar Candle,VOLUSPA,4.8605,43,20,Fragrance,Candles & Home Scents
Santiago Huckleberry Glass Jar Candle,VOLUSPA,3.5,28,32,Fragrance,Candles & Home Scents
Mini Baltic Amber Glass Candle,VOLUSPA,4.6923,39,20,Fragrance,Candles & Home Scents
Vanilla Fireside Glass Jar Candle,VOLUSPA,3.05,20,20,Fragrance,Candles & Home Scents
Baltic Amber Home Diffuser,VOLUSPA,4.1935,31,30,Fragrance,Candles & Home Scents
Yashioka Gardenia Diffuser,VOLUSPA,4.587,46,30,Fragrance,Candles & Home Scents
Goji & Tarocco Orange Decorative Tin Candle,VOLUSPA,4.8571,28,26,Fragrance,Candles & Home Scents
Mini Tin Trio Candle Gift Set,VOLUSPA,4,4,30,Fragrance,Candles & Home Scents
Kalahari Watermelon Glass Jar Candle,VOLUSPA,4.5476,84,20,Fragrance,Candles & Home Scents
Mokara Glass Jar Candle,VOLUSPA,4.587,92,32,Fragrance,Candles & Home Scents
French Cade & Lavender Decorative Tin Candle,VOLUSPA,4,20,26,Fragrance,Candles & Home Scents
Mini Forbidden Fig Decorative Tin Candle,VOLUSPA,4.697,33,12,Mini Size,Fragrance
Panjore Lychee Home Diffuser,VOLUSPA,3.8571,42,30,Fragrance,Candles & Home Scents
Mini French Cade & Lavender Decorative Tin Candle,VOLUSPA,3.8333,12,12,Fragrance,Candles & Home Scents
Mini Havana Mint Mojito Glass Jar Candle,VOLUSPA,4.8684,76,20,Fragrance,Candles & Home Scents
Yashioka Gardenia Glass Jar Candle,VOLUSPA,4.0476,21,32,Fragrance,Candles & Home Scents
Mokara Diffuser,VOLUSPA,4.5,54,30,Fragrance,Candles & Home Scents
Goji & Tarocco Orange Mini Decorative Tin Candle,VOLUSPA,4,25,12,Fragrance,Candles & Home Scents
Forbidden Fig Home Diffuser,VOLUSPA,4.3438,32,30,Fragrance,Candles & Home Scents
Panjore Lychee Decorative Tin Candle,VOLUSPA,4.2667,15,26,Fragrance,Candles & Home Scents
Mini Panjore Lychee Decorative Tin Candle,VOLUSPA,3.3636,11,12,Fragrance,Candles & Home Scents
Mini French Cade & Lavender Glass Candle,VOLUSPA,5,8,20,Fragrance,Candles & Home Scents
Apple Blue Clover Glass Jar Candle,VOLUSPA,4,15,20,Fragrance,Candles & Home Scents
Mini Goji & Tarocco Orange Glass Candle,VOLUSPA,4.6,40,20,Fragrance,Candles & Home Scents
Havana Mint Mojito Glass Jar Candle,VOLUSPA,4.8082,73,32,Fragrance,Candles & Home Scents
Mokara Candle In Decorative Tin,VOLUSPA,3.75,4,26,Fragrance,Candles & Home Scents
Barbados Grapefruit Jar Candle,VOLUSPA,5,7,32,Fragrance,Candles & Home Scents
Sparkling Cuvee Glass Jar Candle,VOLUSPA,4.9648,142,34,Fragrance,Candles & Home Scents
Mini Apple Blue Clover Glass Jar Cande,VOLUSPA,4,15,20,Fragrance,Candles & Home Scents
Kalahari Watermelon Home Diffuser,VOLUSPA,4.7,30,30,Fragrance,Candles & Home Scents
Nissho-Soleil Home Diffuser,VOLUSPA,3.8889,9,30,Fragrance,Candles & Home Scents
Mini Candle Set,VOLUSPA,5,6,48,Fragrance,Candles & Home Scents
Mini Sparkling Cuvee Glass Jar Candle,VOLUSPA,4.1667,6,20,Fragrance,Candles & Home Scents
Mini Tin Candle Set,VOLUSPA,5,5,30,Fragrance,Candles & Home Scents
Mini Decorative Tin Trio,VOLUSPA,2.5,2,28,Mini Size,Value & Gift Sets
Forbidden Fig Decorative Tin Candle,VOLUSPA,3,5,26,Fragrance,Candles & Home Scents
Sparkling Cuvee Glass Home Diffuser,VOLUSPA,4.2,5,32,Fragrance,Candles & Home Scents
Mini Japonica Candle Set,VOLUSPA,,,85,Fragrance,Candles & Home Scents
Mini Panjore Lychee Glass Jar Candle,VOLUSPA,,,20,Fragrance,Candles & Home Scents
Mini Santal Vanille Glass Jar Candle,VOLUSPA,,,20,Fragrance,Candles & Home Scents
Baggage Claim Eye Masks,Wander Beauty,4.0796,490,26,Skincare,Eye Care
Nude Illusion Liquid Foundation,Wander Beauty,4.1,230,40,Makeup,Face
Wanderlust Powder Foundation,Wander Beauty,4.0729,288,40,Makeup,Face
Unlashed Volume & Curl Mascara,Wander Beauty,4.2124,386,12,Makeup,Eye
On-the-Glow Blush & Illuminator,Wander Beauty,4.7329,146,38,Makeup,Face
Mile High Club	 Length and Define Mascara,Wander Beauty,3.95,20,26,Makeup,Eye
Dualist Matte and Illuminating Concealer,Wander Beauty,4.2169,83,30,Makeup,Face
Flash Focus Hydrating Foundation Stick,Wander Beauty,4.1441,111,40,Makeup,Face
Mini Unlashed Volume and Curl Mascara,Wander Beauty,4.1699,206,12,Makeup,Mini Size
Baggage Claim Rose Gold Eye Masks,Wander Beauty,4.0986,71,26,Skincare,Eye Care
Upgraded Lashes Thickening Mascara,Wander Beauty,4.0965,114,26,Makeup,Eye
Lip Retreat Oil,Wander Beauty,4.4318,44,22,Makeup,Lip
Pack Up & Glow Priming Mineral SPF 40,Wander Beauty,4.25,4,36,Skincare,Sunscreen
SHIKULIME Mega Hydrating Moisturizer,WASO,4.6605,539,36,Skincare,Moisturizers
SHIKULIME Gel-to-Oil Cleanser,WASO,4.4249,506,28,Skincare,Cleansers
SATOCANE Pore Purifying Scrub Mask,WASO,4.5729,494,38,Skincare,Masks
SHIKULIME Color Control Oil-Free Moisturizer SPF 30,WASO,4.1776,490,36,Skincare,Moisturizers
YUZU-C Beauty Sleeping Mask,WASO,4.595,484,38,Skincare,Masks
KOSHIRICE Acne Calming Spot Treatment,WASO,4.2212,443,25,Skincare,Treatments
YUZU-C Eye Awakening Essence,WASO,4.4301,365,30,Skincare,Eye Care
YUZU-C Glow-On Shot Serum,WASO,4.4206,359,45,Skincare,Treatments
Baby Cheeks Lip + Cheek Cream Blush Stick,Westman Atelier,4.6051,471,48,Makeup,Cheek
Face Trace Cream Contour Stick,Westman Atelier,4.5061,326,48,Makeup,Face
Vital Skin Full Coverage Foundation and Concealer Stick,Westman Atelier,4.3154,764,68,Makeup,Face
Squeaky Clean Liquid Lip Hydrating Lip Balm,Westman Atelier,3.9588,97,38,Makeup,Lip
Vital Skincare Dewy Foundation Drops,Westman Atelier,4.0928,377,68,Makeup,Face
Mini Petite Lit Up Cream Highlighter Stick,Westman Atelier,4.05,40,25,Mini Size,Makeup
Lit Up Glow Highlighter Stick,Westman Atelier,4.1633,98,48,Makeup,Face
Vital Pressed Skincare Blurring Talc-Free Setting Powder,Westman Atelier,4.504,379,75,Makeup,Face
Super Loaded Tinted Cream Highlighter,Westman Atelier,3.9623,159,75,Makeup,Face
Mini Petite Face Trace Cream Contour Stick,Westman Atelier,3.8182,22,25,Makeup,Face
Eye Pods Eyeshadows,Westman Atelier,3.0339,59,88,Makeup,Eye
Lip Suede Lipstick Palette,Westman Atelier,3.875,56,85,Makeup,Lip
Beauty Butter Matte Powder Bronzer,Westman Atelier,3.8611,36,75,Makeup,Cheek
Eye Pod Eyeshadow Singles,Westman Atelier,3.04,25,32,Makeup,Eye
Clean Baby Blender Blush Brush,Westman Atelier,4.1667,12,64,Makeup,Cheek
Clean Highlighter Blender Brush,Westman Atelier,4.4545,11,125,Makeup,Brushes & Applicators
Bonne Brow Defining Brow Pencil,Westman Atelier,4,11,38,Makeup,Eye
Clean Foundation and Concealer Spot Check Brush,Westman Atelier,4.375,8,38,Makeup,Brushes & Applicators
Clean Liquid Blender Brush,Westman Atelier,3.3333,3,125,Makeup,Brushes & Applicators
Clean Foundation Brush,Westman Atelier,4,6,80,Makeup,Brushes & Applicators
Clean Lip Brush,Westman Atelier,5,5,38,Makeup,Brushes & Applicators
Eye Love You Volumizing Clean Mascara,Westman Atelier,2.9024,41,58,Makeup,Eye
Clean Powder Brush,Westman Atelier,3.7143,7,85,Makeup,Brushes & Applicators
Clean Eyeshadow I Brush,Westman Atelier,3.4,5,58,Makeup,Brushes & Applicators
Clean Eyeshadow II Brush,Westman Atelier,3.4,5,62,Makeup,Brushes & Applicators
"The Eye Love You Limited Edition Eye Shadow, Eye Liner and Mascara Holiday Gift Set",Westman Atelier,4.4,5,180,Makeup,Eye
Yo Glow AHA & BHA Facial Enzyme Scrub,Wishful,4.246,2207,39,Skincare,Cleansers
Mini Yo Glow AHA & BHA Facial Enzyme Scrub,Wishful,4.246,2207,21,Skincare,Mini Size
Honey Balm Niacinamide Moisturizer,Wishful,4.1887,657,43,Skincare,Moisturizers
Yo Detox Charcoal Face & Body Enzyme Scrub,Wishful,4.7554,462,39,Skincare,Cleansers
Thirst Trap Juice Hyaluronic Acid & Peptide Hydrating Facial Serum,Wishful,4.6106,434,47,Skincare,Treatments
Get Even Rose Face Oil,Wishful,4.3926,377,63,Skincare,Moisturizers
Honey Whip Peptide and Collagen Moisturizer,Wishful,4.5697,330,43,Skincare,Moisturizers
Pillowgasm Vitamin-Rich Cherry Glow Sleep Mask,Wishful,4.4154,65,39,Skincare,Masks
Lift & Contour 1% Bakuchiol & Peptide Eye Serum,Wishful,4,26,45,Skincare,Eye Care
Hydrate & Glow Trio,Wishful,2.8333,6,29,Skincare,Value & Gift Sets
Chris Collins Eau de Parfum Discovery Set,World of Chris Collins,3.7576,33,25,Fragrance,Value & Gift Sets
Lost in Paradise Eau de Parfum Travel Spray,World of Chris Collins,4.2,5,50,Fragrance,Women
Lost in Paradise Eau de Parfum,World of Chris Collins,4.2727,11,175,Fragrance,Women
Harlem Nights Eau de Parfum,World of Chris Collins,4.6667,6,175,Fragrance,Women
Long Kiss Goodnight Eau de Parfum,World of Chris Collins,4.1111,9,175,Fragrance,Women
Long Kiss Goodnight Eau de Parfum Travel Spray,World of Chris Collins,,,50,Fragrance,Women
Harlem Nights Eau de Parfum Travel Spray,World of Chris Collins,4,4,50,Fragrance,Women
Danse Sauvage Eau de Parfum,World of Chris Collins,4,6,175,Fragrance,Women
Citrus Grandis Eau de Parfum,World of Chris Collins,4.6,5,175,Fragrance,Women
Danse Sauvage Eau de Parfum Travel Spray,World of Chris Collins,4.5,2,50,Fragrance,Women
Citrus Grandis Eau de Parfum Travel Spray,World of Chris Collins,4,2,50,Fragrance,Women
Anima Voyageur Travel Trio Set,World of Chris Collins,,,130,Fragrance,Value & Gift Sets
Superfood Antioxidant Cleanser,Youth To The People,4.2112,5851,39,Skincare,Cleansers
Mini Superfood Antioxidant Cleanser,Youth To The People,4.2121,5841,14,Skincare,Mini Size
Superberry Hydrate + Glow Dream Night Mask with Vitamin C,Youth To The People,4.3237,2354,52,Skincare,Masks
Mini Superberry Hydrate + Glow Dream Mask,Youth To The People,4.3237,2354,18,Skincare,Mini Size
Adaptogen Deep Moisturizing Cream with Ashwagandha + Reishi,Youth To The People,4.3655,2071,58,Skincare,Moisturizers
Mini Adaptogen Deep Moisture Cream with Ashwagandha + Reishi,Youth To The People,4.3655,2071,18,Skincare,Mini Size
Superfood Air-Whip Lightweight Moisturizer with Hyaluronic Acid,Youth To The People,4.0491,1670,48,Skincare,Moisturizers
Superberry Hydrate + Glow Dream Oil,Youth To The People,4.5094,1062,48,Skincare,Moisturizers
15% Vitamin C + Clean Caffeine Energy Serum,Youth To The People,4.3984,989,69,Skincare,Treatments
Superberry Dream Cleansing Balm,Youth To The People,4.3869,628,39,Skincare,Cleansers
Yerba Mate Resurfacing + Exfoliating Energy Facial with Enzymes + Niacinamide,Youth To The People,4.4774,620,59,Skincare,Cleansers
Mini Mandelic Acid + Superfood Unity Exfoliant,Youth To The People,4.6747,584,16,Skincare,Cleansers
Dream Eye Cream with Vitamin C and Ceramides,Youth To The People,3.8645,546,48,Skincare,Eye Care
Triple Peptide Hydrating + Firming Oasis Serum with Hyaluronic Acid,Youth To The People,4.5142,459,54,Skincare,Treatments
Adaptogen Soothe + Hydrate Activated Mist with Peptides,Youth To The People,4.1878,394,42,Skincare,Moisturizers
Polypeptide-121 Future Cream with Peptides and Ceramides,Youth To The People,4.4403,377,68,Skincare,Moisturizers
Superclay Purify + Clear Power Mask with Niacinamide,Youth To The People,4.4595,346,38,Skincare,Masks
Superfood Hydrate + Firm Peptide Eye Cream,Youth To The People,3.6564,326,38,Skincare,Eye Care
Retinal + Niacinamide Youth Serum,Youth To The People,4.5841,315,69,Skincare,Treatments
Kombucha + 10% AHA Liquid Exfoliant with Lactic Acid and Glycolic Acid,Youth To The People,4.5926,81,42,Skincare,Cleansers
The Youth System,Youth To The People,4.5526,76,59,Skincare,Value & Gift Sets
Peptides + C Energy Eye Concentrate with Vitamin C and Caffeine,Youth To The People,4.8,45,48,Skincare,Eye Care
The Youth Vault: 13-Piece Vegan Skincare + Apparel Set,Youth To The People,4.875,8,340,Skincare,Value & Gift Sets
"Youth Stacks: Plump It Up for Dry, Dehydrated Skin",Youth To The People,4.1667,6,28,Skincare,Value & Gift Sets
Mini Mandelic Acid + Superfood Unity Exfoliant,Youth To The People,4.8,5,16,Skincare,Cleansers
Youth Stacks: Daily Skin Health Your Way for Pores and Oiliness,Youth To The People,4.25,4,20,Skincare,Value & Gift Sets
Youth Stacks: Brighter Tomorrow Duo for Dullness,Youth To The People,3,3,28,Skincare,Value & Gift Sets
Rouge Volupté Shine Lipstick Balm,Yves Saint Laurent,4.5384,3193,43,Makeup,Lip
Black Opium Eau de Parfum,Yves Saint Laurent,4.6369,7838,155,Fragrance,Women
Touche Éclat All-Over Brightening Concealer Pen,Yves Saint Laurent,4.3344,4360,40,Makeup,Face
Rouge Pur Couture Satin Lipstick Collection,Yves Saint Laurent,4.4553,918,45,Makeup,Lip
Libre Eau De Parfum,Yves Saint Laurent,4.5144,3550,130,Fragrance,Women
Vinyl Cream Lip Stain,Yves Saint Laurent,4.3574,596,45,Makeup,Lip
All Hours Luminous Matte Foundation 24H Longwear SPF 30 with Hyaluronic Acid,Yves Saint Laurent,4.4279,451,60,Makeup,Face
Mini Black Opium & Libre Eau de Parfum Set,Yves Saint Laurent,4.1789,95,30,Fragrance,Value & Gift Sets
Rouge Pur Couture The Slim Matte Lipstick,Yves Saint Laurent,4.5358,797,45,Makeup,Lip
Touche Eclat Blur Face Primer,Yves Saint Laurent,4.3769,2242,56,Makeup,Face
Mon Paris Eau de Parfum,Yves Saint Laurent,4.5842,1063,117,Fragrance,Women
NU BARE LOOK TINT Hydrating Skin Tint Foundation with Hyaluronic Acid,Yves Saint Laurent,4.5965,1150,44,Makeup,Face
Tatouage Couture Velvet Cream Matte Liquid Lipstick,Yves Saint Laurent,4.0973,226,45,Makeup,Lip
Libre Eau De Parfum Travel Spray,Yves Saint Laurent,4.5144,3550,34,Fragrance,Women
The Slim Velvet Radical Matte Lipstick,Yves Saint Laurent,4.5767,1264,45,Makeup,Lip
Touche Éclat High Cover Radiant Under-Eye Concealer,Yves Saint Laurent,4.0926,324,40,Makeup,Face
Candy Glaze Lip Gloss Stick,Yves Saint Laurent,4.5525,514,39,Makeup,Lip
LIBRE Eau de Parfum Intense,Yves Saint Laurent,4.6006,323,95,Fragrance,Women
The Slim Glow Matte Lipstick,Yves Saint Laurent,4.2743,175,39,Makeup,Lip
Lash Clash Extreme Volume Mascara,Yves Saint Laurent,4.2679,2165,29,Makeup,Eye
Y Eau de Parfum,Yves Saint Laurent,4.5523,2848,148,Fragrance,Men
L'Homme,Yves Saint Laurent,4.8405,909,89,Fragrance,Men
Mascara Volume Effet Faux Cils Volumizing Mascara,Yves Saint Laurent,3.897,427,29,Makeup,Eye
All Hours Concealer,Yves Saint Laurent,4.3714,350,34,Makeup,Face
The Bold High Pigment Lipstick,Yves Saint Laurent,4.402,1214,45,Makeup,Lip
YSL x Zoë Kravitz Rouge Pur Couture Satin Lipstick,Yves Saint Laurent,4.8163,49,38,Makeup,Lip
Libre Eau de Toilette,Yves Saint Laurent,4.7885,714,139,Fragrance,Women
Black Opium Eau de Parfum Extreme,Yves Saint Laurent,4.6192,323,155,Fragrance,Women
La Nuit De L’Homme,Yves Saint Laurent,4.7873,315,108,Fragrance,Men
Libre Le Parfum,Yves Saint Laurent,4.5714,889,149,Fragrance,Women
Black Opium Illicit Green Eau de Parfum,Yves Saint Laurent,4.5849,1313,138,Fragrance,Women
Libre Eau de Parfum Lifestyle Gift Set,Yves Saint Laurent,4,4,42,Fragrance,Value & Gift Sets
The Curler Lengthening and Curling Mascara,Yves Saint Laurent,4.2586,321,29,Makeup,Eye
NU LIP & CHEEK BALMY TINT with Hyaluronic Acid,Yves Saint Laurent,4.2408,299,28,Makeup,Cheek
Mon Paris Eau de Parfum Travel Spray,Yves Saint Laurent,4.4918,61,34,Fragrance,Women
NU GLOW IN BALM Face Priming Moisturizer with Shea Butter,Yves Saint Laurent,4.5893,224,39,Makeup,Face
Black Opium Shimmering Moisture Fluid For The Body,Yves Saint Laurent,3.9643,28,50,Bath & Body,Body Moisturizers
Mon Paris Intensement Eau de Parfum,Yves Saint Laurent,4.4865,37,136,Fragrance,Women
Mini Y Eau de Parfum & Eau de Toilette Set,Yves Saint Laurent,4.7143,7,30,Fragrance,Value & Gift Sets
Black Opium Set,Yves Saint Laurent,4.7143,7,82,Fragrance,Value & Gift Sets
All Over Glow Powder,Yves Saint Laurent,4.2803,132,48,Makeup,Face
Black Opium Le Parfum,Yves Saint Laurent,4.5875,1023,179,Fragrance,Women
Opium,Yves Saint Laurent,4.2712,177,77,Fragrance,Women
NU BLOTTING LOTION Pore Minimizer & Mattifying Primer with Salicylic Acid,Yves Saint Laurent,4.5079,189,39,Makeup,Face
NU TONE CORRECTOR Color Corrector with Vitamin E,Yves Saint Laurent,4.6131,137,34,Makeup,Face
Black Opium Le Parfum Travel Spray,Yves Saint Laurent,3.8462,13,34,Fragrance,Women
Y Le Parfum,Yves Saint Laurent,4.8403,313,188,Fragrance,Men
L'Homme Cologne Bleue,Yves Saint Laurent,4.6071,112,89,Fragrance,Men
Y Eau de Toilette,Yves Saint Laurent,4.7365,1203,120,Fragrance,Men
Mon Paris Couture Eau de Parfum,Yves Saint Laurent,4.6512,43,76,Fragrance,Women
Mon Paris Eau de Toilette Lumiere,Yves Saint Laurent,4.6214,346,99,Fragrance,Women
Mini Rouge Pur Couture Exclusive Set,Yves Saint Laurent,4.5,2,50,Makeup,Lip
L’Homme Parfum Intense,Yves Saint Laurent,4.5795,88,110,Fragrance,Men
Black Opium Perfume Gift Set,Yves Saint Laurent,5,2,85,Fragrance,Value & Gift Sets
L'Homme Le Parfum,Yves Saint Laurent,5,6,148,Fragrance,Men
Mascara Volume Effet Faux Cils Radical,Yves Saint Laurent,4.0192,104,29,Makeup,Eye
L’Homme Deodorant,Yves Saint Laurent,4.2857,21,24,Bath & Body,Body Care
Y Eau Fraiche,Yves Saint Laurent,4.7333,150,99,Fragrance,Men
Black Opium Gift Set,Yves Saint Laurent,3.5,2,150,Fragrance,Value & Gift Sets
Libre Eau de Parfum Gift Set,Yves Saint Laurent,5,1,148,Fragrance,Value & Gift Sets
Couture Clutch Eyeshadow Palette,Yves Saint Laurent,4.4286,7,150,Makeup,Eye
L'Homme Eau de Parfum,Yves Saint Laurent,4.6367,556,106,Fragrance,Men
Mon Paris Eau de Parfum Gift Set,Yves Saint Laurent,5,2,134,Fragrance,Value & Gift Sets
Y Eau de Parfum Gift Set,Yves Saint Laurent,,,167,Fragrance,Value & Gift Sets
Candy Glaze Lip Gloss Stick Duo with Hyaluronic Acid,Yves Saint Laurent,,,50,Makeup,Lip